[2026-06-09 13:17:24.246] [5293] [HailoRT] [info] [edge_elements.cpp:396] [run_pull] Reading from stream was aborted!
[2026-06-09 13:17:24.245] [5292] [HailoRT] [info] [vdevice_native_stream.cpp:331] [read_impl] Failed read from stream HAILO_STREAM_ABORT(63) (device: 0001:01:00.0)
[2026-06-09 13:17:24.246] [5292] [HailoRT] [info] [edge_elements.cpp:396] [run_pull] Reading from stream was aborted!
[2026-06-09 13:17:24.246] [5296] [HailoRT] [info] [vdevice_native_stream.cpp:331] [read_impl] Failed read from stream HAILO_STREAM_ABORT(63) (device: 0001:01:00.0)
[2026-06-09 13:17:24.246] [5293] [HailoRT] [info] [queue_elements.cpp:738] [run_in_thread] run_pull of queue element PullQEl_nms1yolov8s/conv52_97 was aborted!
[2026-06-09 13:17:24.246] [5296] [HailoRT] [info] [edge_elements.cpp:396] [run_pull] Reading from stream was aborted!
[2026-06-09 13:17:24.246] [5291] [HailoRT] [info] [edge_elements.cpp:396] [run_pull] Reading from stream was aborted!
[2026-06-09 13:17:24.246] [5292] [HailoRT] [info] [queue_elements.cpp:738] [run_in_thread] run_pull of queue element PullQEl_nms7yolov8s/conv42_97 was aborted!
[2026-06-09 13:17:24.246] [5296] [HailoRT] [info] [queue_elements.cpp:738] [run_in_thread] run_pull of queue element PullQEl_nms2yolov8s/conv63_97 was aborted!
[2026-06-09 13:17:24.246] [5291] [HailoRT] [info] [queue_elements.cpp:738] [run_in_thread] run_pull of queue element PullQEl_nms9yolov8s/conv41_97 was aborted!
[2026-06-09 13:17:24.246] [5297] [HailoRT] [info] [queue_elements.cpp:68] [operator()] Thread in element UserBufQEl_post_infer0yolov8s/yolov8_nms_postprocess is not running anymore, exiting..
[2026-06-09 13:17:24.246] [2224] [HailoRT] [info] [queue_elements.cpp:46] [~BaseQueueElement] Queue element UserBufQEl_post_infer0yolov8s/yolov8_nms_postprocess has 0 frames in his Queue on destruction
[2026-06-09 13:17:24.246] [5296] [HailoRT] [info] [queue_elements.cpp:68] [operator()] Thread in element PullQEl_nms2yolov8s/conv63_97 is not running anymore, exiting..
[2026-06-09 13:17:24.246] [2224] [HailoRT] [info] [queue_elements.cpp:46] [~BaseQueueElement] Queue element PullQEl_nms2yolov8s/conv63_97 has 0 frames in his Queue on destruction
[2026-06-09 13:17:24.246] [5295] [HailoRT] [info] [queue_elements.cpp:68] [operator()] Thread in element PullQEl_nms3yolov8s/conv62_97 is not running anymore, exiting..
[2026-06-09 13:17:24.246] [2224] [HailoRT] [info] [queue_elements.cpp:46] [~BaseQueueElement] Queue element PullQEl_nms3yolov8s/conv62_97 has 0 frames in his Queue on destruction
[2026-06-09 13:17:24.246] [5294] [HailoRT] [info] [queue_elements.cpp:68] [operator()] Thread in element PullQEl_nms0yolov8s/conv53_97 is not running anymore, exiting..
[2026-06-09 13:17:24.246] [2224] [HailoRT] [info] [queue_elements.cpp:46] [~BaseQueueElement] Queue element PullQEl_nms0yolov8s/conv53_97 has 0 frames in his Queue on destruction
[2026-06-09 13:17:24.246] [5293] [HailoRT] [info] [queue_elements.cpp:68] [operator()] Thread in element PullQEl_nms1yolov8s/conv52_97 is not running anymore, exiting..
[2026-06-09 13:17:24.246] [2224] [HailoRT] [info] [queue_elements.cpp:46] [~BaseQueueElement] Queue element PullQEl_nms1yolov8s/conv52_97 has 0 frames in his Queue on destruction
[2026-06-09 13:17:24.246] [5292] [HailoRT] [info] [queue_elements.cpp:68] [operator()] Thread in element PullQEl_nms7yolov8s/conv42_97 is not running anymore, exiting..
[2026-06-09 13:17:24.246] [2224] [HailoRT] [info] [queue_elements.cpp:46] [~BaseQueueElement] Queue element PullQEl_nms7yolov8s/conv42_97 has 0 frames in his Queue on destruction
[2026-06-09 13:17:24.246] [5291] [HailoRT] [info] [queue_elements.cpp:68] [operator()] Thread in element PullQEl_nms9yolov8s/conv41_97 is not running anymore, exiting..
[2026-06-09 13:17:24.246] [2224] [HailoRT] [info] [queue_elements.cpp:46] [~BaseQueueElement] Queue element PullQEl_nms9yolov8s/conv41_97 has 0 frames in his Queue on destruction
[2026-06-09 13:17:24.246] [5290] [HailoRT] [info] [queue_elements.cpp:68] [operator()] Thread in element PushQEl3yolov8s/input_layer1 is not running anymore, exiting..
[2026-06-09 13:17:24.246] [2224] [HailoRT] [info] [queue_elements.cpp:46] [~BaseQueueElement] Queue element PushQEl3yolov8s/input_layer1 has 0 frames in his Queue on destruction
[2026-06-09 13:17:24.247] [2224] [HailoRT] [info] [core_op.cpp:186] [deactivate] Deactivating took 0.568006 ms
[2026-06-09 13:17:24.247] [2224] [HailoRT] [info] [core_op.cpp:186] [deactivate] Deactivating took 0.575751 ms
[2026-06-09 13:17:27.111] [2224] [HailoRT] [info] [core_op.cpp:156] [activate] Activating yolov8s took 0.766383 milliseconds. Note that the function is asynchronous and thus the network is not fully activated yet.
[2026-06-09 13:17:27.111] [2224] [HailoRT] [info] [core_op.cpp:156] [activate] Activating yolov8s took 0.797621 milliseconds. Note that the function is asynchronous and thus the network is not fully activated yet.
[2026-06-09 13:17:27.111] [2224] [HailoRT] [info] [edge_elements.cpp:52] [create] Created (HwWriteEl3yolov8s/input_layer1 | hw_frame_size: 1228800)
[2026-06-09 13:17:27.111] [2224] [HailoRT] [info] [queue_elements.cpp:284] [create] Created (PushQEl3yolov8s/input_layer1 | timeout: 10s)
[2026-06-09 13:17:27.111] [2224] [HailoRT] [info] [filter_elements.cpp:101] [create] Created (PreInferEl3yolov8s/input_layer1 | Reorder - src_order: NHWC, src_shape: (640, 640, 3), dst_order: NHCW, dst_shape: (640, 640, 3))
[2026-06-09 13:17:27.111] [2224] [HailoRT] [info] [vstream.cpp:754] [InputVStreamImpl] Creating yolov8s/input_layer1...
[2026-06-09 13:17:27.111] [2224] [HailoRT] [info] [vstream_builder.cpp:102] [create_inputs] Input pipeline 'yolov8s/input_layer1': (PreInferEl3yolov8s/input_layer1 | Reorder - src_order: NHWC, src_shape: (640, 640, 3), dst_order: NHCW, dst_shape: (640, 640, 3)) >> (PushQEl3yolov8s/input_layer1 | timeout: 10s) >> (HwWriteEl3yolov8s/input_layer1 | hw_frame_size: 1228800) >> HW
[2026-06-09 13:17:27.111] [2224] [HailoRT] [info] [multi_io_elements.cpp:135] [create] Created (NmsPPMuxEl0YOLOV8-Post-Process | Op YOLOV8, Name: YOLOV8-Post-Process, Score threshold: 0.200, IoU threshold: 0.70, Classes: 80, Max bboxes per class: 100, Image height: 640, Image width: 640)
[2026-06-09 13:17:27.111] [2224] [HailoRT] [info] [edge_elements.cpp:287] [create] Created (HwReadEl9yolov8s/conv41_97 | hw_frame_size: 409600)
[2026-06-09 13:17:27.111] [2224] [HailoRT] [info] [queue_elements.cpp:657] [create] Created (PullQEl_nms9yolov8s/conv41_97 | timeout: 10s)
[2026-06-09 13:17:27.111] [2224] [HailoRT] [info] [edge_elements.cpp:287] [create] Created (HwReadEl7yolov8s/conv42_97 | hw_frame_size: 512000)
[2026-06-09 13:17:27.111] [2224] [HailoRT] [info] [queue_elements.cpp:657] [create] Created (PullQEl_nms7yolov8s/conv42_97 | timeout: 10s)
[2026-06-09 13:17:27.111] [2224] [HailoRT] [info] [edge_elements.cpp:287] [create] Created (HwReadEl1yolov8s/conv52_97 | hw_frame_size: 102400)
[2026-06-09 13:17:27.111] [2224] [HailoRT] [info] [queue_elements.cpp:657] [create] Created (PullQEl_nms1yolov8s/conv52_97 | timeout: 10s)
[2026-06-09 13:17:27.111] [2224] [HailoRT] [info] [edge_elements.cpp:287] [create] Created (HwReadEl0yolov8s/conv53_97 | hw_frame_size: 128000)
[2026-06-09 13:17:27.111] [2224] [HailoRT] [info] [queue_elements.cpp:657] [create] Created (PullQEl_nms0yolov8s/conv53_97 | timeout: 10s)
[2026-06-09 13:17:27.111] [2224] [HailoRT] [info] [edge_elements.cpp:287] [create] Created (HwReadEl3yolov8s/conv62_97 | hw_frame_size: 30720)
[2026-06-09 13:17:27.111] [2224] [HailoRT] [info] [queue_elements.cpp:657] [create] Created (PullQEl_nms3yolov8s/conv62_97 | timeout: 10s)
[2026-06-09 13:17:27.111] [2224] [HailoRT] [info] [edge_elements.cpp:287] [create] Created (HwReadEl2yolov8s/conv63_97 | hw_frame_size: 38400)
[2026-06-09 13:17:27.111] [2224] [HailoRT] [info] [queue_elements.cpp:657] [create] Created (PullQEl_nms2yolov8s/conv63_97 | timeout: 10s)
[2026-06-09 13:17:27.111] [2224] [HailoRT] [info] [queue_elements.cpp:800] [create] Created (UserBufQEl_post_infer0yolov8s/yolov8_nms_postprocess | timeout: 10s)
[2026-06-09 13:17:27.111] [2224] [HailoRT] [info] [vstream.cpp:1114] [OutputVStreamImpl] Creating yolov8s/yolov8_nms_postprocess...
[2026-06-09 13:17:27.111] [2224] [HailoRT] [info] [vstream_builder.cpp:622] [create_output_post_process_nms] Output pipeline 'yolov8s/yolov8_nms_postprocess': HW >> (HwReadEl9yolov8s/conv41_97 | hw_frame_size: 409600) >> (PullQEl_nms9yolov8s/conv41_97) >> (HwReadEl7yolov8s/conv42_97 | hw_frame_size: 512000) >> (PullQEl_nms7yolov8s/conv42_97) >> (HwReadEl1yolov8s/conv52_97 | hw_frame_size: 102400) >> (PullQEl_nms1yolov8s/conv52_97) >> (HwReadEl0yolov8s/conv53_97 | hw_frame_size: 128000) >> (PullQEl_nms0yolov8s/conv53_97) >> (HwReadEl3yolov8s/conv62_97 | hw_frame_size: 30720) >> (PullQEl_nms3yolov8s/conv62_97) >> (HwReadEl2yolov8s/conv63_97 | hw_frame_size: 38400) >> (PullQEl_nms2yolov8s/conv63_97) >> (NmsPPMuxEl0YOLOV8-Post-Process | Op YOLOV8, Name: YOLOV8-Post-Process, Score threshold: 0.200, IoU threshold: 0.70, Classes: 80, Max bboxes per class: 100, Image height: 640, Image width: 640) >> (UserBufQEl_post_infer0yolov8s/yolov8_nms_postprocess | timeout: 10s)
[2026-06-09 13:17:27.111] [5312] [HailoRT] [info] [vdevice_native_stream.cpp:331] [read_impl] Failed read from stream HAILO_STREAM_ABORT(63) (device: 0001:01:00.0)
[2026-06-09 13:17:27.111] [5313] [HailoRT] [info] [vdevice_native_stream.cpp:331] [read_impl] Failed read from stream HAILO_STREAM_ABORT(63) (device: 0001:01:00.0)
[2026-06-09 13:17:27.111] [5314] [HailoRT] [info] [vdevice_native_stream.cpp:331] [read_impl] Failed read from stream HAILO_STREAM_ABORT(63) (device: 0001:01:00.0)
[2026-06-09 13:17:27.111] [5313] [HailoRT] [info] [edge_elements.cpp:396] [run_pull] Reading from stream was aborted!
[2026-06-09 13:17:27.111] [5314] [HailoRT] [info] [edge_elements.cpp:396] [run_pull] Reading from stream was aborted!
[2026-06-09 13:17:27.111] [5315] [HailoRT] [info] [queue_elements.cpp:734] [run_in_thread] Shutdown event was signaled in run_pull of queue element PullQEl_nms3yolov8s/conv62_97!
[2026-06-09 13:17:27.111] [5314] [HailoRT] [info] [queue_elements.cpp:738] [run_in_thread] run_pull of queue element PullQEl_nms0yolov8s/conv53_97 was aborted!
[2026-06-09 13:17:27.111] [5311] [HailoRT] [info] [vdevice_native_stream.cpp:331] [read_impl] Failed read from stream HAILO_STREAM_ABORT(63) (device: 0001:01:00.0)
[2026-06-09 13:17:27.111] [5311] [HailoRT] [info] [edge_elements.cpp:396] [run_pull] Reading from stream was aborted!
[2026-06-09 13:17:27.111] [5313] [HailoRT] [info] [queue_elements.cpp:738] [run_in_thread] run_pull of queue element PullQEl_nms1yolov8s/conv52_97 was aborted!
[2026-06-09 13:17:27.111] [5316] [HailoRT] [info] [vdevice_native_stream.cpp:331] [read_impl] Failed read from stream HAILO_STREAM_ABORT(63) (device: 0001:01:00.0)
[2026-06-09 13:17:27.111] [5311] [HailoRT] [info] [queue_elements.cpp:738] [run_in_thread] run_pull of queue element PullQEl_nms9yolov8s/conv41_97 was aborted!
[2026-06-09 13:17:27.111] [5312] [HailoRT] [info] [edge_elements.cpp:396] [run_pull] Reading from stream was aborted!
[2026-06-09 13:17:27.111] [5316] [HailoRT] [info] [edge_elements.cpp:396] [run_pull] Reading from stream was aborted!
[2026-06-09 13:17:27.111] [5312] [HailoRT] [info] [queue_elements.cpp:738] [run_in_thread] run_pull of queue element PullQEl_nms7yolov8s/conv42_97 was aborted!
[2026-06-09 13:17:27.111] [5316] [HailoRT] [info] [queue_elements.cpp:738] [run_in_thread] run_pull of queue element PullQEl_nms2yolov8s/conv63_97 was aborted!
[2026-06-09 13:17:27.112] [5317] [HailoRT] [info] [queue_elements.cpp:68] [operator()] Thread in element UserBufQEl_post_infer0yolov8s/yolov8_nms_postprocess is not running anymore, exiting..
[2026-06-09 13:17:27.112] [2224] [HailoRT] [info] [queue_elements.cpp:46] [~BaseQueueElement] Queue element UserBufQEl_post_infer0yolov8s/yolov8_nms_postprocess has 0 frames in his Queue on destruction
[2026-06-09 13:17:27.112] [5316] [HailoRT] [info] [queue_elements.cpp:68] [operator()] Thread in element PullQEl_nms2yolov8s/conv63_97 is not running anymore, exiting..
[2026-06-09 13:17:27.112] [2224] [HailoRT] [info] [queue_elements.cpp:46] [~BaseQueueElement] Queue element PullQEl_nms2yolov8s/conv63_97 has 0 frames in his Queue on destruction
[2026-06-09 13:17:27.112] [5315] [HailoRT] [info] [queue_elements.cpp:68] [operator()] Thread in element PullQEl_nms3yolov8s/conv62_97 is not running anymore, exiting..
[2026-06-09 13:17:27.112] [2224] [HailoRT] [info] [queue_elements.cpp:46] [~BaseQueueElement] Queue element PullQEl_nms3yolov8s/conv62_97 has 0 frames in his Queue on destruction
[2026-06-09 13:17:27.112] [5314] [HailoRT] [info] [queue_elements.cpp:68] [operator()] Thread in element PullQEl_nms0yolov8s/conv53_97 is not running anymore, exiting..
[2026-06-09 13:17:27.112] [2224] [HailoRT] [info] [queue_elements.cpp:46] [~BaseQueueElement] Queue element PullQEl_nms0yolov8s/conv53_97 has 0 frames in his Queue on destruction
[2026-06-09 13:17:27.112] [5313] [HailoRT] [info] [queue_elements.cpp:68] [operator()] Thread in element PullQEl_nms1yolov8s/conv52_97 is not running anymore, exiting..
[2026-06-09 13:17:27.112] [2224] [HailoRT] [info] [queue_elements.cpp:46] [~BaseQueueElement] Queue element PullQEl_nms1yolov8s/conv52_97 has 0 frames in his Queue on destruction
[2026-06-09 13:17:27.112] [5312] [HailoRT] [info] [queue_elements.cpp:68] [operator()] Thread in element PullQEl_nms7yolov8s/conv42_97 is not running anymore, exiting..
[2026-06-09 13:17:27.112] [2224] [HailoRT] [info] [queue_elements.cpp:46] [~BaseQueueElement] Queue element PullQEl_nms7yolov8s/conv42_97 has 0 frames in his Queue on destruction
[2026-06-09 13:17:27.112] [5311] [HailoRT] [info] [queue_elements.cpp:68] [operator()] Thread in element PullQEl_nms9yolov8s/conv41_97 is not running anymore, exiting..
[2026-06-09 13:17:27.112] [2224] [HailoRT] [info] [queue_elements.cpp:46] [~BaseQueueElement] Queue element PullQEl_nms9yolov8s/conv41_97 has 0 frames in his Queue on destruction
[2026-06-09 13:17:27.112] [5310] [HailoRT] [info] [queue_elements.cpp:68] [operator()] Thread in element PushQEl3yolov8s/input_layer1 is not running anymore, exiting..
[2026-06-09 13:17:27.112] [2224] [HailoRT] [info] [queue_elements.cpp:46] [~BaseQueueElement] Queue element PushQEl3yolov8s/input_layer1 has 0 frames in his Queue on destruction
[2026-06-09 13:17:27.112] [2224] [HailoRT] [info] [core_op.cpp:186] [deactivate] Deactivating took 0.613103 ms
[2026-06-09 13:17:27.112] [2224] [HailoRT] [info] [core_op.cpp:186] [deactivate] Deactivating took 0.620569 ms
[2026-06-09 13:17:29.805] [2224] [HailoRT] [info] [core_op.cpp:156] [activate] Activating yolov8s took 0.725307 milliseconds. Note that the function is asynchronous and thus the network is not fully activated yet.
[2026-06-09 13:17:29.805] [2224] [HailoRT] [info] [core_op.cpp:156] [activate] Activating yolov8s took 0.75258 milliseconds. Note that the function is asynchronous and thus the network is not fully activated yet.
[2026-06-09 13:17:29.805] [2224] [HailoRT] [info] [edge_elements.cpp:52] [create] Created (HwWriteEl3yolov8s/input_layer1 | hw_frame_size: 1228800)
[2026-06-09 13:17:29.805] [2224] [HailoRT] [info] [queue_elements.cpp:284] [create] Created (PushQEl3yolov8s/input_layer1 | timeout: 10s)
[2026-06-09 13:17:29.805] [2224] [HailoRT] [info] [filter_elements.cpp:101] [create] Created (PreInferEl3yolov8s/input_layer1 | Reorder - src_order: NHWC, src_shape: (640, 640, 3), dst_order: NHCW, dst_shape: (640, 640, 3))
[2026-06-09 13:17:29.805] [2224] [HailoRT] [info] [vstream.cpp:754] [InputVStreamImpl] Creating yolov8s/input_layer1...
[2026-06-09 13:17:29.805] [2224] [HailoRT] [info] [vstream_builder.cpp:102] [create_inputs] Input pipeline 'yolov8s/input_layer1': (PreInferEl3yolov8s/input_layer1 | Reorder - src_order: NHWC, src_shape: (640, 640, 3), dst_order: NHCW, dst_shape: (640, 640, 3)) >> (PushQEl3yolov8s/input_layer1 | timeout: 10s) >> (HwWriteEl3yolov8s/input_layer1 | hw_frame_size: 1228800) >> HW
[2026-06-09 13:17:29.805] [2224] [HailoRT] [info] [multi_io_elements.cpp:135] [create] Created (NmsPPMuxEl0YOLOV8-Post-Process | Op YOLOV8, Name: YOLOV8-Post-Process, Score threshold: 0.200, IoU threshold: 0.70, Classes: 80, Max bboxes per class: 100, Image height: 640, Image width: 640)
[2026-06-09 13:17:29.805] [2224] [HailoRT] [info] [edge_elements.cpp:287] [create] Created (HwReadEl9yolov8s/conv41_97 | hw_frame_size: 409600)
[2026-06-09 13:17:29.805] [2224] [HailoRT] [info] [queue_elements.cpp:657] [create] Created (PullQEl_nms9yolov8s/conv41_97 | timeout: 10s)
[2026-06-09 13:17:29.805] [2224] [HailoRT] [info] [edge_elements.cpp:287] [create] Created (HwReadEl7yolov8s/conv42_97 | hw_frame_size: 512000)
[2026-06-09 13:17:29.805] [2224] [HailoRT] [info] [queue_elements.cpp:657] [create] Created (PullQEl_nms7yolov8s/conv42_97 | timeout: 10s)
[2026-06-09 13:17:29.805] [2224] [HailoRT] [info] [edge_elements.cpp:287] [create] Created (HwReadEl1yolov8s/conv52_97 | hw_frame_size: 102400)
[2026-06-09 13:17:29.805] [2224] [HailoRT] [info] [queue_elements.cpp:657] [create] Created (PullQEl_nms1yolov8s/conv52_97 | timeout: 10s)
[2026-06-09 13:17:29.805] [2224] [HailoRT] [info] [edge_elements.cpp:287] [create] Created (HwReadEl0yolov8s/conv53_97 | hw_frame_size: 128000)
[2026-06-09 13:17:29.805] [2224] [HailoRT] [info] [queue_elements.cpp:657] [create] Created (PullQEl_nms0yolov8s/conv53_97 | timeout: 10s)
[2026-06-09 13:17:29.805] [2224] [HailoRT] [info] [edge_elements.cpp:287] [create] Created (HwReadEl3yolov8s/conv62_97 | hw_frame_size: 30720)
[2026-06-09 13:17:29.805] [2224] [HailoRT] [info] [queue_elements.cpp:657] [create] Created (PullQEl_nms3yolov8s/conv62_97 | timeout: 10s)
[2026-06-09 13:17:29.805] [2224] [HailoRT] [info] [edge_elements.cpp:287] [create] Created (HwReadEl2yolov8s/conv63_97 | hw_frame_size: 38400)
[2026-06-09 13:17:29.805] [2224] [HailoRT] [info] [queue_elements.cpp:657] [create] Created (PullQEl_nms2yolov8s/conv63_97 | timeout: 10s)
[2026-06-09 13:17:29.805] [2224] [HailoRT] [info] [queue_elements.cpp:800] [create] Created (UserBufQEl_post_infer0yolov8s/yolov8_nms_postprocess | timeout: 10s)
[2026-06-09 13:17:29.805] [2224] [HailoRT] [info] [vstream.cpp:1114] [OutputVStreamImpl] Creating yolov8s/yolov8_nms_postprocess...
[2026-06-09 13:17:29.805] [2224] [HailoRT] [info] [vstream_builder.cpp:622] [create_output_post_process_nms] Output pipeline 'yolov8s/yolov8_nms_postprocess': HW >> (HwReadEl9yolov8s/conv41_97 | hw_frame_size: 409600) >> (PullQEl_nms9yolov8s/conv41_97) >> (HwReadEl7yolov8s/conv42_97 | hw_frame_size: 512000) >> (PullQEl_nms7yolov8s/conv42_97) >> (HwReadEl1yolov8s/conv52_97 | hw_frame_size: 102400) >> (PullQEl_nms1yolov8s/conv52_97) >> (HwReadEl0yolov8s/conv53_97 | hw_frame_size: 128000) >> (PullQEl_nms0yolov8s/conv53_97) >> (HwReadEl3yolov8s/conv62_97 | hw_frame_size: 30720) >> (PullQEl_nms3yolov8s/conv62_97) >> (HwReadEl2yolov8s/conv63_97 | hw_frame_size: 38400) >> (PullQEl_nms2yolov8s/conv63_97) >> (NmsPPMuxEl0YOLOV8-Post-Process | Op YOLOV8, Name: YOLOV8-Post-Process, Score threshold: 0.200, IoU threshold: 0.70, Classes: 80, Max bboxes per class: 100, Image height: 640, Image width: 640) >> (UserBufQEl_post_infer0yolov8s/yolov8_nms_postprocess | timeout: 10s)
[2026-06-09 13:17:29.806] [5334] [HailoRT] [info] [vdevice_native_stream.cpp:331] [read_impl] Failed read from stream HAILO_STREAM_ABORT(63) (device: 0001:01:00.0)
[2026-06-09 13:17:29.806] [5334] [HailoRT] [info] [edge_elements.cpp:396] [run_pull] Reading from stream was aborted!
[2026-06-09 13:17:29.806] [5335] [HailoRT] [info] [queue_elements.cpp:734] [run_in_thread] Shutdown event was signaled in run_pull of queue element PullQEl_nms0yolov8s/conv53_97!
[2026-06-09 13:17:29.806] [5332] [HailoRT] [info] [vdevice_native_stream.cpp:331] [read_impl] Failed read from stream HAILO_STREAM_ABORT(63) (device: 0001:01:00.0)
[2026-06-09 13:17:29.806] [5334] [HailoRT] [info] [queue_elements.cpp:738] [run_in_thread] run_pull of queue element PullQEl_nms1yolov8s/conv52_97 was aborted!
[2026-06-09 13:17:29.806] [5333] [HailoRT] [info] [vdevice_native_stream.cpp:331] [read_impl] Failed read from stream HAILO_STREAM_ABORT(63) (device: 0001:01:00.0)
[2026-06-09 13:17:29.806] [5336] [HailoRT] [info] [queue_elements.cpp:734] [run_in_thread] Shutdown event was signaled in run_pull of queue element PullQEl_nms3yolov8s/conv62_97!
[2026-06-09 13:17:29.806] [5333] [HailoRT] [info] [edge_elements.cpp:396] [run_pull] Reading from stream was aborted!
[2026-06-09 13:17:29.806] [5337] [HailoRT] [info] [vdevice_native_stream.cpp:331] [read_impl] Failed read from stream HAILO_STREAM_ABORT(63) (device: 0001:01:00.0)
[2026-06-09 13:17:29.806] [5337] [HailoRT] [info] [edge_elements.cpp:396] [run_pull] Reading from stream was aborted!
[2026-06-09 13:17:29.806] [5333] [HailoRT] [info] [queue_elements.cpp:738] [run_in_thread] run_pull of queue element PullQEl_nms7yolov8s/conv42_97 was aborted!
[2026-06-09 13:17:29.806] [5337] [HailoRT] [info] [queue_elements.cpp:738] [run_in_thread] run_pull of queue element PullQEl_nms2yolov8s/conv63_97 was aborted!
[2026-06-09 13:17:29.806] [5332] [HailoRT] [info] [edge_elements.cpp:396] [run_pull] Reading from stream was aborted!
[2026-06-09 13:17:29.806] [5332] [HailoRT] [info] [queue_elements.cpp:738] [run_in_thread] run_pull of queue element PullQEl_nms9yolov8s/conv41_97 was aborted!
[2026-06-09 13:17:29.806] [5338] [HailoRT] [info] [queue_elements.cpp:68] [operator()] Thread in element UserBufQEl_post_infer0yolov8s/yolov8_nms_postprocess is not running anymore, exiting..
[2026-06-09 13:17:29.806] [2224] [HailoRT] [info] [queue_elements.cpp:46] [~BaseQueueElement] Queue element UserBufQEl_post_infer0yolov8s/yolov8_nms_postprocess has 0 frames in his Queue on destruction
[2026-06-09 13:17:29.806] [5337] [HailoRT] [info] [queue_elements.cpp:68] [operator()] Thread in element PullQEl_nms2yolov8s/conv63_97 is not running anymore, exiting..
[2026-06-09 13:17:29.806] [2224] [HailoRT] [info] [queue_elements.cpp:46] [~BaseQueueElement] Queue element PullQEl_nms2yolov8s/conv63_97 has 0 frames in his Queue on destruction
[2026-06-09 13:17:29.806] [5336] [HailoRT] [info] [queue_elements.cpp:68] [operator()] Thread in element PullQEl_nms3yolov8s/conv62_97 is not running anymore, exiting..
[2026-06-09 13:17:29.806] [2224] [HailoRT] [info] [queue_elements.cpp:46] [~BaseQueueElement] Queue element PullQEl_nms3yolov8s/conv62_97 has 0 frames in his Queue on destruction
[2026-06-09 13:17:29.806] [5335] [HailoRT] [info] [queue_elements.cpp:68] [operator()] Thread in element PullQEl_nms0yolov8s/conv53_97 is not running anymore, exiting..
[2026-06-09 13:17:29.806] [2224] [HailoRT] [info] [queue_elements.cpp:46] [~BaseQueueElement] Queue element PullQEl_nms0yolov8s/conv53_97 has 0 frames in his Queue on destruction
[2026-06-09 13:17:29.806] [5334] [HailoRT] [info] [queue_elements.cpp:68] [operator()] Thread in element PullQEl_nms1yolov8s/conv52_97 is not running anymore, exiting..
[2026-06-09 13:17:29.806] [2224] [HailoRT] [info] [queue_elements.cpp:46] [~BaseQueueElement] Queue element PullQEl_nms1yolov8s/conv52_97 has 0 frames in his Queue on destruction
[2026-06-09 13:17:29.806] [5333] [HailoRT] [info] [queue_elements.cpp:68] [operator()] Thread in element PullQEl_nms7yolov8s/conv42_97 is not running anymore, exiting..
[2026-06-09 13:17:29.806] [2224] [HailoRT] [info] [queue_elements.cpp:46] [~BaseQueueElement] Queue element PullQEl_nms7yolov8s/conv42_97 has 0 frames in his Queue on destruction
[2026-06-09 13:17:29.806] [5332] [HailoRT] [info] [queue_elements.cpp:68] [operator()] Thread in element PullQEl_nms9yolov8s/conv41_97 is not running anymore, exiting..
[2026-06-09 13:17:29.806] [2224] [HailoRT] [info] [queue_elements.cpp:46] [~BaseQueueElement] Queue element PullQEl_nms9yolov8s/conv41_97 has 0 frames in his Queue on destruction
[2026-06-09 13:17:29.806] [5331] [HailoRT] [info] [queue_elements.cpp:68] [operator()] Thread in element PushQEl3yolov8s/input_layer1 is not running anymore, exiting..
[2026-06-09 13:17:29.806] [2224] [HailoRT] [info] [queue_elements.cpp:46] [~BaseQueueElement] Queue element PushQEl3yolov8s/input_layer1 has 0 frames in his Queue on destruction
[2026-06-09 13:17:29.807] [2224] [HailoRT] [info] [core_op.cpp:186] [deactivate] Deactivating took 0.655124 ms
[2026-06-09 13:17:29.807] [2224] [HailoRT] [info] [core_op.cpp:186] [deactivate] Deactivating took 0.662275 ms
[2026-06-09 13:17:32.660] [2224] [HailoRT] [info] [core_op.cpp:156] [activate] Activating yolov8s took 0.736572 milliseconds. Note that the function is asynchronous and thus the network is not fully activated yet.
[2026-06-09 13:17:32.660] [2224] [HailoRT] [info] [core_op.cpp:156] [activate] Activating yolov8s took 0.764771 milliseconds. Note that the function is asynchronous and thus the network is not fully activated yet.
[2026-06-09 13:17:32.660] [2224] [HailoRT] [info] [edge_elements.cpp:52] [create] Created (HwWriteEl3yolov8s/input_layer1 | hw_frame_size: 1228800)
[2026-06-09 13:17:32.660] [2224] [HailoRT] [info] [queue_elements.cpp:284] [create] Created (PushQEl3yolov8s/input_layer1 | timeout: 10s)
[2026-06-09 13:17:32.660] [2224] [HailoRT] [info] [filter_elements.cpp:101] [create] Created (PreInferEl3yolov8s/input_layer1 | Reorder - src_order: NHWC, src_shape: (640, 640, 3), dst_order: NHCW, dst_shape: (640, 640, 3))
[2026-06-09 13:17:32.660] [2224] [HailoRT] [info] [vstream.cpp:754] [InputVStreamImpl] Creating yolov8s/input_layer1...
[2026-06-09 13:17:32.660] [2224] [HailoRT] [info] [vstream_builder.cpp:102] [create_inputs] Input pipeline 'yolov8s/input_layer1': (PreInferEl3yolov8s/input_layer1 | Reorder - src_order: NHWC, src_shape: (640, 640, 3), dst_order: NHCW, dst_shape: (640, 640, 3)) >> (PushQEl3yolov8s/input_layer1 | timeout: 10s) >> (HwWriteEl3yolov8s/input_layer1 | hw_frame_size: 1228800) >> HW
[2026-06-09 13:17:32.660] [2224] [HailoRT] [info] [multi_io_elements.cpp:135] [create] Created (NmsPPMuxEl0YOLOV8-Post-Process | Op YOLOV8, Name: YOLOV8-Post-Process, Score threshold: 0.200, IoU threshold: 0.70, Classes: 80, Max bboxes per class: 100, Image height: 640, Image width: 640)
[2026-06-09 13:17:32.660] [2224] [HailoRT] [info] [edge_elements.cpp:287] [create] Created (HwReadEl9yolov8s/conv41_97 | hw_frame_size: 409600)
[2026-06-09 13:17:32.660] [2224] [HailoRT] [info] [queue_elements.cpp:657] [create] Created (PullQEl_nms9yolov8s/conv41_97 | timeout: 10s)
[2026-06-09 13:17:32.660] [2224] [HailoRT] [info] [edge_elements.cpp:287] [create] Created (HwReadEl7yolov8s/conv42_97 | hw_frame_size: 512000)
[2026-06-09 13:17:32.660] [2224] [HailoRT] [info] [queue_elements.cpp:657] [create] Created (PullQEl_nms7yolov8s/conv42_97 | timeout: 10s)
[2026-06-09 13:17:32.660] [2224] [HailoRT] [info] [edge_elements.cpp:287] [create] Created (HwReadEl1yolov8s/conv52_97 | hw_frame_size: 102400)
[2026-06-09 13:17:32.660] [2224] [HailoRT] [info] [queue_elements.cpp:657] [create] Created (PullQEl_nms1yolov8s/conv52_97 | timeout: 10s)
[2026-06-09 13:17:32.660] [2224] [HailoRT] [info] [edge_elements.cpp:287] [create] Created (HwReadEl0yolov8s/conv53_97 | hw_frame_size: 128000)
[2026-06-09 13:17:32.660] [2224] [HailoRT] [info] [queue_elements.cpp:657] [create] Created (PullQEl_nms0yolov8s/conv53_97 | timeout: 10s)
[2026-06-09 13:17:32.660] [2224] [HailoRT] [info] [edge_elements.cpp:287] [create] Created (HwReadEl3yolov8s/conv62_97 | hw_frame_size: 30720)
[2026-06-09 13:17:32.660] [2224] [HailoRT] [info] [queue_elements.cpp:657] [create] Created (PullQEl_nms3yolov8s/conv62_97 | timeout: 10s)
[2026-06-09 13:17:32.660] [2224] [HailoRT] [info] [edge_elements.cpp:287] [create] Created (HwReadEl2yolov8s/conv63_97 | hw_frame_size: 38400)
[2026-06-09 13:17:32.661] [2224] [HailoRT] [info] [queue_elements.cpp:657] [create] Created (PullQEl_nms2yolov8s/conv63_97 | timeout: 10s)
[2026-06-09 13:17:32.661] [2224] [HailoRT] [info] [queue_elements.cpp:800] [create] Created (UserBufQEl_post_infer0yolov8s/yolov8_nms_postprocess | timeout: 10s)
[2026-06-09 13:17:32.661] [2224] [HailoRT] [info] [vstream.cpp:1114] [OutputVStreamImpl] Creating yolov8s/yolov8_nms_postprocess...
[2026-06-09 13:17:32.661] [2224] [HailoRT] [info] [vstream_builder.cpp:622] [create_output_post_process_nms] Output pipeline 'yolov8s/yolov8_nms_postprocess': HW >> (HwReadEl9yolov8s/conv41_97 | hw_frame_size: 409600) >> (PullQEl_nms9yolov8s/conv41_97) >> (HwReadEl7yolov8s/conv42_97 | hw_frame_size: 512000) >> (PullQEl_nms7yolov8s/conv42_97) >> (HwReadEl1yolov8s/conv52_97 | hw_frame_size: 102400) >> (PullQEl_nms1yolov8s/conv52_97) >> (HwReadEl0yolov8s/conv53_97 | hw_frame_size: 128000) >> (PullQEl_nms0yolov8s/conv53_97) >> (HwReadEl3yolov8s/conv62_97 | hw_frame_size: 30720) >> (PullQEl_nms3yolov8s/conv62_97) >> (HwReadEl2yolov8s/conv63_97 | hw_frame_size: 38400) >> (PullQEl_nms2yolov8s/conv63_97) >> (NmsPPMuxEl0YOLOV8-Post-Process | Op YOLOV8, Name: YOLOV8-Post-Process, Score threshold: 0.200, IoU threshold: 0.70, Classes: 80, Max bboxes per class: 100, Image height: 640, Image width: 640) >> (UserBufQEl_post_infer0yolov8s/yolov8_nms_postprocess | timeout: 10s)
[2026-06-09 13:17:32.661] [5356] [HailoRT] [info] [vdevice_native_stream.cpp:331] [read_impl] Failed read from stream HAILO_STREAM_ABORT(63) (device: 0001:01:00.0)
[2026-06-09 13:17:32.661] [5358] [HailoRT] [info] [vdevice_native_stream.cpp:331] [read_impl] Failed read from stream HAILO_STREAM_ABORT(63) (device: 0001:01:00.0)
[2026-06-09 13:17:32.661] [5358] [HailoRT] [info] [edge_elements.cpp:396] [run_pull] Reading from stream was aborted!
[2026-06-09 13:17:32.661] [5360] [HailoRT] [info] [vdevice_native_stream.cpp:331] [read_impl] Failed read from stream HAILO_STREAM_ABORT(63) (device: 0001:01:00.0)
[2026-06-09 13:17:32.661] [5357] [HailoRT] [info] [vdevice_native_stream.cpp:331] [read_impl] Failed read from stream HAILO_STREAM_ABORT(63) (device: 0001:01:00.0)
[2026-06-09 13:17:32.661] [5361] [HailoRT] [info] [vdevice_native_stream.cpp:331] [read_impl] Failed read from stream HAILO_STREAM_ABORT(63) (device: 0001:01:00.0)
[2026-06-09 13:17:32.661] [5358] [HailoRT] [info] [queue_elements.cpp:738] [run_in_thread] run_pull of queue element PullQEl_nms1yolov8s/conv52_97 was aborted!
[2026-06-09 13:17:32.661] [5359] [HailoRT] [info] [vdevice_native_stream.cpp:331] [read_impl] Failed read from stream HAILO_STREAM_ABORT(63) (device: 0001:01:00.0)
[2026-06-09 13:17:32.661] [5359] [HailoRT] [info] [edge_elements.cpp:396] [run_pull] Reading from stream was aborted!
[2026-06-09 13:17:32.661] [5360] [HailoRT] [info] [edge_elements.cpp:396] [run_pull] Reading from stream was aborted!
[2026-06-09 13:17:32.661] [5357] [HailoRT] [info] [edge_elements.cpp:396] [run_pull] Reading from stream was aborted!
[2026-06-09 13:17:32.661] [5360] [HailoRT] [info] [queue_elements.cpp:738] [run_in_thread] run_pull of queue element PullQEl_nms3yolov8s/conv62_97 was aborted!
[2026-06-09 13:17:32.661] [5356] [HailoRT] [info] [edge_elements.cpp:396] [run_pull] Reading from stream was aborted!
[2026-06-09 13:17:32.661] [5359] [HailoRT] [info] [queue_elements.cpp:738] [run_in_thread] run_pull of queue element PullQEl_nms0yolov8s/conv53_97 was aborted!
[2026-06-09 13:17:32.661] [5357] [HailoRT] [info] [queue_elements.cpp:738] [run_in_thread] run_pull of queue element PullQEl_nms7yolov8s/conv42_97 was aborted!
[2026-06-09 13:17:32.661] [5356] [HailoRT] [info] [queue_elements.cpp:738] [run_in_thread] run_pull of queue element PullQEl_nms9yolov8s/conv41_97 was aborted!
[2026-06-09 13:17:32.661] [5361] [HailoRT] [info] [edge_elements.cpp:396] [run_pull] Reading from stream was aborted!
[2026-06-09 13:17:32.661] [5361] [HailoRT] [info] [queue_elements.cpp:738] [run_in_thread] run_pull of queue element PullQEl_nms2yolov8s/conv63_97 was aborted!
[2026-06-09 13:17:32.661] [5362] [HailoRT] [info] [queue_elements.cpp:68] [operator()] Thread in element UserBufQEl_post_infer0yolov8s/yolov8_nms_postprocess is not running anymore, exiting..
[2026-06-09 13:17:32.661] [2224] [HailoRT] [info] [queue_elements.cpp:46] [~BaseQueueElement] Queue element UserBufQEl_post_infer0yolov8s/yolov8_nms_postprocess has 0 frames in his Queue on destruction
[2026-06-09 13:17:32.661] [5361] [HailoRT] [info] [queue_elements.cpp:68] [operator()] Thread in element PullQEl_nms2yolov8s/conv63_97 is not running anymore, exiting..
[2026-06-09 13:17:32.661] [2224] [HailoRT] [info] [queue_elements.cpp:46] [~BaseQueueElement] Queue element PullQEl_nms2yolov8s/conv63_97 has 0 frames in his Queue on destruction
[2026-06-09 13:17:32.661] [5360] [HailoRT] [info] [queue_elements.cpp:68] [operator()] Thread in element PullQEl_nms3yolov8s/conv62_97 is not running anymore, exiting..
[2026-06-09 13:17:32.661] [2224] [HailoRT] [info] [queue_elements.cpp:46] [~BaseQueueElement] Queue element PullQEl_nms3yolov8s/conv62_97 has 0 frames in his Queue on destruction
[2026-06-09 13:17:32.661] [5359] [HailoRT] [info] [queue_elements.cpp:68] [operator()] Thread in element PullQEl_nms0yolov8s/conv53_97 is not running anymore, exiting..
[2026-06-09 13:17:32.661] [2224] [HailoRT] [info] [queue_elements.cpp:46] [~BaseQueueElement] Queue element PullQEl_nms0yolov8s/conv53_97 has 0 frames in his Queue on destruction
[2026-06-09 13:17:32.661] [5358] [HailoRT] [info] [queue_elements.cpp:68] [operator()] Thread in element PullQEl_nms1yolov8s/conv52_97 is not running anymore, exiting..
[2026-06-09 13:17:32.661] [2224] [HailoRT] [info] [queue_elements.cpp:46] [~BaseQueueElement] Queue element PullQEl_nms1yolov8s/conv52_97 has 0 frames in his Queue on destruction
[2026-06-09 13:17:32.661] [5357] [HailoRT] [info] [queue_elements.cpp:68] [operator()] Thread in element PullQEl_nms7yolov8s/conv42_97 is not running anymore, exiting..
[2026-06-09 13:17:32.661] [2224] [HailoRT] [info] [queue_elements.cpp:46] [~BaseQueueElement] Queue element PullQEl_nms7yolov8s/conv42_97 has 0 frames in his Queue on destruction
[2026-06-09 13:17:32.661] [5356] [HailoRT] [info] [queue_elements.cpp:68] [operator()] Thread in element PullQEl_nms9yolov8s/conv41_97 is not running anymore, exiting..
[2026-06-09 13:17:32.661] [2224] [HailoRT] [info] [queue_elements.cpp:46] [~BaseQueueElement] Queue element PullQEl_nms9yolov8s/conv41_97 has 0 frames in his Queue on destruction
[2026-06-09 13:17:32.661] [5355] [HailoRT] [info] [queue_elements.cpp:68] [operator()] Thread in element PushQEl3yolov8s/input_layer1 is not running anymore, exiting..
[2026-06-09 13:17:32.661] [2224] [HailoRT] [info] [queue_elements.cpp:46] [~BaseQueueElement] Queue element PushQEl3yolov8s/input_layer1 has 0 frames in his Queue on destruction
[2026-06-09 13:17:32.662] [2224] [HailoRT] [info] [core_op.cpp:186] [deactivate] Deactivating took 0.653271 ms
[2026-06-09 13:17:32.662] [2224] [HailoRT] [info] [core_op.cpp:186] [deactivate] Deactivating took 0.660089 ms
[2026-06-09 13:17:35.376] [2224] [HailoRT] [info] [core_op.cpp:156] [activate] Activating yolov8s took 0.726141 milliseconds. Note that the function is asynchronous and thus the network is not fully activated yet.
[2026-06-09 13:17:35.376] [2224] [HailoRT] [info] [core_op.cpp:156] [activate] Activating yolov8s took 0.752451 milliseconds. Note that the function is asynchronous and thus the network is not fully activated yet.
[2026-06-09 13:17:35.376] [2224] [HailoRT] [info] [edge_elements.cpp:52] [create] Created (HwWriteEl3yolov8s/input_layer1 | hw_frame_size: 1228800)
[2026-06-09 13:17:35.376] [2224] [HailoRT] [info] [queue_elements.cpp:284] [create] Created (PushQEl3yolov8s/input_layer1 | timeout: 10s)
[2026-06-09 13:17:35.376] [2224] [HailoRT] [info] [filter_elements.cpp:101] [create] Created (PreInferEl3yolov8s/input_layer1 | Reorder - src_order: NHWC, src_shape: (640, 640, 3), dst_order: NHCW, dst_shape: (640, 640, 3))
[2026-06-09 13:17:35.376] [2224] [HailoRT] [info] [vstream.cpp:754] [InputVStreamImpl] Creating yolov8s/input_layer1...
[2026-06-09 13:17:35.376] [2224] [HailoRT] [info] [vstream_builder.cpp:102] [create_inputs] Input pipeline 'yolov8s/input_layer1': (PreInferEl3yolov8s/input_layer1 | Reorder - src_order: NHWC, src_shape: (640, 640, 3), dst_order: NHCW, dst_shape: (640, 640, 3)) >> (PushQEl3yolov8s/input_layer1 | timeout: 10s) >> (HwWriteEl3yolov8s/input_layer1 | hw_frame_size: 1228800) >> HW
[2026-06-09 13:17:35.376] [2224] [HailoRT] [info] [multi_io_elements.cpp:135] [create] Created (NmsPPMuxEl0YOLOV8-Post-Process | Op YOLOV8, Name: YOLOV8-Post-Process, Score threshold: 0.200, IoU threshold: 0.70, Classes: 80, Max bboxes per class: 100, Image height: 640, Image width: 640)
[2026-06-09 13:17:35.376] [2224] [HailoRT] [info] [edge_elements.cpp:287] [create] Created (HwReadEl9yolov8s/conv41_97 | hw_frame_size: 409600)
[2026-06-09 13:17:35.376] [2224] [HailoRT] [info] [queue_elements.cpp:657] [create] Created (PullQEl_nms9yolov8s/conv41_97 | timeout: 10s)
[2026-06-09 13:17:35.376] [2224] [HailoRT] [info] [edge_elements.cpp:287] [create] Created (HwReadEl7yolov8s/conv42_97 | hw_frame_size: 512000)
[2026-06-09 13:17:35.376] [2224] [HailoRT] [info] [queue_elements.cpp:657] [create] Created (PullQEl_nms7yolov8s/conv42_97 | timeout: 10s)
[2026-06-09 13:17:35.376] [2224] [HailoRT] [info] [edge_elements.cpp:287] [create] Created (HwReadEl1yolov8s/conv52_97 | hw_frame_size: 102400)
[2026-06-09 13:17:35.376] [2224] [HailoRT] [info] [queue_elements.cpp:657] [create] Created (PullQEl_nms1yolov8s/conv52_97 | timeout: 10s)
[2026-06-09 13:17:35.376] [2224] [HailoRT] [info] [edge_elements.cpp:287] [create] Created (HwReadEl0yolov8s/conv53_97 | hw_frame_size: 128000)
[2026-06-09 13:17:35.377] [2224] [HailoRT] [info] [queue_elements.cpp:657] [create] Created (PullQEl_nms0yolov8s/conv53_97 | timeout: 10s)
[2026-06-09 13:17:35.377] [2224] [HailoRT] [info] [edge_elements.cpp:287] [create] Created (HwReadEl3yolov8s/conv62_97 | hw_frame_size: 30720)
[2026-06-09 13:17:35.377] [2224] [HailoRT] [info] [queue_elements.cpp:657] [create] Created (PullQEl_nms3yolov8s/conv62_97 | timeout: 10s)
[2026-06-09 13:17:35.377] [2224] [HailoRT] [info] [edge_elements.cpp:287] [create] Created (HwReadEl2yolov8s/conv63_97 | hw_frame_size: 38400)
[2026-06-09 13:17:35.377] [2224] [HailoRT] [info] [queue_elements.cpp:657] [create] Created (PullQEl_nms2yolov8s/conv63_97 | timeout: 10s)
[2026-06-09 13:17:35.377] [2224] [HailoRT] [info] [queue_elements.cpp:800] [create] Created (UserBufQEl_post_infer0yolov8s/yolov8_nms_postprocess | timeout: 10s)
[2026-06-09 13:17:35.377] [2224] [HailoRT] [info] [vstream.cpp:1114] [OutputVStreamImpl] Creating yolov8s/yolov8_nms_postprocess...
[2026-06-09 13:17:35.377] [2224] [HailoRT] [info] [vstream_builder.cpp:622] [create_output_post_process_nms] Output pipeline 'yolov8s/yolov8_nms_postprocess': HW >> (HwReadEl9yolov8s/conv41_97 | hw_frame_size: 409600) >> (PullQEl_nms9yolov8s/conv41_97) >> (HwReadEl7yolov8s/conv42_97 | hw_frame_size: 512000) >> (PullQEl_nms7yolov8s/conv42_97) >> (HwReadEl1yolov8s/conv52_97 | hw_frame_size: 102400) >> (PullQEl_nms1yolov8s/conv52_97) >> (HwReadEl0yolov8s/conv53_97 | hw_frame_size: 128000) >> (PullQEl_nms0yolov8s/conv53_97) >> (HwReadEl3yolov8s/conv62_97 | hw_frame_size: 30720) >> (PullQEl_nms3yolov8s/conv62_97) >> (HwReadEl2yolov8s/conv63_97 | hw_frame_size: 38400) >> (PullQEl_nms2yolov8s/conv63_97) >> (NmsPPMuxEl0YOLOV8-Post-Process | Op YOLOV8, Name: YOLOV8-Post-Process, Score threshold: 0.200, IoU threshold: 0.70, Classes: 80, Max bboxes per class: 100, Image height: 640, Image width: 640) >> (UserBufQEl_post_infer0yolov8s/yolov8_nms_postprocess | timeout: 10s)
[2026-06-09 13:17:35.377] [5377] [HailoRT] [info] [vdevice_native_stream.cpp:331] [read_impl] Failed read from stream HAILO_STREAM_ABORT(63) (device: 0001:01:00.0)
[2026-06-09 13:17:35.377] [5377] [HailoRT] [info] [edge_elements.cpp:396] [run_pull] Reading from stream was aborted!
[2026-06-09 13:17:35.377] [5381] [HailoRT] [info] [vdevice_native_stream.cpp:331] [read_impl] Failed read from stream HAILO_STREAM_ABORT(63) (device: 0001:01:00.0)
[2026-06-09 13:17:35.377] [5380] [HailoRT] [info] [queue_elements.cpp:734] [run_in_thread] Shutdown event was signaled in run_pull of queue element PullQEl_nms0yolov8s/conv53_97!
[2026-06-09 13:17:35.377] [5377] [HailoRT] [info] [queue_elements.cpp:738] [run_in_thread] run_pull of queue element PullQEl_nms9yolov8s/conv41_97 was aborted!
[2026-06-09 13:17:35.377] [5378] [HailoRT] [info] [vdevice_native_stream.cpp:331] [read_impl] Failed read from stream HAILO_STREAM_ABORT(63) (device: 0001:01:00.0)
[2026-06-09 13:17:35.377] [5379] [HailoRT] [info] [vdevice_native_stream.cpp:331] [read_impl] Failed read from stream HAILO_STREAM_ABORT(63) (device: 0001:01:00.0)
[2026-06-09 13:17:35.377] [5379] [HailoRT] [info] [edge_elements.cpp:396] [run_pull] Reading from stream was aborted!
[2026-06-09 13:17:35.377] [5378] [HailoRT] [info] [edge_elements.cpp:396] [run_pull] Reading from stream was aborted!
[2026-06-09 13:17:35.377] [5382] [HailoRT] [info] [vdevice_native_stream.cpp:331] [read_impl] Failed read from stream HAILO_STREAM_ABORT(63) (device: 0001:01:00.0)
[2026-06-09 13:17:35.377] [5382] [HailoRT] [info] [edge_elements.cpp:396] [run_pull] Reading from stream was aborted!
[2026-06-09 13:17:35.377] [5379] [HailoRT] [info] [queue_elements.cpp:738] [run_in_thread] run_pull of queue element PullQEl_nms1yolov8s/conv52_97 was aborted!
[2026-06-09 13:17:35.377] [5378] [HailoRT] [info] [queue_elements.cpp:738] [run_in_thread] run_pull of queue element PullQEl_nms7yolov8s/conv42_97 was aborted!
[2026-06-09 13:17:35.377] [5382] [HailoRT] [info] [queue_elements.cpp:738] [run_in_thread] run_pull of queue element PullQEl_nms2yolov8s/conv63_97 was aborted!
[2026-06-09 13:17:35.377] [5381] [HailoRT] [info] [edge_elements.cpp:396] [run_pull] Reading from stream was aborted!
[2026-06-09 13:17:35.377] [5381] [HailoRT] [info] [queue_elements.cpp:738] [run_in_thread] run_pull of queue element PullQEl_nms3yolov8s/conv62_97 was aborted!
[2026-06-09 13:17:35.377] [5383] [HailoRT] [info] [queue_elements.cpp:68] [operator()] Thread in element UserBufQEl_post_infer0yolov8s/yolov8_nms_postprocess is not running anymore, exiting..
[2026-06-09 13:17:35.377] [2224] [HailoRT] [info] [queue_elements.cpp:46] [~BaseQueueElement] Queue element UserBufQEl_post_infer0yolov8s/yolov8_nms_postprocess has 0 frames in his Queue on destruction
[2026-06-09 13:17:35.377] [5382] [HailoRT] [info] [queue_elements.cpp:68] [operator()] Thread in element PullQEl_nms2yolov8s/conv63_97 is not running anymore, exiting..
[2026-06-09 13:17:35.377] [2224] [HailoRT] [info] [queue_elements.cpp:46] [~BaseQueueElement] Queue element PullQEl_nms2yolov8s/conv63_97 has 0 frames in his Queue on destruction
[2026-06-09 13:17:35.377] [5381] [HailoRT] [info] [queue_elements.cpp:68] [operator()] Thread in element PullQEl_nms3yolov8s/conv62_97 is not running anymore, exiting..
[2026-06-09 13:17:35.377] [2224] [HailoRT] [info] [queue_elements.cpp:46] [~BaseQueueElement] Queue element PullQEl_nms3yolov8s/conv62_97 has 0 frames in his Queue on destruction
[2026-06-09 13:17:35.377] [5380] [HailoRT] [info] [queue_elements.cpp:68] [operator()] Thread in element PullQEl_nms0yolov8s/conv53_97 is not running anymore, exiting..
[2026-06-09 13:17:35.377] [2224] [HailoRT] [info] [queue_elements.cpp:46] [~BaseQueueElement] Queue element PullQEl_nms0yolov8s/conv53_97 has 0 frames in his Queue on destruction
[2026-06-09 13:17:35.377] [5379] [HailoRT] [info] [queue_elements.cpp:68] [operator()] Thread in element PullQEl_nms1yolov8s/conv52_97 is not running anymore, exiting..
[2026-06-09 13:17:35.377] [2224] [HailoRT] [info] [queue_elements.cpp:46] [~BaseQueueElement] Queue element PullQEl_nms1yolov8s/conv52_97 has 0 frames in his Queue on destruction
[2026-06-09 13:17:35.377] [5378] [HailoRT] [info] [queue_elements.cpp:68] [operator()] Thread in element PullQEl_nms7yolov8s/conv42_97 is not running anymore, exiting..
[2026-06-09 13:17:35.377] [2224] [HailoRT] [info] [queue_elements.cpp:46] [~BaseQueueElement] Queue element PullQEl_nms7yolov8s/conv42_97 has 0 frames in his Queue on destruction
[2026-06-09 13:17:35.377] [5377] [HailoRT] [info] [queue_elements.cpp:68] [operator()] Thread in element PullQEl_nms9yolov8s/conv41_97 is not running anymore, exiting..
[2026-06-09 13:17:35.377] [2224] [HailoRT] [info] [queue_elements.cpp:46] [~BaseQueueElement] Queue element PullQEl_nms9yolov8s/conv41_97 has 0 frames in his Queue on destruction
[2026-06-09 13:17:35.377] [5376] [HailoRT] [info] [queue_elements.cpp:68] [operator()] Thread in element PushQEl3yolov8s/input_layer1 is not running anymore, exiting..
[2026-06-09 13:17:35.377] [2224] [HailoRT] [info] [queue_elements.cpp:46] [~BaseQueueElement] Queue element PushQEl3yolov8s/input_layer1 has 0 frames in his Queue on destruction
[2026-06-09 13:17:35.378] [2224] [HailoRT] [info] [core_op.cpp:186] [deactivate] Deactivating took 0.651085 ms
[2026-06-09 13:17:35.378] [2224] [HailoRT] [info] [core_op.cpp:186] [deactivate] Deactivating took 0.658589 ms
[2026-06-09 13:17:38.083] [2224] [HailoRT] [info] [core_op.cpp:156] [activate] Activating yolov8s took 0.900487 milliseconds. Note that the function is asynchronous and thus the network is not fully activated yet.
[2026-06-09 13:17:38.083] [2224] [HailoRT] [info] [core_op.cpp:156] [activate] Activating yolov8s took 0.93254 milliseconds. Note that the function is asynchronous and thus the network is not fully activated yet.
[2026-06-09 13:17:38.083] [2224] [HailoRT] [info] [edge_elements.cpp:52] [create] Created (HwWriteEl3yolov8s/input_layer1 | hw_frame_size: 1228800)
[2026-06-09 13:17:38.084] [2224] [HailoRT] [info] [queue_elements.cpp:284] [create] Created (PushQEl3yolov8s/input_layer1 | timeout: 10s)
[2026-06-09 13:17:38.084] [2224] [HailoRT] [info] [filter_elements.cpp:101] [create] Created (PreInferEl3yolov8s/input_layer1 | Reorder - src_order: NHWC, src_shape: (640, 640, 3), dst_order: NHCW, dst_shape: (640, 640, 3))
[2026-06-09 13:17:38.084] [2224] [HailoRT] [info] [vstream.cpp:754] [InputVStreamImpl] Creating yolov8s/input_layer1...
[2026-06-09 13:17:38.084] [2224] [HailoRT] [info] [vstream_builder.cpp:102] [create_inputs] Input pipeline 'yolov8s/input_layer1': (PreInferEl3yolov8s/input_layer1 | Reorder - src_order: NHWC, src_shape: (640, 640, 3), dst_order: NHCW, dst_shape: (640, 640, 3)) >> (PushQEl3yolov8s/input_layer1 | timeout: 10s) >> (HwWriteEl3yolov8s/input_layer1 | hw_frame_size: 1228800) >> HW
[2026-06-09 13:17:38.084] [2224] [HailoRT] [info] [multi_io_elements.cpp:135] [create] Created (NmsPPMuxEl0YOLOV8-Post-Process | Op YOLOV8, Name: YOLOV8-Post-Process, Score threshold: 0.200, IoU threshold: 0.70, Classes: 80, Max bboxes per class: 100, Image height: 640, Image width: 640)
[2026-06-09 13:17:38.084] [2224] [HailoRT] [info] [edge_elements.cpp:287] [create] Created (HwReadEl9yolov8s/conv41_97 | hw_frame_size: 409600)
[2026-06-09 13:17:38.084] [2224] [HailoRT] [info] [queue_elements.cpp:657] [create] Created (PullQEl_nms9yolov8s/conv41_97 | timeout: 10s)
[2026-06-09 13:17:38.084] [2224] [HailoRT] [info] [edge_elements.cpp:287] [create] Created (HwReadEl7yolov8s/conv42_97 | hw_frame_size: 512000)
[2026-06-09 13:17:38.084] [2224] [HailoRT] [info] [queue_elements.cpp:657] [create] Created (PullQEl_nms7yolov8s/conv42_97 | timeout: 10s)
[2026-06-09 13:17:38.084] [2224] [HailoRT] [info] [edge_elements.cpp:287] [create] Created (HwReadEl1yolov8s/conv52_97 | hw_frame_size: 102400)
[2026-06-09 13:17:38.084] [2224] [HailoRT] [info] [queue_elements.cpp:657] [create] Created (PullQEl_nms1yolov8s/conv52_97 | timeout: 10s)
[2026-06-09 13:17:38.084] [2224] [HailoRT] [info] [edge_elements.cpp:287] [create] Created (HwReadEl0yolov8s/conv53_97 | hw_frame_size: 128000)
[2026-06-09 13:17:38.084] [2224] [HailoRT] [info] [queue_elements.cpp:657] [create] Created (PullQEl_nms0yolov8s/conv53_97 | timeout: 10s)
[2026-06-09 13:17:38.084] [2224] [HailoRT] [info] [edge_elements.cpp:287] [create] Created (HwReadEl3yolov8s/conv62_97 | hw_frame_size: 30720)
[2026-06-09 13:17:38.084] [2224] [HailoRT] [info] [queue_elements.cpp:657] [create] Created (PullQEl_nms3yolov8s/conv62_97 | timeout: 10s)
[2026-06-09 13:17:38.084] [2224] [HailoRT] [info] [edge_elements.cpp:287] [create] Created (HwReadEl2yolov8s/conv63_97 | hw_frame_size: 38400)
[2026-06-09 13:17:38.084] [2224] [HailoRT] [info] [queue_elements.cpp:657] [create] Created (PullQEl_nms2yolov8s/conv63_97 | timeout: 10s)
[2026-06-09 13:17:38.084] [2224] [HailoRT] [info] [queue_elements.cpp:800] [create] Created (UserBufQEl_post_infer0yolov8s/yolov8_nms_postprocess | timeout: 10s)
[2026-06-09 13:17:38.084] [2224] [HailoRT] [info] [vstream.cpp:1114] [OutputVStreamImpl] Creating yolov8s/yolov8_nms_postprocess...
[2026-06-09 13:17:38.085] [2224] [HailoRT] [info] [vstream_builder.cpp:622] [create_output_post_process_nms] Output pipeline 'yolov8s/yolov8_nms_postprocess': HW >> (HwReadEl9yolov8s/conv41_97 | hw_frame_size: 409600) >> (PullQEl_nms9yolov8s/conv41_97) >> (HwReadEl7yolov8s/conv42_97 | hw_frame_size: 512000) >> (PullQEl_nms7yolov8s/conv42_97) >> (HwReadEl1yolov8s/conv52_97 | hw_frame_size: 102400) >> (PullQEl_nms1yolov8s/conv52_97) >> (HwReadEl0yolov8s/conv53_97 | hw_frame_size: 128000) >> (PullQEl_nms0yolov8s/conv53_97) >> (HwReadEl3yolov8s/conv62_97 | hw_frame_size: 30720) >> (PullQEl_nms3yolov8s/conv62_97) >> (HwReadEl2yolov8s/conv63_97 | hw_frame_size: 38400) >> (PullQEl_nms2yolov8s/conv63_97) >> (NmsPPMuxEl0YOLOV8-Post-Process | Op YOLOV8, Name: YOLOV8-Post-Process, Score threshold: 0.200, IoU threshold: 0.70, Classes: 80, Max bboxes per class: 100, Image height: 640, Image width: 640) >> (UserBufQEl_post_infer0yolov8s/yolov8_nms_postprocess | timeout: 10s)
[2026-06-09 13:17:38.085] [5397] [HailoRT] [info] [vdevice_native_stream.cpp:331] [read_impl] Failed read from stream HAILO_STREAM_ABORT(63) (device: 0001:01:00.0)
[2026-06-09 13:17:38.085] [5397] [HailoRT] [info] [edge_elements.cpp:396] [run_pull] Reading from stream was aborted!
[2026-06-09 13:17:38.085] [5400] [HailoRT] [info] [queue_elements.cpp:734] [run_in_thread] Shutdown event was signaled in run_pull of queue element PullQEl_nms0yolov8s/conv53_97!
[2026-06-09 13:17:38.085] [5397] [HailoRT] [info] [queue_elements.cpp:738] [run_in_thread] run_pull of queue element PullQEl_nms9yolov8s/conv41_97 was aborted!
[2026-06-09 13:17:38.085] [5401] [HailoRT] [info] [queue_elements.cpp:734] [run_in_thread] Shutdown event was signaled in run_pull of queue element PullQEl_nms3yolov8s/conv62_97!
[2026-06-09 13:17:38.085] [5398] [HailoRT] [info] [vdevice_native_stream.cpp:331] [read_impl] Failed read from stream HAILO_STREAM_ABORT(63) (device: 0001:01:00.0)
[2026-06-09 13:17:38.085] [5398] [HailoRT] [info] [edge_elements.cpp:396] [run_pull] Reading from stream was aborted!
[2026-06-09 13:17:38.085] [5399] [HailoRT] [info] [vdevice_native_stream.cpp:331] [read_impl] Failed read from stream HAILO_STREAM_ABORT(63) (device: 0001:01:00.0)
[2026-06-09 13:17:38.085] [5398] [HailoRT] [info] [queue_elements.cpp:738] [run_in_thread] run_pull of queue element PullQEl_nms7yolov8s/conv42_97 was aborted!
[2026-06-09 13:17:38.085] [5399] [HailoRT] [info] [edge_elements.cpp:396] [run_pull] Reading from stream was aborted!
[2026-06-09 13:17:38.085] [5402] [HailoRT] [info] [vdevice_native_stream.cpp:331] [read_impl] Failed read from stream HAILO_STREAM_ABORT(63) (device: 0001:01:00.0)
[2026-06-09 13:17:38.085] [5402] [HailoRT] [info] [edge_elements.cpp:396] [run_pull] Reading from stream was aborted!
[2026-06-09 13:17:38.085] [5399] [HailoRT] [info] [queue_elements.cpp:738] [run_in_thread] run_pull of queue element PullQEl_nms1yolov8s/conv52_97 was aborted!
[2026-06-09 13:17:38.085] [5402] [HailoRT] [info] [queue_elements.cpp:738] [run_in_thread] run_pull of queue element PullQEl_nms2yolov8s/conv63_97 was aborted!
[2026-06-09 13:17:38.085] [5403] [HailoRT] [info] [queue_elements.cpp:68] [operator()] Thread in element UserBufQEl_post_infer0yolov8s/yolov8_nms_postprocess is not running anymore, exiting..
[2026-06-09 13:17:38.085] [2224] [HailoRT] [info] [queue_elements.cpp:46] [~BaseQueueElement] Queue element UserBufQEl_post_infer0yolov8s/yolov8_nms_postprocess has 0 frames in his Queue on destruction
[2026-06-09 13:17:38.085] [5402] [HailoRT] [info] [queue_elements.cpp:68] [operator()] Thread in element PullQEl_nms2yolov8s/conv63_97 is not running anymore, exiting..
[2026-06-09 13:17:38.085] [2224] [HailoRT] [info] [queue_elements.cpp:46] [~BaseQueueElement] Queue element PullQEl_nms2yolov8s/conv63_97 has 0 frames in his Queue on destruction
[2026-06-09 13:17:38.085] [5401] [HailoRT] [info] [queue_elements.cpp:68] [operator()] Thread in element PullQEl_nms3yolov8s/conv62_97 is not running anymore, exiting..
[2026-06-09 13:17:38.085] [2224] [HailoRT] [info] [queue_elements.cpp:46] [~BaseQueueElement] Queue element PullQEl_nms3yolov8s/conv62_97 has 0 frames in his Queue on destruction
[2026-06-09 13:17:38.085] [5400] [HailoRT] [info] [queue_elements.cpp:68] [operator()] Thread in element PullQEl_nms0yolov8s/conv53_97 is not running anymore, exiting..
[2026-06-09 13:17:38.085] [2224] [HailoRT] [info] [queue_elements.cpp:46] [~BaseQueueElement] Queue element PullQEl_nms0yolov8s/conv53_97 has 0 frames in his Queue on destruction
[2026-06-09 13:17:38.085] [5399] [HailoRT] [info] [queue_elements.cpp:68] [operator()] Thread in element PullQEl_nms1yolov8s/conv52_97 is not running anymore, exiting..
[2026-06-09 13:17:38.085] [2224] [HailoRT] [info] [queue_elements.cpp:46] [~BaseQueueElement] Queue element PullQEl_nms1yolov8s/conv52_97 has 0 frames in his Queue on destruction
[2026-06-09 13:17:38.085] [5398] [HailoRT] [info] [queue_elements.cpp:68] [operator()] Thread in element PullQEl_nms7yolov8s/conv42_97 is not running anymore, exiting..
[2026-06-09 13:17:38.085] [2224] [HailoRT] [info] [queue_elements.cpp:46] [~BaseQueueElement] Queue element PullQEl_nms7yolov8s/conv42_97 has 0 frames in his Queue on destruction
[2026-06-09 13:17:38.085] [5397] [HailoRT] [info] [queue_elements.cpp:68] [operator()] Thread in element PullQEl_nms9yolov8s/conv41_97 is not running anymore, exiting..
[2026-06-09 13:17:38.085] [2224] [HailoRT] [info] [queue_elements.cpp:46] [~BaseQueueElement] Queue element PullQEl_nms9yolov8s/conv41_97 has 0 frames in his Queue on destruction
[2026-06-09 13:17:38.085] [5396] [HailoRT] [info] [queue_elements.cpp:68] [operator()] Thread in element PushQEl3yolov8s/input_layer1 is not running anymore, exiting..
[2026-06-09 13:17:38.085] [2224] [HailoRT] [info] [queue_elements.cpp:46] [~BaseQueueElement] Queue element PushQEl3yolov8s/input_layer1 has 0 frames in his Queue on destruction
[2026-06-09 13:17:38.086] [2224] [HailoRT] [info] [core_op.cpp:186] [deactivate] Deactivating took 0.601041 ms
[2026-06-09 13:17:38.086] [2224] [HailoRT] [info] [core_op.cpp:186] [deactivate] Deactivating took 0.612176 ms
[2026-06-09 13:17:40.935] [2224] [HailoRT] [info] [core_op.cpp:156] [activate] Activating yolov8s took 0.75712 milliseconds. Note that the function is asynchronous and thus the network is not fully activated yet.
[2026-06-09 13:17:40.935] [2224] [HailoRT] [info] [core_op.cpp:156] [activate] Activating yolov8s took 0.783929 milliseconds. Note that the function is asynchronous and thus the network is not fully activated yet.
[2026-06-09 13:17:40.935] [2224] [HailoRT] [info] [edge_elements.cpp:52] [create] Created (HwWriteEl3yolov8s/input_layer1 | hw_frame_size: 1228800)
[2026-06-09 13:17:40.935] [2224] [HailoRT] [info] [queue_elements.cpp:284] [create] Created (PushQEl3yolov8s/input_layer1 | timeout: 10s)
[2026-06-09 13:17:40.935] [2224] [HailoRT] [info] [filter_elements.cpp:101] [create] Created (PreInferEl3yolov8s/input_layer1 | Reorder - src_order: NHWC, src_shape: (640, 640, 3), dst_order: NHCW, dst_shape: (640, 640, 3))
[2026-06-09 13:17:40.935] [2224] [HailoRT] [info] [vstream.cpp:754] [InputVStreamImpl] Creating yolov8s/input_layer1...
[2026-06-09 13:17:40.935] [2224] [HailoRT] [info] [vstream_builder.cpp:102] [create_inputs] Input pipeline 'yolov8s/input_layer1': (PreInferEl3yolov8s/input_layer1 | Reorder - src_order: NHWC, src_shape: (640, 640, 3), dst_order: NHCW, dst_shape: (640, 640, 3)) >> (PushQEl3yolov8s/input_layer1 | timeout: 10s) >> (HwWriteEl3yolov8s/input_layer1 | hw_frame_size: 1228800) >> HW
[2026-06-09 13:17:40.935] [2224] [HailoRT] [info] [multi_io_elements.cpp:135] [create] Created (NmsPPMuxEl0YOLOV8-Post-Process | Op YOLOV8, Name: YOLOV8-Post-Process, Score threshold: 0.200, IoU threshold: 0.70, Classes: 80, Max bboxes per class: 100, Image height: 640, Image width: 640)
[2026-06-09 13:17:40.935] [2224] [HailoRT] [info] [edge_elements.cpp:287] [create] Created (HwReadEl9yolov8s/conv41_97 | hw_frame_size: 409600)
[2026-06-09 13:17:40.935] [2224] [HailoRT] [info] [queue_elements.cpp:657] [create] Created (PullQEl_nms9yolov8s/conv41_97 | timeout: 10s)
[2026-06-09 13:17:40.935] [2224] [HailoRT] [info] [edge_elements.cpp:287] [create] Created (HwReadEl7yolov8s/conv42_97 | hw_frame_size: 512000)
[2026-06-09 13:17:40.935] [2224] [HailoRT] [info] [queue_elements.cpp:657] [create] Created (PullQEl_nms7yolov8s/conv42_97 | timeout: 10s)
[2026-06-09 13:17:40.935] [2224] [HailoRT] [info] [edge_elements.cpp:287] [create] Created (HwReadEl1yolov8s/conv52_97 | hw_frame_size: 102400)
[2026-06-09 13:17:40.935] [2224] [HailoRT] [info] [queue_elements.cpp:657] [create] Created (PullQEl_nms1yolov8s/conv52_97 | timeout: 10s)
[2026-06-09 13:17:40.935] [2224] [HailoRT] [info] [edge_elements.cpp:287] [create] Created (HwReadEl0yolov8s/conv53_97 | hw_frame_size: 128000)
[2026-06-09 13:17:40.935] [2224] [HailoRT] [info] [queue_elements.cpp:657] [create] Created (PullQEl_nms0yolov8s/conv53_97 | timeout: 10s)
[2026-06-09 13:17:40.935] [2224] [HailoRT] [info] [edge_elements.cpp:287] [create] Created (HwReadEl3yolov8s/conv62_97 | hw_frame_size: 30720)
[2026-06-09 13:17:40.935] [2224] [HailoRT] [info] [queue_elements.cpp:657] [create] Created (PullQEl_nms3yolov8s/conv62_97 | timeout: 10s)
[2026-06-09 13:17:40.935] [2224] [HailoRT] [info] [edge_elements.cpp:287] [create] Created (HwReadEl2yolov8s/conv63_97 | hw_frame_size: 38400)
[2026-06-09 13:17:40.935] [2224] [HailoRT] [info] [queue_elements.cpp:657] [create] Created (PullQEl_nms2yolov8s/conv63_97 | timeout: 10s)
[2026-06-09 13:17:40.935] [2224] [HailoRT] [info] [queue_elements.cpp:800] [create] Created (UserBufQEl_post_infer0yolov8s/yolov8_nms_postprocess | timeout: 10s)
[2026-06-09 13:17:40.935] [2224] [HailoRT] [info] [vstream.cpp:1114] [OutputVStreamImpl] Creating yolov8s/yolov8_nms_postprocess...
[2026-06-09 13:17:40.935] [2224] [HailoRT] [info] [vstream_builder.cpp:622] [create_output_post_process_nms] Output pipeline 'yolov8s/yolov8_nms_postprocess': HW >> (HwReadEl9yolov8s/conv41_97 | hw_frame_size: 409600) >> (PullQEl_nms9yolov8s/conv41_97) >> (HwReadEl7yolov8s/conv42_97 | hw_frame_size: 512000) >> (PullQEl_nms7yolov8s/conv42_97) >> (HwReadEl1yolov8s/conv52_97 | hw_frame_size: 102400) >> (PullQEl_nms1yolov8s/conv52_97) >> (HwReadEl0yolov8s/conv53_97 | hw_frame_size: 128000) >> (PullQEl_nms0yolov8s/conv53_97) >> (HwReadEl3yolov8s/conv62_97 | hw_frame_size: 30720) >> (PullQEl_nms3yolov8s/conv62_97) >> (HwReadEl2yolov8s/conv63_97 | hw_frame_size: 38400) >> (PullQEl_nms2yolov8s/conv63_97) >> (NmsPPMuxEl0YOLOV8-Post-Process | Op YOLOV8, Name: YOLOV8-Post-Process, Score threshold: 0.200, IoU threshold: 0.70, Classes: 80, Max bboxes per class: 100, Image height: 640, Image width: 640) >> (UserBufQEl_post_infer0yolov8s/yolov8_nms_postprocess | timeout: 10s)
[2026-06-09 13:17:40.935] [5423] [HailoRT] [info] [vdevice_native_stream.cpp:331] [read_impl] Failed read from stream HAILO_STREAM_ABORT(63) (device: 0001:01:00.0)
[2026-06-09 13:17:40.936] [5426] [HailoRT] [info] [vdevice_native_stream.cpp:331] [read_impl] Failed read from stream HAILO_STREAM_ABORT(63) (device: 0001:01:00.0)
[2026-06-09 13:17:40.936] [5426] [HailoRT] [info] [edge_elements.cpp:396] [run_pull] Reading from stream was aborted!
[2026-06-09 13:17:40.936] [5428] [HailoRT] [info] [vdevice_native_stream.cpp:331] [read_impl] Failed read from stream HAILO_STREAM_ABORT(63) (device: 0001:01:00.0)
[2026-06-09 13:17:40.935] [5425] [HailoRT] [info] [vdevice_native_stream.cpp:331] [read_impl] Failed read from stream HAILO_STREAM_ABORT(63) (device: 0001:01:00.0)
[2026-06-09 13:17:40.936] [5426] [HailoRT] [info] [queue_elements.cpp:738] [run_in_thread] run_pull of queue element PullQEl_nms0yolov8s/conv53_97 was aborted!
[2026-06-09 13:17:40.936] [5425] [HailoRT] [info] [edge_elements.cpp:396] [run_pull] Reading from stream was aborted!
[2026-06-09 13:17:40.936] [5423] [HailoRT] [info] [edge_elements.cpp:396] [run_pull] Reading from stream was aborted!
[2026-06-09 13:17:40.936] [5425] [HailoRT] [info] [queue_elements.cpp:738] [run_in_thread] run_pull of queue element PullQEl_nms1yolov8s/conv52_97 was aborted!
[2026-06-09 13:17:40.936] [5428] [HailoRT] [info] [edge_elements.cpp:396] [run_pull] Reading from stream was aborted!
[2026-06-09 13:17:40.935] [5424] [HailoRT] [info] [vdevice_native_stream.cpp:331] [read_impl] Failed read from stream HAILO_STREAM_ABORT(63) (device: 0001:01:00.0)
[2026-06-09 13:17:40.936] [5424] [HailoRT] [info] [edge_elements.cpp:396] [run_pull] Reading from stream was aborted!
[2026-06-09 13:17:40.936] [5427] [HailoRT] [info] [vdevice_native_stream.cpp:331] [read_impl] Failed read from stream HAILO_STREAM_ABORT(63) (device: 0001:01:00.0)
[2026-06-09 13:17:40.936] [5423] [HailoRT] [info] [queue_elements.cpp:738] [run_in_thread] run_pull of queue element PullQEl_nms9yolov8s/conv41_97 was aborted!
[2026-06-09 13:17:40.936] [5424] [HailoRT] [info] [queue_elements.cpp:738] [run_in_thread] run_pull of queue element PullQEl_nms7yolov8s/conv42_97 was aborted!
[2026-06-09 13:17:40.936] [5428] [HailoRT] [info] [queue_elements.cpp:738] [run_in_thread] run_pull of queue element PullQEl_nms2yolov8s/conv63_97 was aborted!
[2026-06-09 13:17:40.936] [5427] [HailoRT] [info] [edge_elements.cpp:396] [run_pull] Reading from stream was aborted!
[2026-06-09 13:17:40.936] [5427] [HailoRT] [info] [queue_elements.cpp:738] [run_in_thread] run_pull of queue element PullQEl_nms3yolov8s/conv62_97 was aborted!
[2026-06-09 13:17:40.936] [5429] [HailoRT] [info] [queue_elements.cpp:68] [operator()] Thread in element UserBufQEl_post_infer0yolov8s/yolov8_nms_postprocess is not running anymore, exiting..
[2026-06-09 13:17:40.936] [2224] [HailoRT] [info] [queue_elements.cpp:46] [~BaseQueueElement] Queue element UserBufQEl_post_infer0yolov8s/yolov8_nms_postprocess has 0 frames in his Queue on destruction
[2026-06-09 13:17:40.936] [5428] [HailoRT] [info] [queue_elements.cpp:68] [operator()] Thread in element PullQEl_nms2yolov8s/conv63_97 is not running anymore, exiting..
[2026-06-09 13:17:40.936] [2224] [HailoRT] [info] [queue_elements.cpp:46] [~BaseQueueElement] Queue element PullQEl_nms2yolov8s/conv63_97 has 0 frames in his Queue on destruction
[2026-06-09 13:17:40.936] [5427] [HailoRT] [info] [queue_elements.cpp:68] [operator()] Thread in element PullQEl_nms3yolov8s/conv62_97 is not running anymore, exiting..
[2026-06-09 13:17:40.936] [2224] [HailoRT] [info] [queue_elements.cpp:46] [~BaseQueueElement] Queue element PullQEl_nms3yolov8s/conv62_97 has 0 frames in his Queue on destruction
[2026-06-09 13:17:40.936] [5426] [HailoRT] [info] [queue_elements.cpp:68] [operator()] Thread in element PullQEl_nms0yolov8s/conv53_97 is not running anymore, exiting..
[2026-06-09 13:17:40.936] [2224] [HailoRT] [info] [queue_elements.cpp:46] [~BaseQueueElement] Queue element PullQEl_nms0yolov8s/conv53_97 has 0 frames in his Queue on destruction
[2026-06-09 13:17:40.936] [5425] [HailoRT] [info] [queue_elements.cpp:68] [operator()] Thread in element PullQEl_nms1yolov8s/conv52_97 is not running anymore, exiting..
[2026-06-09 13:17:40.936] [2224] [HailoRT] [info] [queue_elements.cpp:46] [~BaseQueueElement] Queue element PullQEl_nms1yolov8s/conv52_97 has 0 frames in his Queue on destruction
[2026-06-09 13:17:40.936] [5424] [HailoRT] [info] [queue_elements.cpp:68] [operator()] Thread in element PullQEl_nms7yolov8s/conv42_97 is not running anymore, exiting..
[2026-06-09 13:17:40.936] [2224] [HailoRT] [info] [queue_elements.cpp:46] [~BaseQueueElement] Queue element PullQEl_nms7yolov8s/conv42_97 has 0 frames in his Queue on destruction
[2026-06-09 13:17:40.936] [5423] [HailoRT] [info] [queue_elements.cpp:68] [operator()] Thread in element PullQEl_nms9yolov8s/conv41_97 is not running anymore, exiting..
[2026-06-09 13:17:40.936] [2224] [HailoRT] [info] [queue_elements.cpp:46] [~BaseQueueElement] Queue element PullQEl_nms9yolov8s/conv41_97 has 0 frames in his Queue on destruction
[2026-06-09 13:17:40.936] [5422] [HailoRT] [info] [queue_elements.cpp:68] [operator()] Thread in element PushQEl3yolov8s/input_layer1 is not running anymore, exiting..
[2026-06-09 13:17:40.936] [2224] [HailoRT] [info] [queue_elements.cpp:46] [~BaseQueueElement] Queue element PushQEl3yolov8s/input_layer1 has 0 frames in his Queue on destruction
[2026-06-09 13:17:40.937] [2224] [HailoRT] [info] [core_op.cpp:186] [deactivate] Deactivating took 0.628907 ms
[2026-06-09 13:17:40.937] [2224] [HailoRT] [info] [core_op.cpp:186] [deactivate] Deactivating took 0.636207 ms
[2026-06-09 13:17:43.657] [2224] [HailoRT] [info] [core_op.cpp:156] [activate] Activating yolov8s took 0.716637 milliseconds. Note that the function is asynchronous and thus the network is not fully activated yet.
[2026-06-09 13:17:43.657] [2224] [HailoRT] [info] [core_op.cpp:156] [activate] Activating yolov8s took 0.741489 milliseconds. Note that the function is asynchronous and thus the network is not fully activated yet.
[2026-06-09 13:17:43.657] [2224] [HailoRT] [info] [edge_elements.cpp:52] [create] Created (HwWriteEl3yolov8s/input_layer1 | hw_frame_size: 1228800)
[2026-06-09 13:17:43.658] [2224] [HailoRT] [info] [queue_elements.cpp:284] [create] Created (PushQEl3yolov8s/input_layer1 | timeout: 10s)
[2026-06-09 13:17:43.658] [2224] [HailoRT] [info] [filter_elements.cpp:101] [create] Created (PreInferEl3yolov8s/input_layer1 | Reorder - src_order: NHWC, src_shape: (640, 640, 3), dst_order: NHCW, dst_shape: (640, 640, 3))
[2026-06-09 13:17:43.658] [2224] [HailoRT] [info] [vstream.cpp:754] [InputVStreamImpl] Creating yolov8s/input_layer1...
[2026-06-09 13:17:43.658] [2224] [HailoRT] [info] [vstream_builder.cpp:102] [create_inputs] Input pipeline 'yolov8s/input_layer1': (PreInferEl3yolov8s/input_layer1 | Reorder - src_order: NHWC, src_shape: (640, 640, 3), dst_order: NHCW, dst_shape: (640, 640, 3)) >> (PushQEl3yolov8s/input_layer1 | timeout: 10s) >> (HwWriteEl3yolov8s/input_layer1 | hw_frame_size: 1228800) >> HW
[2026-06-09 13:17:43.658] [2224] [HailoRT] [info] [multi_io_elements.cpp:135] [create] Created (NmsPPMuxEl0YOLOV8-Post-Process | Op YOLOV8, Name: YOLOV8-Post-Process, Score threshold: 0.200, IoU threshold: 0.70, Classes: 80, Max bboxes per class: 100, Image height: 640, Image width: 640)
[2026-06-09 13:17:43.658] [2224] [HailoRT] [info] [edge_elements.cpp:287] [create] Created (HwReadEl9yolov8s/conv41_97 | hw_frame_size: 409600)
[2026-06-09 13:17:43.658] [2224] [HailoRT] [info] [queue_elements.cpp:657] [create] Created (PullQEl_nms9yolov8s/conv41_97 | timeout: 10s)
[2026-06-09 13:17:43.658] [2224] [HailoRT] [info] [edge_elements.cpp:287] [create] Created (HwReadEl7yolov8s/conv42_97 | hw_frame_size: 512000)
[2026-06-09 13:17:43.658] [2224] [HailoRT] [info] [queue_elements.cpp:657] [create] Created (PullQEl_nms7yolov8s/conv42_97 | timeout: 10s)
[2026-06-09 13:17:43.658] [2224] [HailoRT] [info] [edge_elements.cpp:287] [create] Created (HwReadEl1yolov8s/conv52_97 | hw_frame_size: 102400)
[2026-06-09 13:17:43.658] [2224] [HailoRT] [info] [queue_elements.cpp:657] [create] Created (PullQEl_nms1yolov8s/conv52_97 | timeout: 10s)
[2026-06-09 13:17:43.658] [2224] [HailoRT] [info] [edge_elements.cpp:287] [create] Created (HwReadEl0yolov8s/conv53_97 | hw_frame_size: 128000)
[2026-06-09 13:17:43.658] [2224] [HailoRT] [info] [queue_elements.cpp:657] [create] Created (PullQEl_nms0yolov8s/conv53_97 | timeout: 10s)
[2026-06-09 13:17:43.658] [2224] [HailoRT] [info] [edge_elements.cpp:287] [create] Created (HwReadEl3yolov8s/conv62_97 | hw_frame_size: 30720)
[2026-06-09 13:17:43.658] [2224] [HailoRT] [info] [queue_elements.cpp:657] [create] Created (PullQEl_nms3yolov8s/conv62_97 | timeout: 10s)
[2026-06-09 13:17:43.658] [2224] [HailoRT] [info] [edge_elements.cpp:287] [create] Created (HwReadEl2yolov8s/conv63_97 | hw_frame_size: 38400)
[2026-06-09 13:17:43.658] [2224] [HailoRT] [info] [queue_elements.cpp:657] [create] Created (PullQEl_nms2yolov8s/conv63_97 | timeout: 10s)
[2026-06-09 13:17:43.658] [2224] [HailoRT] [info] [queue_elements.cpp:800] [create] Created (UserBufQEl_post_infer0yolov8s/yolov8_nms_postprocess | timeout: 10s)
[2026-06-09 13:17:43.658] [2224] [HailoRT] [info] [vstream.cpp:1114] [OutputVStreamImpl] Creating yolov8s/yolov8_nms_postprocess...
[2026-06-09 13:17:43.658] [2224] [HailoRT] [info] [vstream_builder.cpp:622] [create_output_post_process_nms] Output pipeline 'yolov8s/yolov8_nms_postprocess': HW >> (HwReadEl9yolov8s/conv41_97 | hw_frame_size: 409600) >> (PullQEl_nms9yolov8s/conv41_97) >> (HwReadEl7yolov8s/conv42_97 | hw_frame_size: 512000) >> (PullQEl_nms7yolov8s/conv42_97) >> (HwReadEl1yolov8s/conv52_97 | hw_frame_size: 102400) >> (PullQEl_nms1yolov8s/conv52_97) >> (HwReadEl0yolov8s/conv53_97 | hw_frame_size: 128000) >> (PullQEl_nms0yolov8s/conv53_97) >> (HwReadEl3yolov8s/conv62_97 | hw_frame_size: 30720) >> (PullQEl_nms3yolov8s/conv62_97) >> (HwReadEl2yolov8s/conv63_97 | hw_frame_size: 38400) >> (PullQEl_nms2yolov8s/conv63_97) >> (NmsPPMuxEl0YOLOV8-Post-Process | Op YOLOV8, Name: YOLOV8-Post-Process, Score threshold: 0.200, IoU threshold: 0.70, Classes: 80, Max bboxes per class: 100, Image height: 640, Image width: 640) >> (UserBufQEl_post_infer0yolov8s/yolov8_nms_postprocess | timeout: 10s)
[2026-06-09 13:17:43.658] [5444] [HailoRT] [info] [vdevice_native_stream.cpp:331] [read_impl] Failed read from stream HAILO_STREAM_ABORT(63) (device: 0001:01:00.0)
[2026-06-09 13:17:43.658] [5448] [HailoRT] [info] [vdevice_native_stream.cpp:331] [read_impl] Failed read from stream HAILO_STREAM_ABORT(63) (device: 0001:01:00.0)
[2026-06-09 13:17:43.658] [5447] [HailoRT] [info] [queue_elements.cpp:734] [run_in_thread] Shutdown event was signaled in run_pull of queue element PullQEl_nms0yolov8s/conv53_97!
[2026-06-09 13:17:43.658] [5446] [HailoRT] [info] [vdevice_native_stream.cpp:331] [read_impl] Failed read from stream HAILO_STREAM_ABORT(63) (device: 0001:01:00.0)
[2026-06-09 13:17:43.658] [5446] [HailoRT] [info] [edge_elements.cpp:396] [run_pull] Reading from stream was aborted!
[2026-06-09 13:17:43.658] [5448] [HailoRT] [info] [edge_elements.cpp:396] [run_pull] Reading from stream was aborted!
[2026-06-09 13:17:43.658] [5446] [HailoRT] [info] [queue_elements.cpp:738] [run_in_thread] run_pull of queue element PullQEl_nms1yolov8s/conv52_97 was aborted!
[2026-06-09 13:17:43.658] [5445] [HailoRT] [info] [vdevice_native_stream.cpp:331] [read_impl] Failed read from stream HAILO_STREAM_ABORT(63) (device: 0001:01:00.0)
[2026-06-09 13:17:43.658] [5448] [HailoRT] [info] [queue_elements.cpp:738] [run_in_thread] run_pull of queue element PullQEl_nms3yolov8s/conv62_97 was aborted!
[2026-06-09 13:17:43.658] [5445] [HailoRT] [info] [edge_elements.cpp:396] [run_pull] Reading from stream was aborted!
[2026-06-09 13:17:43.658] [5449] [HailoRT] [info] [vdevice_native_stream.cpp:331] [read_impl] Failed read from stream HAILO_STREAM_ABORT(63) (device: 0001:01:00.0)
[2026-06-09 13:17:43.658] [5449] [HailoRT] [info] [edge_elements.cpp:396] [run_pull] Reading from stream was aborted!
[2026-06-09 13:17:43.658] [5444] [HailoRT] [info] [edge_elements.cpp:396] [run_pull] Reading from stream was aborted!
[2026-06-09 13:17:43.658] [5445] [HailoRT] [info] [queue_elements.cpp:738] [run_in_thread] run_pull of queue element PullQEl_nms7yolov8s/conv42_97 was aborted!
[2026-06-09 13:17:43.658] [5449] [HailoRT] [info] [queue_elements.cpp:738] [run_in_thread] run_pull of queue element PullQEl_nms2yolov8s/conv63_97 was aborted!
[2026-06-09 13:17:43.658] [5444] [HailoRT] [info] [queue_elements.cpp:738] [run_in_thread] run_pull of queue element PullQEl_nms9yolov8s/conv41_97 was aborted!
[2026-06-09 13:17:43.658] [5450] [HailoRT] [info] [queue_elements.cpp:68] [operator()] Thread in element UserBufQEl_post_infer0yolov8s/yolov8_nms_postprocess is not running anymore, exiting..
[2026-06-09 13:17:43.658] [2224] [HailoRT] [info] [queue_elements.cpp:46] [~BaseQueueElement] Queue element UserBufQEl_post_infer0yolov8s/yolov8_nms_postprocess has 0 frames in his Queue on destruction
[2026-06-09 13:17:43.658] [5449] [HailoRT] [info] [queue_elements.cpp:68] [operator()] Thread in element PullQEl_nms2yolov8s/conv63_97 is not running anymore, exiting..
[2026-06-09 13:17:43.658] [2224] [HailoRT] [info] [queue_elements.cpp:46] [~BaseQueueElement] Queue element PullQEl_nms2yolov8s/conv63_97 has 0 frames in his Queue on destruction
[2026-06-09 13:17:43.658] [5448] [HailoRT] [info] [queue_elements.cpp:68] [operator()] Thread in element PullQEl_nms3yolov8s/conv62_97 is not running anymore, exiting..
[2026-06-09 13:17:43.658] [2224] [HailoRT] [info] [queue_elements.cpp:46] [~BaseQueueElement] Queue element PullQEl_nms3yolov8s/conv62_97 has 0 frames in his Queue on destruction
[2026-06-09 13:17:43.659] [5447] [HailoRT] [info] [queue_elements.cpp:68] [operator()] Thread in element PullQEl_nms0yolov8s/conv53_97 is not running anymore, exiting..
[2026-06-09 13:17:43.659] [2224] [HailoRT] [info] [queue_elements.cpp:46] [~BaseQueueElement] Queue element PullQEl_nms0yolov8s/conv53_97 has 0 frames in his Queue on destruction
[2026-06-09 13:17:43.659] [5446] [HailoRT] [info] [queue_elements.cpp:68] [operator()] Thread in element PullQEl_nms1yolov8s/conv52_97 is not running anymore, exiting..
[2026-06-09 13:17:43.659] [2224] [HailoRT] [info] [queue_elements.cpp:46] [~BaseQueueElement] Queue element PullQEl_nms1yolov8s/conv52_97 has 0 frames in his Queue on destruction
[2026-06-09 13:17:43.659] [5445] [HailoRT] [info] [queue_elements.cpp:68] [operator()] Thread in element PullQEl_nms7yolov8s/conv42_97 is not running anymore, exiting..
[2026-06-09 13:17:43.659] [2224] [HailoRT] [info] [queue_elements.cpp:46] [~BaseQueueElement] Queue element PullQEl_nms7yolov8s/conv42_97 has 0 frames in his Queue on destruction
[2026-06-09 13:17:43.659] [5444] [HailoRT] [info] [queue_elements.cpp:68] [operator()] Thread in element PullQEl_nms9yolov8s/conv41_97 is not running anymore, exiting..
[2026-06-09 13:17:43.659] [2224] [HailoRT] [info] [queue_elements.cpp:46] [~BaseQueueElement] Queue element PullQEl_nms9yolov8s/conv41_97 has 0 frames in his Queue on destruction
[2026-06-09 13:17:43.659] [5443] [HailoRT] [info] [queue_elements.cpp:68] [operator()] Thread in element PushQEl3yolov8s/input_layer1 is not running anymore, exiting..
[2026-06-09 13:17:43.659] [2224] [HailoRT] [info] [queue_elements.cpp:46] [~BaseQueueElement] Queue element PushQEl3yolov8s/input_layer1 has 0 frames in his Queue on destruction
[2026-06-09 13:17:43.659] [2224] [HailoRT] [info] [core_op.cpp:186] [deactivate] Deactivating took 0.569513 ms
[2026-06-09 13:17:43.659] [2224] [HailoRT] [info] [core_op.cpp:186] [deactivate] Deactivating took 0.577202 ms
[2026-06-09 13:17:46.358] [2224] [HailoRT] [info] [core_op.cpp:156] [activate] Activating yolov8s took 0.873911 milliseconds. Note that the function is asynchronous and thus the network is not fully activated yet.
[2026-06-09 13:17:46.358] [2224] [HailoRT] [info] [core_op.cpp:156] [activate] Activating yolov8s took 0.904548 milliseconds. Note that the function is asynchronous and thus the network is not fully activated yet.
[2026-06-09 13:17:46.358] [2224] [HailoRT] [info] [edge_elements.cpp:52] [create] Created (HwWriteEl3yolov8s/input_layer1 | hw_frame_size: 1228800)
[2026-06-09 13:17:46.358] [2224] [HailoRT] [info] [queue_elements.cpp:284] [create] Created (PushQEl3yolov8s/input_layer1 | timeout: 10s)
[2026-06-09 13:17:46.358] [2224] [HailoRT] [info] [filter_elements.cpp:101] [create] Created (PreInferEl3yolov8s/input_layer1 | Reorder - src_order: NHWC, src_shape: (640, 640, 3), dst_order: NHCW, dst_shape: (640, 640, 3))
[2026-06-09 13:17:46.358] [2224] [HailoRT] [info] [vstream.cpp:754] [InputVStreamImpl] Creating yolov8s/input_layer1...
[2026-06-09 13:17:46.358] [2224] [HailoRT] [info] [vstream_builder.cpp:102] [create_inputs] Input pipeline 'yolov8s/input_layer1': (PreInferEl3yolov8s/input_layer1 | Reorder - src_order: NHWC, src_shape: (640, 640, 3), dst_order: NHCW, dst_shape: (640, 640, 3)) >> (PushQEl3yolov8s/input_layer1 | timeout: 10s) >> (HwWriteEl3yolov8s/input_layer1 | hw_frame_size: 1228800) >> HW
[2026-06-09 13:17:46.358] [2224] [HailoRT] [info] [multi_io_elements.cpp:135] [create] Created (NmsPPMuxEl0YOLOV8-Post-Process | Op YOLOV8, Name: YOLOV8-Post-Process, Score threshold: 0.200, IoU threshold: 0.70, Classes: 80, Max bboxes per class: 100, Image height: 640, Image width: 640)
[2026-06-09 13:17:46.358] [2224] [HailoRT] [info] [edge_elements.cpp:287] [create] Created (HwReadEl9yolov8s/conv41_97 | hw_frame_size: 409600)
[2026-06-09 13:17:46.358] [2224] [HailoRT] [info] [queue_elements.cpp:657] [create] Created (PullQEl_nms9yolov8s/conv41_97 | timeout: 10s)
[2026-06-09 13:17:46.358] [2224] [HailoRT] [info] [edge_elements.cpp:287] [create] Created (HwReadEl7yolov8s/conv42_97 | hw_frame_size: 512000)
[2026-06-09 13:17:46.358] [2224] [HailoRT] [info] [queue_elements.cpp:657] [create] Created (PullQEl_nms7yolov8s/conv42_97 | timeout: 10s)
[2026-06-09 13:17:46.358] [2224] [HailoRT] [info] [edge_elements.cpp:287] [create] Created (HwReadEl1yolov8s/conv52_97 | hw_frame_size: 102400)
[2026-06-09 13:17:46.358] [2224] [HailoRT] [info] [queue_elements.cpp:657] [create] Created (PullQEl_nms1yolov8s/conv52_97 | timeout: 10s)
[2026-06-09 13:17:46.358] [2224] [HailoRT] [info] [edge_elements.cpp:287] [create] Created (HwReadEl0yolov8s/conv53_97 | hw_frame_size: 128000)
[2026-06-09 13:17:46.359] [2224] [HailoRT] [info] [queue_elements.cpp:657] [create] Created (PullQEl_nms0yolov8s/conv53_97 | timeout: 10s)
[2026-06-09 13:17:46.359] [2224] [HailoRT] [info] [edge_elements.cpp:287] [create] Created (HwReadEl3yolov8s/conv62_97 | hw_frame_size: 30720)
[2026-06-09 13:17:46.359] [2224] [HailoRT] [info] [queue_elements.cpp:657] [create] Created (PullQEl_nms3yolov8s/conv62_97 | timeout: 10s)
[2026-06-09 13:17:46.359] [2224] [HailoRT] [info] [edge_elements.cpp:287] [create] Created (HwReadEl2yolov8s/conv63_97 | hw_frame_size: 38400)
[2026-06-09 13:17:46.359] [2224] [HailoRT] [info] [queue_elements.cpp:657] [create] Created (PullQEl_nms2yolov8s/conv63_97 | timeout: 10s)
[2026-06-09 13:17:46.359] [2224] [HailoRT] [info] [queue_elements.cpp:800] [create] Created (UserBufQEl_post_infer0yolov8s/yolov8_nms_postprocess | timeout: 10s)
[2026-06-09 13:17:46.359] [2224] [HailoRT] [info] [vstream.cpp:1114] [OutputVStreamImpl] Creating yolov8s/yolov8_nms_postprocess...
[2026-06-09 13:17:46.359] [2224] [HailoRT] [info] [vstream_builder.cpp:622] [create_output_post_process_nms] Output pipeline 'yolov8s/yolov8_nms_postprocess': HW >> (HwReadEl9yolov8s/conv41_97 | hw_frame_size: 409600) >> (PullQEl_nms9yolov8s/conv41_97) >> (HwReadEl7yolov8s/conv42_97 | hw_frame_size: 512000) >> (PullQEl_nms7yolov8s/conv42_97) >> (HwReadEl1yolov8s/conv52_97 | hw_frame_size: 102400) >> (PullQEl_nms1yolov8s/conv52_97) >> (HwReadEl0yolov8s/conv53_97 | hw_frame_size: 128000) >> (PullQEl_nms0yolov8s/conv53_97) >> (HwReadEl3yolov8s/conv62_97 | hw_frame_size: 30720) >> (PullQEl_nms3yolov8s/conv62_97) >> (HwReadEl2yolov8s/conv63_97 | hw_frame_size: 38400) >> (PullQEl_nms2yolov8s/conv63_97) >> (NmsPPMuxEl0YOLOV8-Post-Process | Op YOLOV8, Name: YOLOV8-Post-Process, Score threshold: 0.200, IoU threshold: 0.70, Classes: 80, Max bboxes per class: 100, Image height: 640, Image width: 640) >> (UserBufQEl_post_infer0yolov8s/yolov8_nms_postprocess | timeout: 10s)
[2026-06-09 13:17:46.359] [5464] [HailoRT] [info] [vdevice_native_stream.cpp:331] [read_impl] Failed read from stream HAILO_STREAM_ABORT(63) (device: 0001:01:00.0)
[2026-06-09 13:17:46.359] [5464] [HailoRT] [info] [edge_elements.cpp:396] [run_pull] Reading from stream was aborted!
[2026-06-09 13:17:46.359] [5465] [HailoRT] [info] [vdevice_native_stream.cpp:331] [read_impl] Failed read from stream HAILO_STREAM_ABORT(63) (device: 0001:01:00.0)
[2026-06-09 13:17:46.359] [5464] [HailoRT] [info] [queue_elements.cpp:738] [run_in_thread] run_pull of queue element PullQEl_nms9yolov8s/conv41_97 was aborted!
[2026-06-09 13:17:46.359] [5467] [HailoRT] [info] [vdevice_native_stream.cpp:331] [read_impl] Failed read from stream HAILO_STREAM_ABORT(63) (device: 0001:01:00.0)
[2026-06-09 13:17:46.359] [5466] [HailoRT] [info] [queue_elements.cpp:734] [run_in_thread] Shutdown event was signaled in run_pull of queue element PullQEl_nms1yolov8s/conv52_97!
[2026-06-09 13:17:46.359] [5467] [HailoRT] [info] [edge_elements.cpp:396] [run_pull] Reading from stream was aborted!
[2026-06-09 13:17:46.359] [5468] [HailoRT] [info] [queue_elements.cpp:734] [run_in_thread] Shutdown event was signaled in run_pull of queue element PullQEl_nms3yolov8s/conv62_97!
[2026-06-09 13:17:46.359] [5469] [HailoRT] [info] [vdevice_native_stream.cpp:331] [read_impl] Failed read from stream HAILO_STREAM_ABORT(63) (device: 0001:01:00.0)
[2026-06-09 13:17:46.359] [5467] [HailoRT] [info] [queue_elements.cpp:738] [run_in_thread] run_pull of queue element PullQEl_nms0yolov8s/conv53_97 was aborted!
[2026-06-09 13:17:46.359] [5465] [HailoRT] [info] [edge_elements.cpp:396] [run_pull] Reading from stream was aborted!
[2026-06-09 13:17:46.359] [5469] [HailoRT] [info] [edge_elements.cpp:396] [run_pull] Reading from stream was aborted!
[2026-06-09 13:17:46.359] [5465] [HailoRT] [info] [queue_elements.cpp:738] [run_in_thread] run_pull of queue element PullQEl_nms7yolov8s/conv42_97 was aborted!
[2026-06-09 13:17:46.359] [5469] [HailoRT] [info] [queue_elements.cpp:738] [run_in_thread] run_pull of queue element PullQEl_nms2yolov8s/conv63_97 was aborted!
[2026-06-09 13:17:46.359] [5470] [HailoRT] [info] [queue_elements.cpp:68] [operator()] Thread in element UserBufQEl_post_infer0yolov8s/yolov8_nms_postprocess is not running anymore, exiting..
[2026-06-09 13:17:46.359] [2224] [HailoRT] [info] [queue_elements.cpp:46] [~BaseQueueElement] Queue element UserBufQEl_post_infer0yolov8s/yolov8_nms_postprocess has 0 frames in his Queue on destruction
[2026-06-09 13:17:46.359] [5469] [HailoRT] [info] [queue_elements.cpp:68] [operator()] Thread in element PullQEl_nms2yolov8s/conv63_97 is not running anymore, exiting..
[2026-06-09 13:17:46.359] [2224] [HailoRT] [info] [queue_elements.cpp:46] [~BaseQueueElement] Queue element PullQEl_nms2yolov8s/conv63_97 has 0 frames in his Queue on destruction
[2026-06-09 13:17:46.359] [5468] [HailoRT] [info] [queue_elements.cpp:68] [operator()] Thread in element PullQEl_nms3yolov8s/conv62_97 is not running anymore, exiting..
[2026-06-09 13:17:46.359] [2224] [HailoRT] [info] [queue_elements.cpp:46] [~BaseQueueElement] Queue element PullQEl_nms3yolov8s/conv62_97 has 0 frames in his Queue on destruction
[2026-06-09 13:17:46.359] [5467] [HailoRT] [info] [queue_elements.cpp:68] [operator()] Thread in element PullQEl_nms0yolov8s/conv53_97 is not running anymore, exiting..
[2026-06-09 13:17:46.359] [2224] [HailoRT] [info] [queue_elements.cpp:46] [~BaseQueueElement] Queue element PullQEl_nms0yolov8s/conv53_97 has 0 frames in his Queue on destruction
[2026-06-09 13:17:46.359] [5466] [HailoRT] [info] [queue_elements.cpp:68] [operator()] Thread in element PullQEl_nms1yolov8s/conv52_97 is not running anymore, exiting..
[2026-06-09 13:17:46.359] [2224] [HailoRT] [info] [queue_elements.cpp:46] [~BaseQueueElement] Queue element PullQEl_nms1yolov8s/conv52_97 has 0 frames in his Queue on destruction
[2026-06-09 13:17:46.359] [5465] [HailoRT] [info] [queue_elements.cpp:68] [operator()] Thread in element PullQEl_nms7yolov8s/conv42_97 is not running anymore, exiting..
[2026-06-09 13:17:46.359] [2224] [HailoRT] [info] [queue_elements.cpp:46] [~BaseQueueElement] Queue element PullQEl_nms7yolov8s/conv42_97 has 0 frames in his Queue on destruction
[2026-06-09 13:17:46.359] [5464] [HailoRT] [info] [queue_elements.cpp:68] [operator()] Thread in element PullQEl_nms9yolov8s/conv41_97 is not running anymore, exiting..
[2026-06-09 13:17:46.359] [2224] [HailoRT] [info] [queue_elements.cpp:46] [~BaseQueueElement] Queue element PullQEl_nms9yolov8s/conv41_97 has 0 frames in his Queue on destruction
[2026-06-09 13:17:46.359] [5463] [HailoRT] [info] [queue_elements.cpp:68] [operator()] Thread in element PushQEl3yolov8s/input_layer1 is not running anymore, exiting..
[2026-06-09 13:17:46.359] [2224] [HailoRT] [info] [queue_elements.cpp:46] [~BaseQueueElement] Queue element PushQEl3yolov8s/input_layer1 has 0 frames in his Queue on destruction
[2026-06-09 13:17:46.360] [2224] [HailoRT] [info] [core_op.cpp:186] [deactivate] Deactivating took 0.589133 ms
[2026-06-09 13:17:46.360] [2224] [HailoRT] [info] [core_op.cpp:186] [deactivate] Deactivating took 0.599566 ms
[2026-06-09 13:17:49.219] [2224] [HailoRT] [info] [core_op.cpp:156] [activate] Activating yolov8s took 0.763524 milliseconds. Note that the function is asynchronous and thus the network is not fully activated yet.
[2026-06-09 13:17:49.219] [2224] [HailoRT] [info] [core_op.cpp:156] [activate] Activating yolov8s took 0.791711 milliseconds. Note that the function is asynchronous and thus the network is not fully activated yet.
[2026-06-09 13:17:49.219] [2224] [HailoRT] [info] [edge_elements.cpp:52] [create] Created (HwWriteEl3yolov8s/input_layer1 | hw_frame_size: 1228800)
[2026-06-09 13:17:49.219] [2224] [HailoRT] [info] [queue_elements.cpp:284] [create] Created (PushQEl3yolov8s/input_layer1 | timeout: 10s)
[2026-06-09 13:17:49.219] [2224] [HailoRT] [info] [filter_elements.cpp:101] [create] Created (PreInferEl3yolov8s/input_layer1 | Reorder - src_order: NHWC, src_shape: (640, 640, 3), dst_order: NHCW, dst_shape: (640, 640, 3))
[2026-06-09 13:17:49.219] [2224] [HailoRT] [info] [vstream.cpp:754] [InputVStreamImpl] Creating yolov8s/input_layer1...
[2026-06-09 13:17:49.219] [2224] [HailoRT] [info] [vstream_builder.cpp:102] [create_inputs] Input pipeline 'yolov8s/input_layer1': (PreInferEl3yolov8s/input_layer1 | Reorder - src_order: NHWC, src_shape: (640, 640, 3), dst_order: NHCW, dst_shape: (640, 640, 3)) >> (PushQEl3yolov8s/input_layer1 | timeout: 10s) >> (HwWriteEl3yolov8s/input_layer1 | hw_frame_size: 1228800) >> HW
[2026-06-09 13:17:49.219] [2224] [HailoRT] [info] [multi_io_elements.cpp:135] [create] Created (NmsPPMuxEl0YOLOV8-Post-Process | Op YOLOV8, Name: YOLOV8-Post-Process, Score threshold: 0.200, IoU threshold: 0.70, Classes: 80, Max bboxes per class: 100, Image height: 640, Image width: 640)
[2026-06-09 13:17:49.219] [2224] [HailoRT] [info] [edge_elements.cpp:287] [create] Created (HwReadEl9yolov8s/conv41_97 | hw_frame_size: 409600)
[2026-06-09 13:17:49.219] [2224] [HailoRT] [info] [queue_elements.cpp:657] [create] Created (PullQEl_nms9yolov8s/conv41_97 | timeout: 10s)
[2026-06-09 13:17:49.219] [2224] [HailoRT] [info] [edge_elements.cpp:287] [create] Created (HwReadEl7yolov8s/conv42_97 | hw_frame_size: 512000)
[2026-06-09 13:17:49.219] [2224] [HailoRT] [info] [queue_elements.cpp:657] [create] Created (PullQEl_nms7yolov8s/conv42_97 | timeout: 10s)
[2026-06-09 13:17:49.219] [2224] [HailoRT] [info] [edge_elements.cpp:287] [create] Created (HwReadEl1yolov8s/conv52_97 | hw_frame_size: 102400)
[2026-06-09 13:17:49.219] [2224] [HailoRT] [info] [queue_elements.cpp:657] [create] Created (PullQEl_nms1yolov8s/conv52_97 | timeout: 10s)
[2026-06-09 13:17:49.219] [2224] [HailoRT] [info] [edge_elements.cpp:287] [create] Created (HwReadEl0yolov8s/conv53_97 | hw_frame_size: 128000)
[2026-06-09 13:17:49.219] [2224] [HailoRT] [info] [queue_elements.cpp:657] [create] Created (PullQEl_nms0yolov8s/conv53_97 | timeout: 10s)
[2026-06-09 13:17:49.219] [2224] [HailoRT] [info] [edge_elements.cpp:287] [create] Created (HwReadEl3yolov8s/conv62_97 | hw_frame_size: 30720)
[2026-06-09 13:17:49.219] [2224] [HailoRT] [info] [queue_elements.cpp:657] [create] Created (PullQEl_nms3yolov8s/conv62_97 | timeout: 10s)
[2026-06-09 13:17:49.219] [2224] [HailoRT] [info] [edge_elements.cpp:287] [create] Created (HwReadEl2yolov8s/conv63_97 | hw_frame_size: 38400)
[2026-06-09 13:17:49.219] [2224] [HailoRT] [info] [queue_elements.cpp:657] [create] Created (PullQEl_nms2yolov8s/conv63_97 | timeout: 10s)
[2026-06-09 13:17:49.219] [2224] [HailoRT] [info] [queue_elements.cpp:800] [create] Created (UserBufQEl_post_infer0yolov8s/yolov8_nms_postprocess | timeout: 10s)
[2026-06-09 13:17:49.219] [2224] [HailoRT] [info] [vstream.cpp:1114] [OutputVStreamImpl] Creating yolov8s/yolov8_nms_postprocess...
[2026-06-09 13:17:49.220] [2224] [HailoRT] [info] [vstream_builder.cpp:622] [create_output_post_process_nms] Output pipeline 'yolov8s/yolov8_nms_postprocess': HW >> (HwReadEl9yolov8s/conv41_97 | hw_frame_size: 409600) >> (PullQEl_nms9yolov8s/conv41_97) >> (HwReadEl7yolov8s/conv42_97 | hw_frame_size: 512000) >> (PullQEl_nms7yolov8s/conv42_97) >> (HwReadEl1yolov8s/conv52_97 | hw_frame_size: 102400) >> (PullQEl_nms1yolov8s/conv52_97) >> (HwReadEl0yolov8s/conv53_97 | hw_frame_size: 128000) >> (PullQEl_nms0yolov8s/conv53_97) >> (HwReadEl3yolov8s/conv62_97 | hw_frame_size: 30720) >> (PullQEl_nms3yolov8s/conv62_97) >> (HwReadEl2yolov8s/conv63_97 | hw_frame_size: 38400) >> (PullQEl_nms2yolov8s/conv63_97) >> (NmsPPMuxEl0YOLOV8-Post-Process | Op YOLOV8, Name: YOLOV8-Post-Process, Score threshold: 0.200, IoU threshold: 0.70, Classes: 80, Max bboxes per class: 100, Image height: 640, Image width: 640) >> (UserBufQEl_post_infer0yolov8s/yolov8_nms_postprocess | timeout: 10s)
[2026-06-09 13:17:49.220] [5489] [HailoRT] [info] [vdevice_native_stream.cpp:331] [read_impl] Failed read from stream HAILO_STREAM_ABORT(63) (device: 0001:01:00.0)
[2026-06-09 13:17:49.220] [5491] [HailoRT] [info] [vdevice_native_stream.cpp:331] [read_impl] Failed read from stream HAILO_STREAM_ABORT(63) (device: 0001:01:00.0)
[2026-06-09 13:17:49.220] [5489] [HailoRT] [info] [edge_elements.cpp:396] [run_pull] Reading from stream was aborted!
[2026-06-09 13:17:49.220] [5490] [HailoRT] [info] [vdevice_native_stream.cpp:331] [read_impl] Failed read from stream HAILO_STREAM_ABORT(63) (device: 0001:01:00.0)
[2026-06-09 13:17:49.220] [5492] [HailoRT] [info] [vdevice_native_stream.cpp:331] [read_impl] Failed read from stream HAILO_STREAM_ABORT(63) (device: 0001:01:00.0)
[2026-06-09 13:17:49.220] [5490] [HailoRT] [info] [edge_elements.cpp:396] [run_pull] Reading from stream was aborted!
[2026-06-09 13:17:49.220] [5492] [HailoRT] [info] [edge_elements.cpp:396] [run_pull] Reading from stream was aborted!
[2026-06-09 13:17:49.220] [5489] [HailoRT] [info] [queue_elements.cpp:738] [run_in_thread] run_pull of queue element PullQEl_nms7yolov8s/conv42_97 was aborted!
[2026-06-09 13:17:49.220] [5490] [HailoRT] [info] [queue_elements.cpp:738] [run_in_thread] run_pull of queue element PullQEl_nms1yolov8s/conv52_97 was aborted!
[2026-06-09 13:17:49.220] [5492] [HailoRT] [info] [queue_elements.cpp:738] [run_in_thread] run_pull of queue element PullQEl_nms3yolov8s/conv62_97 was aborted!
[2026-06-09 13:17:49.220] [5493] [HailoRT] [info] [vdevice_native_stream.cpp:331] [read_impl] Failed read from stream HAILO_STREAM_ABORT(63) (device: 0001:01:00.0)
[2026-06-09 13:17:49.220] [5493] [HailoRT] [info] [edge_elements.cpp:396] [run_pull] Reading from stream was aborted!
[2026-06-09 13:17:49.220] [5493] [HailoRT] [info] [queue_elements.cpp:738] [run_in_thread] run_pull of queue element PullQEl_nms2yolov8s/conv63_97 was aborted!
[2026-06-09 13:17:49.220] [5491] [HailoRT] [info] [edge_elements.cpp:396] [run_pull] Reading from stream was aborted!
[2026-06-09 13:17:49.220] [5488] [HailoRT] [info] [vdevice_native_stream.cpp:331] [read_impl] Failed read from stream HAILO_STREAM_ABORT(63) (device: 0001:01:00.0)
[2026-06-09 13:17:49.220] [5491] [HailoRT] [info] [queue_elements.cpp:738] [run_in_thread] run_pull of queue element PullQEl_nms0yolov8s/conv53_97 was aborted!
[2026-06-09 13:17:49.220] [5488] [HailoRT] [info] [edge_elements.cpp:396] [run_pull] Reading from stream was aborted!
[2026-06-09 13:17:49.220] [5488] [HailoRT] [info] [queue_elements.cpp:738] [run_in_thread] run_pull of queue element PullQEl_nms9yolov8s/conv41_97 was aborted!
[2026-06-09 13:17:49.220] [5494] [HailoRT] [info] [queue_elements.cpp:68] [operator()] Thread in element UserBufQEl_post_infer0yolov8s/yolov8_nms_postprocess is not running anymore, exiting..
[2026-06-09 13:17:49.220] [2224] [HailoRT] [info] [queue_elements.cpp:46] [~BaseQueueElement] Queue element UserBufQEl_post_infer0yolov8s/yolov8_nms_postprocess has 0 frames in his Queue on destruction
[2026-06-09 13:17:49.220] [5493] [HailoRT] [info] [queue_elements.cpp:68] [operator()] Thread in element PullQEl_nms2yolov8s/conv63_97 is not running anymore, exiting..
[2026-06-09 13:17:49.220] [2224] [HailoRT] [info] [queue_elements.cpp:46] [~BaseQueueElement] Queue element PullQEl_nms2yolov8s/conv63_97 has 0 frames in his Queue on destruction
[2026-06-09 13:17:49.220] [5492] [HailoRT] [info] [queue_elements.cpp:68] [operator()] Thread in element PullQEl_nms3yolov8s/conv62_97 is not running anymore, exiting..
[2026-06-09 13:17:49.220] [2224] [HailoRT] [info] [queue_elements.cpp:46] [~BaseQueueElement] Queue element PullQEl_nms3yolov8s/conv62_97 has 0 frames in his Queue on destruction
[2026-06-09 13:17:49.220] [5491] [HailoRT] [info] [queue_elements.cpp:68] [operator()] Thread in element PullQEl_nms0yolov8s/conv53_97 is not running anymore, exiting..
[2026-06-09 13:17:49.220] [2224] [HailoRT] [info] [queue_elements.cpp:46] [~BaseQueueElement] Queue element PullQEl_nms0yolov8s/conv53_97 has 0 frames in his Queue on destruction
[2026-06-09 13:17:49.220] [5490] [HailoRT] [info] [queue_elements.cpp:68] [operator()] Thread in element PullQEl_nms1yolov8s/conv52_97 is not running anymore, exiting..
[2026-06-09 13:17:49.220] [2224] [HailoRT] [info] [queue_elements.cpp:46] [~BaseQueueElement] Queue element PullQEl_nms1yolov8s/conv52_97 has 0 frames in his Queue on destruction
[2026-06-09 13:17:49.220] [5489] [HailoRT] [info] [queue_elements.cpp:68] [operator()] Thread in element PullQEl_nms7yolov8s/conv42_97 is not running anymore, exiting..
[2026-06-09 13:17:49.220] [2224] [HailoRT] [info] [queue_elements.cpp:46] [~BaseQueueElement] Queue element PullQEl_nms7yolov8s/conv42_97 has 0 frames in his Queue on destruction
[2026-06-09 13:17:49.220] [5488] [HailoRT] [info] [queue_elements.cpp:68] [operator()] Thread in element PullQEl_nms9yolov8s/conv41_97 is not running anymore, exiting..
[2026-06-09 13:17:49.220] [2224] [HailoRT] [info] [queue_elements.cpp:46] [~BaseQueueElement] Queue element PullQEl_nms9yolov8s/conv41_97 has 0 frames in his Queue on destruction
[2026-06-09 13:17:49.220] [5487] [HailoRT] [info] [queue_elements.cpp:68] [operator()] Thread in element PushQEl3yolov8s/input_layer1 is not running anymore, exiting..
[2026-06-09 13:17:49.220] [2224] [HailoRT] [info] [queue_elements.cpp:46] [~BaseQueueElement] Queue element PushQEl3yolov8s/input_layer1 has 0 frames in his Queue on destruction
[2026-06-09 13:17:49.221] [2224] [HailoRT] [info] [core_op.cpp:186] [deactivate] Deactivating took 0.612399 ms
[2026-06-09 13:17:49.221] [2224] [HailoRT] [info] [core_op.cpp:186] [deactivate] Deactivating took 0.620115 ms
[2026-06-09 13:17:51.975] [2224] [HailoRT] [info] [core_op.cpp:156] [activate] Activating yolov8s took 0.868798 milliseconds. Note that the function is asynchronous and thus the network is not fully activated yet.
[2026-06-09 13:17:51.975] [2224] [HailoRT] [info] [core_op.cpp:156] [activate] Activating yolov8s took 0.899775 milliseconds. Note that the function is asynchronous and thus the network is not fully activated yet.
[2026-06-09 13:17:51.975] [2224] [HailoRT] [info] [edge_elements.cpp:52] [create] Created (HwWriteEl3yolov8s/input_layer1 | hw_frame_size: 1228800)
[2026-06-09 13:17:51.976] [2224] [HailoRT] [info] [queue_elements.cpp:284] [create] Created (PushQEl3yolov8s/input_layer1 | timeout: 10s)
[2026-06-09 13:17:51.976] [2224] [HailoRT] [info] [filter_elements.cpp:101] [create] Created (PreInferEl3yolov8s/input_layer1 | Reorder - src_order: NHWC, src_shape: (640, 640, 3), dst_order: NHCW, dst_shape: (640, 640, 3))
[2026-06-09 13:17:51.976] [2224] [HailoRT] [info] [vstream.cpp:754] [InputVStreamImpl] Creating yolov8s/input_layer1...
[2026-06-09 13:17:51.976] [2224] [HailoRT] [info] [vstream_builder.cpp:102] [create_inputs] Input pipeline 'yolov8s/input_layer1': (PreInferEl3yolov8s/input_layer1 | Reorder - src_order: NHWC, src_shape: (640, 640, 3), dst_order: NHCW, dst_shape: (640, 640, 3)) >> (PushQEl3yolov8s/input_layer1 | timeout: 10s) >> (HwWriteEl3yolov8s/input_layer1 | hw_frame_size: 1228800) >> HW
[2026-06-09 13:17:51.976] [2224] [HailoRT] [info] [multi_io_elements.cpp:135] [create] Created (NmsPPMuxEl0YOLOV8-Post-Process | Op YOLOV8, Name: YOLOV8-Post-Process, Score threshold: 0.200, IoU threshold: 0.70, Classes: 80, Max bboxes per class: 100, Image height: 640, Image width: 640)
[2026-06-09 13:17:51.976] [2224] [HailoRT] [info] [edge_elements.cpp:287] [create] Created (HwReadEl9yolov8s/conv41_97 | hw_frame_size: 409600)
[2026-06-09 13:17:51.976] [2224] [HailoRT] [info] [queue_elements.cpp:657] [create] Created (PullQEl_nms9yolov8s/conv41_97 | timeout: 10s)
[2026-06-09 13:17:51.976] [2224] [HailoRT] [info] [edge_elements.cpp:287] [create] Created (HwReadEl7yolov8s/conv42_97 | hw_frame_size: 512000)
[2026-06-09 13:17:51.976] [2224] [HailoRT] [info] [queue_elements.cpp:657] [create] Created (PullQEl_nms7yolov8s/conv42_97 | timeout: 10s)
[2026-06-09 13:17:51.976] [2224] [HailoRT] [info] [edge_elements.cpp:287] [create] Created (HwReadEl1yolov8s/conv52_97 | hw_frame_size: 102400)
[2026-06-09 13:17:51.976] [2224] [HailoRT] [info] [queue_elements.cpp:657] [create] Created (PullQEl_nms1yolov8s/conv52_97 | timeout: 10s)
[2026-06-09 13:17:51.976] [2224] [HailoRT] [info] [edge_elements.cpp:287] [create] Created (HwReadEl0yolov8s/conv53_97 | hw_frame_size: 128000)
[2026-06-09 13:17:51.976] [2224] [HailoRT] [info] [queue_elements.cpp:657] [create] Created (PullQEl_nms0yolov8s/conv53_97 | timeout: 10s)
[2026-06-09 13:17:51.976] [2224] [HailoRT] [info] [edge_elements.cpp:287] [create] Created (HwReadEl3yolov8s/conv62_97 | hw_frame_size: 30720)
[2026-06-09 13:17:51.976] [2224] [HailoRT] [info] [queue_elements.cpp:657] [create] Created (PullQEl_nms3yolov8s/conv62_97 | timeout: 10s)
[2026-06-09 13:17:51.976] [2224] [HailoRT] [info] [edge_elements.cpp:287] [create] Created (HwReadEl2yolov8s/conv63_97 | hw_frame_size: 38400)
[2026-06-09 13:17:51.976] [2224] [HailoRT] [info] [queue_elements.cpp:657] [create] Created (PullQEl_nms2yolov8s/conv63_97 | timeout: 10s)
[2026-06-09 13:17:51.976] [2224] [HailoRT] [info] [queue_elements.cpp:800] [create] Created (UserBufQEl_post_infer0yolov8s/yolov8_nms_postprocess | timeout: 10s)
[2026-06-09 13:17:51.976] [2224] [HailoRT] [info] [vstream.cpp:1114] [OutputVStreamImpl] Creating yolov8s/yolov8_nms_postprocess...
[2026-06-09 13:17:51.976] [2224] [HailoRT] [info] [vstream_builder.cpp:622] [create_output_post_process_nms] Output pipeline 'yolov8s/yolov8_nms_postprocess': HW >> (HwReadEl9yolov8s/conv41_97 | hw_frame_size: 409600) >> (PullQEl_nms9yolov8s/conv41_97) >> (HwReadEl7yolov8s/conv42_97 | hw_frame_size: 512000) >> (PullQEl_nms7yolov8s/conv42_97) >> (HwReadEl1yolov8s/conv52_97 | hw_frame_size: 102400) >> (PullQEl_nms1yolov8s/conv52_97) >> (HwReadEl0yolov8s/conv53_97 | hw_frame_size: 128000) >> (PullQEl_nms0yolov8s/conv53_97) >> (HwReadEl3yolov8s/conv62_97 | hw_frame_size: 30720) >> (PullQEl_nms3yolov8s/conv62_97) >> (HwReadEl2yolov8s/conv63_97 | hw_frame_size: 38400) >> (PullQEl_nms2yolov8s/conv63_97) >> (NmsPPMuxEl0YOLOV8-Post-Process | Op YOLOV8, Name: YOLOV8-Post-Process, Score threshold: 0.200, IoU threshold: 0.70, Classes: 80, Max bboxes per class: 100, Image height: 640, Image width: 640) >> (UserBufQEl_post_infer0yolov8s/yolov8_nms_postprocess | timeout: 10s)
[2026-06-09 13:17:51.976] [5510] [HailoRT] [info] [vdevice_native_stream.cpp:331] [read_impl] Failed read from stream HAILO_STREAM_ABORT(63) (device: 0001:01:00.0)
[2026-06-09 13:17:51.976] [5512] [HailoRT] [info] [queue_elements.cpp:734] [run_in_thread] Shutdown event was signaled in run_pull of queue element PullQEl_nms0yolov8s/conv53_97!
[2026-06-09 13:17:51.976] [5509] [HailoRT] [info] [vdevice_native_stream.cpp:331] [read_impl] Failed read from stream HAILO_STREAM_ABORT(63) (device: 0001:01:00.0)
[2026-06-09 13:17:51.977] [5509] [HailoRT] [info] [edge_elements.cpp:396] [run_pull] Reading from stream was aborted!
[2026-06-09 13:17:51.977] [5513] [HailoRT] [info] [queue_elements.cpp:734] [run_in_thread] Shutdown event was signaled in run_pull of queue element PullQEl_nms3yolov8s/conv62_97!
[2026-06-09 13:17:51.976] [5510] [HailoRT] [info] [edge_elements.cpp:396] [run_pull] Reading from stream was aborted!
[2026-06-09 13:17:51.976] [5511] [HailoRT] [info] [vdevice_native_stream.cpp:331] [read_impl] Failed read from stream HAILO_STREAM_ABORT(63) (device: 0001:01:00.0)
[2026-06-09 13:17:51.977] [5514] [HailoRT] [info] [queue_elements.cpp:734] [run_in_thread] Shutdown event was signaled in run_pull of queue element PullQEl_nms2yolov8s/conv63_97!
[2026-06-09 13:17:51.977] [5510] [HailoRT] [info] [queue_elements.cpp:738] [run_in_thread] run_pull of queue element PullQEl_nms7yolov8s/conv42_97 was aborted!
[2026-06-09 13:17:51.977] [5511] [HailoRT] [info] [edge_elements.cpp:396] [run_pull] Reading from stream was aborted!
[2026-06-09 13:17:51.977] [5509] [HailoRT] [info] [queue_elements.cpp:738] [run_in_thread] run_pull of queue element PullQEl_nms9yolov8s/conv41_97 was aborted!
[2026-06-09 13:17:51.977] [5511] [HailoRT] [info] [queue_elements.cpp:738] [run_in_thread] run_pull of queue element PullQEl_nms1yolov8s/conv52_97 was aborted!
[2026-06-09 13:17:51.977] [5515] [HailoRT] [info] [queue_elements.cpp:68] [operator()] Thread in element UserBufQEl_post_infer0yolov8s/yolov8_nms_postprocess is not running anymore, exiting..
[2026-06-09 13:17:51.977] [2224] [HailoRT] [info] [queue_elements.cpp:46] [~BaseQueueElement] Queue element UserBufQEl_post_infer0yolov8s/yolov8_nms_postprocess has 0 frames in his Queue on destruction
[2026-06-09 13:17:51.977] [5514] [HailoRT] [info] [queue_elements.cpp:68] [operator()] Thread in element PullQEl_nms2yolov8s/conv63_97 is not running anymore, exiting..
[2026-06-09 13:17:51.977] [2224] [HailoRT] [info] [queue_elements.cpp:46] [~BaseQueueElement] Queue element PullQEl_nms2yolov8s/conv63_97 has 0 frames in his Queue on destruction
[2026-06-09 13:17:51.977] [5513] [HailoRT] [info] [queue_elements.cpp:68] [operator()] Thread in element PullQEl_nms3yolov8s/conv62_97 is not running anymore, exiting..
[2026-06-09 13:17:51.977] [2224] [HailoRT] [info] [queue_elements.cpp:46] [~BaseQueueElement] Queue element PullQEl_nms3yolov8s/conv62_97 has 0 frames in his Queue on destruction
[2026-06-09 13:17:51.977] [5512] [HailoRT] [info] [queue_elements.cpp:68] [operator()] Thread in element PullQEl_nms0yolov8s/conv53_97 is not running anymore, exiting..
[2026-06-09 13:17:51.977] [2224] [HailoRT] [info] [queue_elements.cpp:46] [~BaseQueueElement] Queue element PullQEl_nms0yolov8s/conv53_97 has 0 frames in his Queue on destruction
[2026-06-09 13:17:51.977] [5511] [HailoRT] [info] [queue_elements.cpp:68] [operator()] Thread in element PullQEl_nms1yolov8s/conv52_97 is not running anymore, exiting..
[2026-06-09 13:17:51.977] [2224] [HailoRT] [info] [queue_elements.cpp:46] [~BaseQueueElement] Queue element PullQEl_nms1yolov8s/conv52_97 has 0 frames in his Queue on destruction
[2026-06-09 13:17:51.977] [5510] [HailoRT] [info] [queue_elements.cpp:68] [operator()] Thread in element PullQEl_nms7yolov8s/conv42_97 is not running anymore, exiting..
[2026-06-09 13:17:51.977] [2224] [HailoRT] [info] [queue_elements.cpp:46] [~BaseQueueElement] Queue element PullQEl_nms7yolov8s/conv42_97 has 0 frames in his Queue on destruction
[2026-06-09 13:17:51.977] [5509] [HailoRT] [info] [queue_elements.cpp:68] [operator()] Thread in element PullQEl_nms9yolov8s/conv41_97 is not running anymore, exiting..
[2026-06-09 13:17:51.977] [2224] [HailoRT] [info] [queue_elements.cpp:46] [~BaseQueueElement] Queue element PullQEl_nms9yolov8s/conv41_97 has 0 frames in his Queue on destruction
[2026-06-09 13:17:51.977] [5508] [HailoRT] [info] [queue_elements.cpp:68] [operator()] Thread in element PushQEl3yolov8s/input_layer1 is not running anymore, exiting..
[2026-06-09 13:17:51.977] [2224] [HailoRT] [info] [queue_elements.cpp:46] [~BaseQueueElement] Queue element PushQEl3yolov8s/input_layer1 has 0 frames in his Queue on destruction
[2026-06-09 13:17:51.978] [2224] [HailoRT] [info] [core_op.cpp:186] [deactivate] Deactivating took 0.594721 ms
[2026-06-09 13:17:51.978] [2224] [HailoRT] [info] [core_op.cpp:186] [deactivate] Deactivating took 0.605563 ms
[2026-06-09 13:17:54.726] [2224] [HailoRT] [info] [core_op.cpp:156] [activate] Activating yolov8s took 0.906793 milliseconds. Note that the function is asynchronous and thus the network is not fully activated yet.
[2026-06-09 13:17:54.726] [2224] [HailoRT] [info] [core_op.cpp:156] [activate] Activating yolov8s took 0.938901 milliseconds. Note that the function is asynchronous and thus the network is not fully activated yet.
[2026-06-09 13:17:54.726] [2224] [HailoRT] [info] [edge_elements.cpp:52] [create] Created (HwWriteEl3yolov8s/input_layer1 | hw_frame_size: 1228800)
[2026-06-09 13:17:54.726] [2224] [HailoRT] [info] [queue_elements.cpp:284] [create] Created (PushQEl3yolov8s/input_layer1 | timeout: 10s)
[2026-06-09 13:17:54.726] [2224] [HailoRT] [info] [filter_elements.cpp:101] [create] Created (PreInferEl3yolov8s/input_layer1 | Reorder - src_order: NHWC, src_shape: (640, 640, 3), dst_order: NHCW, dst_shape: (640, 640, 3))
[2026-06-09 13:17:54.726] [2224] [HailoRT] [info] [vstream.cpp:754] [InputVStreamImpl] Creating yolov8s/input_layer1...
[2026-06-09 13:17:54.726] [2224] [HailoRT] [info] [vstream_builder.cpp:102] [create_inputs] Input pipeline 'yolov8s/input_layer1': (PreInferEl3yolov8s/input_layer1 | Reorder - src_order: NHWC, src_shape: (640, 640, 3), dst_order: NHCW, dst_shape: (640, 640, 3)) >> (PushQEl3yolov8s/input_layer1 | timeout: 10s) >> (HwWriteEl3yolov8s/input_layer1 | hw_frame_size: 1228800) >> HW
[2026-06-09 13:17:54.727] [2224] [HailoRT] [info] [multi_io_elements.cpp:135] [create] Created (NmsPPMuxEl0YOLOV8-Post-Process | Op YOLOV8, Name: YOLOV8-Post-Process, Score threshold: 0.200, IoU threshold: 0.70, Classes: 80, Max bboxes per class: 100, Image height: 640, Image width: 640)
[2026-06-09 13:17:54.727] [2224] [HailoRT] [info] [edge_elements.cpp:287] [create] Created (HwReadEl9yolov8s/conv41_97 | hw_frame_size: 409600)
[2026-06-09 13:17:54.727] [2224] [HailoRT] [info] [queue_elements.cpp:657] [create] Created (PullQEl_nms9yolov8s/conv41_97 | timeout: 10s)
[2026-06-09 13:17:54.727] [2224] [HailoRT] [info] [edge_elements.cpp:287] [create] Created (HwReadEl7yolov8s/conv42_97 | hw_frame_size: 512000)
[2026-06-09 13:17:54.727] [2224] [HailoRT] [info] [queue_elements.cpp:657] [create] Created (PullQEl_nms7yolov8s/conv42_97 | timeout: 10s)
[2026-06-09 13:17:54.727] [2224] [HailoRT] [info] [edge_elements.cpp:287] [create] Created (HwReadEl1yolov8s/conv52_97 | hw_frame_size: 102400)
[2026-06-09 13:17:54.727] [2224] [HailoRT] [info] [queue_elements.cpp:657] [create] Created (PullQEl_nms1yolov8s/conv52_97 | timeout: 10s)
[2026-06-09 13:17:54.727] [2224] [HailoRT] [info] [edge_elements.cpp:287] [create] Created (HwReadEl0yolov8s/conv53_97 | hw_frame_size: 128000)
[2026-06-09 13:17:54.727] [2224] [HailoRT] [info] [queue_elements.cpp:657] [create] Created (PullQEl_nms0yolov8s/conv53_97 | timeout: 10s)
[2026-06-09 13:17:54.727] [2224] [HailoRT] [info] [edge_elements.cpp:287] [create] Created (HwReadEl3yolov8s/conv62_97 | hw_frame_size: 30720)
[2026-06-09 13:17:54.727] [2224] [HailoRT] [info] [queue_elements.cpp:657] [create] Created (PullQEl_nms3yolov8s/conv62_97 | timeout: 10s)
[2026-06-09 13:17:54.727] [2224] [HailoRT] [info] [edge_elements.cpp:287] [create] Created (HwReadEl2yolov8s/conv63_97 | hw_frame_size: 38400)
[2026-06-09 13:17:54.727] [2224] [HailoRT] [info] [queue_elements.cpp:657] [create] Created (PullQEl_nms2yolov8s/conv63_97 | timeout: 10s)
[2026-06-09 13:17:54.727] [2224] [HailoRT] [info] [queue_elements.cpp:800] [create] Created (UserBufQEl_post_infer0yolov8s/yolov8_nms_postprocess | timeout: 10s)
[2026-06-09 13:17:54.727] [2224] [HailoRT] [info] [vstream.cpp:1114] [OutputVStreamImpl] Creating yolov8s/yolov8_nms_postprocess...
[2026-06-09 13:17:54.727] [2224] [HailoRT] [info] [vstream_builder.cpp:622] [create_output_post_process_nms] Output pipeline 'yolov8s/yolov8_nms_postprocess': HW >> (HwReadEl9yolov8s/conv41_97 | hw_frame_size: 409600) >> (PullQEl_nms9yolov8s/conv41_97) >> (HwReadEl7yolov8s/conv42_97 | hw_frame_size: 512000) >> (PullQEl_nms7yolov8s/conv42_97) >> (HwReadEl1yolov8s/conv52_97 | hw_frame_size: 102400) >> (PullQEl_nms1yolov8s/conv52_97) >> (HwReadEl0yolov8s/conv53_97 | hw_frame_size: 128000) >> (PullQEl_nms0yolov8s/conv53_97) >> (HwReadEl3yolov8s/conv62_97 | hw_frame_size: 30720) >> (PullQEl_nms3yolov8s/conv62_97) >> (HwReadEl2yolov8s/conv63_97 | hw_frame_size: 38400) >> (PullQEl_nms2yolov8s/conv63_97) >> (NmsPPMuxEl0YOLOV8-Post-Process | Op YOLOV8, Name: YOLOV8-Post-Process, Score threshold: 0.200, IoU threshold: 0.70, Classes: 80, Max bboxes per class: 100, Image height: 640, Image width: 640) >> (UserBufQEl_post_infer0yolov8s/yolov8_nms_postprocess | timeout: 10s)
[2026-06-09 13:17:54.727] [5531] [HailoRT] [info] [vdevice_native_stream.cpp:331] [read_impl] Failed read from stream HAILO_STREAM_ABORT(63) (device: 0001:01:00.0)
[2026-06-09 13:17:54.727] [5535] [HailoRT] [info] [vdevice_native_stream.cpp:331] [read_impl] Failed read from stream HAILO_STREAM_ABORT(63) (device: 0001:01:00.0)
[2026-06-09 13:17:54.727] [5535] [HailoRT] [info] [edge_elements.cpp:396] [run_pull] Reading from stream was aborted!
[2026-06-09 13:17:54.727] [5534] [HailoRT] [info] [queue_elements.cpp:734] [run_in_thread] Shutdown event was signaled in run_pull of queue element PullQEl_nms0yolov8s/conv53_97!
[2026-06-09 13:17:54.727] [5536] [HailoRT] [info] [vdevice_native_stream.cpp:331] [read_impl] Failed read from stream HAILO_STREAM_ABORT(63) (device: 0001:01:00.0)
[2026-06-09 13:17:54.727] [5533] [HailoRT] [info] [vdevice_native_stream.cpp:331] [read_impl] Failed read from stream HAILO_STREAM_ABORT(63) (device: 0001:01:00.0)
[2026-06-09 13:17:54.727] [5536] [HailoRT] [info] [edge_elements.cpp:396] [run_pull] Reading from stream was aborted!
[2026-06-09 13:17:54.727] [5535] [HailoRT] [info] [queue_elements.cpp:738] [run_in_thread] run_pull of queue element PullQEl_nms3yolov8s/conv62_97 was aborted!
[2026-06-09 13:17:54.727] [5533] [HailoRT] [info] [edge_elements.cpp:396] [run_pull] Reading from stream was aborted!
[2026-06-09 13:17:54.727] [5532] [HailoRT] [info] [vdevice_native_stream.cpp:331] [read_impl] Failed read from stream HAILO_STREAM_ABORT(63) (device: 0001:01:00.0)
[2026-06-09 13:17:54.727] [5536] [HailoRT] [info] [queue_elements.cpp:738] [run_in_thread] run_pull of queue element PullQEl_nms2yolov8s/conv63_97 was aborted!
[2026-06-09 13:17:54.727] [5532] [HailoRT] [info] [edge_elements.cpp:396] [run_pull] Reading from stream was aborted!
[2026-06-09 13:17:54.727] [5533] [HailoRT] [info] [queue_elements.cpp:738] [run_in_thread] run_pull of queue element PullQEl_nms1yolov8s/conv52_97 was aborted!
[2026-06-09 13:17:54.727] [5531] [HailoRT] [info] [edge_elements.cpp:396] [run_pull] Reading from stream was aborted!
[2026-06-09 13:17:54.727] [5532] [HailoRT] [info] [queue_elements.cpp:738] [run_in_thread] run_pull of queue element PullQEl_nms7yolov8s/conv42_97 was aborted!
[2026-06-09 13:17:54.727] [5531] [HailoRT] [info] [queue_elements.cpp:738] [run_in_thread] run_pull of queue element PullQEl_nms9yolov8s/conv41_97 was aborted!
[2026-06-09 13:17:54.727] [5537] [HailoRT] [info] [queue_elements.cpp:68] [operator()] Thread in element UserBufQEl_post_infer0yolov8s/yolov8_nms_postprocess is not running anymore, exiting..
[2026-06-09 13:17:54.727] [2224] [HailoRT] [info] [queue_elements.cpp:46] [~BaseQueueElement] Queue element UserBufQEl_post_infer0yolov8s/yolov8_nms_postprocess has 0 frames in his Queue on destruction
[2026-06-09 13:17:54.727] [5536] [HailoRT] [info] [queue_elements.cpp:68] [operator()] Thread in element PullQEl_nms2yolov8s/conv63_97 is not running anymore, exiting..
[2026-06-09 13:17:54.728] [2224] [HailoRT] [info] [queue_elements.cpp:46] [~BaseQueueElement] Queue element PullQEl_nms2yolov8s/conv63_97 has 0 frames in his Queue on destruction
[2026-06-09 13:17:54.728] [5535] [HailoRT] [info] [queue_elements.cpp:68] [operator()] Thread in element PullQEl_nms3yolov8s/conv62_97 is not running anymore, exiting..
[2026-06-09 13:17:54.728] [2224] [HailoRT] [info] [queue_elements.cpp:46] [~BaseQueueElement] Queue element PullQEl_nms3yolov8s/conv62_97 has 0 frames in his Queue on destruction
[2026-06-09 13:17:54.728] [5534] [HailoRT] [info] [queue_elements.cpp:68] [operator()] Thread in element PullQEl_nms0yolov8s/conv53_97 is not running anymore, exiting..
[2026-06-09 13:17:54.728] [2224] [HailoRT] [info] [queue_elements.cpp:46] [~BaseQueueElement] Queue element PullQEl_nms0yolov8s/conv53_97 has 0 frames in his Queue on destruction
[2026-06-09 13:17:54.728] [5533] [HailoRT] [info] [queue_elements.cpp:68] [operator()] Thread in element PullQEl_nms1yolov8s/conv52_97 is not running anymore, exiting..
[2026-06-09 13:17:54.728] [2224] [HailoRT] [info] [queue_elements.cpp:46] [~BaseQueueElement] Queue element PullQEl_nms1yolov8s/conv52_97 has 0 frames in his Queue on destruction
[2026-06-09 13:17:54.728] [5532] [HailoRT] [info] [queue_elements.cpp:68] [operator()] Thread in element PullQEl_nms7yolov8s/conv42_97 is not running anymore, exiting..
[2026-06-09 13:17:54.728] [2224] [HailoRT] [info] [queue_elements.cpp:46] [~BaseQueueElement] Queue element PullQEl_nms7yolov8s/conv42_97 has 0 frames in his Queue on destruction
[2026-06-09 13:17:54.728] [5531] [HailoRT] [info] [queue_elements.cpp:68] [operator()] Thread in element PullQEl_nms9yolov8s/conv41_97 is not running anymore, exiting..
[2026-06-09 13:17:54.728] [2224] [HailoRT] [info] [queue_elements.cpp:46] [~BaseQueueElement] Queue element PullQEl_nms9yolov8s/conv41_97 has 0 frames in his Queue on destruction
[2026-06-09 13:17:54.728] [5530] [HailoRT] [info] [queue_elements.cpp:68] [operator()] Thread in element PushQEl3yolov8s/input_layer1 is not running anymore, exiting..
[2026-06-09 13:17:54.728] [2224] [HailoRT] [info] [queue_elements.cpp:46] [~BaseQueueElement] Queue element PushQEl3yolov8s/input_layer1 has 0 frames in his Queue on destruction
[2026-06-09 13:17:54.729] [2224] [HailoRT] [info] [core_op.cpp:186] [deactivate] Deactivating took 0.600505 ms
[2026-06-09 13:17:54.729] [2224] [HailoRT] [info] [core_op.cpp:186] [deactivate] Deactivating took 0.611928 ms
[2026-06-09 13:17:57.577] [2224] [HailoRT] [info] [core_op.cpp:156] [activate] Activating yolov8s took 0.74173 milliseconds. Note that the function is asynchronous and thus the network is not fully activated yet.
[2026-06-09 13:17:57.577] [2224] [HailoRT] [info] [core_op.cpp:156] [activate] Activating yolov8s took 0.77019 milliseconds. Note that the function is asynchronous and thus the network is not fully activated yet.
[2026-06-09 13:17:57.578] [2224] [HailoRT] [info] [edge_elements.cpp:52] [create] Created (HwWriteEl3yolov8s/input_layer1 | hw_frame_size: 1228800)
[2026-06-09 13:17:57.578] [2224] [HailoRT] [info] [queue_elements.cpp:284] [create] Created (PushQEl3yolov8s/input_layer1 | timeout: 10s)
[2026-06-09 13:17:57.578] [2224] [HailoRT] [info] [filter_elements.cpp:101] [create] Created (PreInferEl3yolov8s/input_layer1 | Reorder - src_order: NHWC, src_shape: (640, 640, 3), dst_order: NHCW, dst_shape: (640, 640, 3))
[2026-06-09 13:17:57.578] [2224] [HailoRT] [info] [vstream.cpp:754] [InputVStreamImpl] Creating yolov8s/input_layer1...
[2026-06-09 13:17:57.578] [2224] [HailoRT] [info] [vstream_builder.cpp:102] [create_inputs] Input pipeline 'yolov8s/input_layer1': (PreInferEl3yolov8s/input_layer1 | Reorder - src_order: NHWC, src_shape: (640, 640, 3), dst_order: NHCW, dst_shape: (640, 640, 3)) >> (PushQEl3yolov8s/input_layer1 | timeout: 10s) >> (HwWriteEl3yolov8s/input_layer1 | hw_frame_size: 1228800) >> HW
[2026-06-09 13:17:57.578] [2224] [HailoRT] [info] [multi_io_elements.cpp:135] [create] Created (NmsPPMuxEl0YOLOV8-Post-Process | Op YOLOV8, Name: YOLOV8-Post-Process, Score threshold: 0.200, IoU threshold: 0.70, Classes: 80, Max bboxes per class: 100, Image height: 640, Image width: 640)
[2026-06-09 13:17:57.578] [2224] [HailoRT] [info] [edge_elements.cpp:287] [create] Created (HwReadEl9yolov8s/conv41_97 | hw_frame_size: 409600)
[2026-06-09 13:17:57.578] [2224] [HailoRT] [info] [queue_elements.cpp:657] [create] Created (PullQEl_nms9yolov8s/conv41_97 | timeout: 10s)
[2026-06-09 13:17:57.578] [2224] [HailoRT] [info] [edge_elements.cpp:287] [create] Created (HwReadEl7yolov8s/conv42_97 | hw_frame_size: 512000)
[2026-06-09 13:17:57.578] [2224] [HailoRT] [info] [queue_elements.cpp:657] [create] Created (PullQEl_nms7yolov8s/conv42_97 | timeout: 10s)
[2026-06-09 13:17:57.578] [2224] [HailoRT] [info] [edge_elements.cpp:287] [create] Created (HwReadEl1yolov8s/conv52_97 | hw_frame_size: 102400)
[2026-06-09 13:17:57.578] [2224] [HailoRT] [info] [queue_elements.cpp:657] [create] Created (PullQEl_nms1yolov8s/conv52_97 | timeout: 10s)
[2026-06-09 13:17:57.578] [2224] [HailoRT] [info] [edge_elements.cpp:287] [create] Created (HwReadEl0yolov8s/conv53_97 | hw_frame_size: 128000)
[2026-06-09 13:17:57.578] [2224] [HailoRT] [info] [queue_elements.cpp:657] [create] Created (PullQEl_nms0yolov8s/conv53_97 | timeout: 10s)
[2026-06-09 13:17:57.578] [2224] [HailoRT] [info] [edge_elements.cpp:287] [create] Created (HwReadEl3yolov8s/conv62_97 | hw_frame_size: 30720)
[2026-06-09 13:17:57.578] [2224] [HailoRT] [info] [queue_elements.cpp:657] [create] Created (PullQEl_nms3yolov8s/conv62_97 | timeout: 10s)
[2026-06-09 13:17:57.578] [2224] [HailoRT] [info] [edge_elements.cpp:287] [create] Created (HwReadEl2yolov8s/conv63_97 | hw_frame_size: 38400)
[2026-06-09 13:17:57.578] [2224] [HailoRT] [info] [queue_elements.cpp:657] [create] Created (PullQEl_nms2yolov8s/conv63_97 | timeout: 10s)
[2026-06-09 13:17:57.578] [2224] [HailoRT] [info] [queue_elements.cpp:800] [create] Created (UserBufQEl_post_infer0yolov8s/yolov8_nms_postprocess | timeout: 10s)
[2026-06-09 13:17:57.578] [2224] [HailoRT] [info] [vstream.cpp:1114] [OutputVStreamImpl] Creating yolov8s/yolov8_nms_postprocess...
[2026-06-09 13:17:57.578] [2224] [HailoRT] [info] [vstream_builder.cpp:622] [create_output_post_process_nms] Output pipeline 'yolov8s/yolov8_nms_postprocess': HW >> (HwReadEl9yolov8s/conv41_97 | hw_frame_size: 409600) >> (PullQEl_nms9yolov8s/conv41_97) >> (HwReadEl7yolov8s/conv42_97 | hw_frame_size: 512000) >> (PullQEl_nms7yolov8s/conv42_97) >> (HwReadEl1yolov8s/conv52_97 | hw_frame_size: 102400) >> (PullQEl_nms1yolov8s/conv52_97) >> (HwReadEl0yolov8s/conv53_97 | hw_frame_size: 128000) >> (PullQEl_nms0yolov8s/conv53_97) >> (HwReadEl3yolov8s/conv62_97 | hw_frame_size: 30720) >> (PullQEl_nms3yolov8s/conv62_97) >> (HwReadEl2yolov8s/conv63_97 | hw_frame_size: 38400) >> (PullQEl_nms2yolov8s/conv63_97) >> (NmsPPMuxEl0YOLOV8-Post-Process | Op YOLOV8, Name: YOLOV8-Post-Process, Score threshold: 0.200, IoU threshold: 0.70, Classes: 80, Max bboxes per class: 100, Image height: 640, Image width: 640) >> (UserBufQEl_post_infer0yolov8s/yolov8_nms_postprocess | timeout: 10s)
[2026-06-09 13:17:57.578] [5568] [HailoRT] [info] [vdevice_native_stream.cpp:331] [read_impl] Failed read from stream HAILO_STREAM_ABORT(63) (device: 0001:01:00.0)
[2026-06-09 13:17:57.578] [5567] [HailoRT] [info] [vdevice_native_stream.cpp:331] [read_impl] Failed read from stream HAILO_STREAM_ABORT(63) (device: 0001:01:00.0)
[2026-06-09 13:17:57.578] [5567] [HailoRT] [info] [edge_elements.cpp:396] [run_pull] Reading from stream was aborted!
[2026-06-09 13:17:57.578] [5571] [HailoRT] [info] [vdevice_native_stream.cpp:331] [read_impl] Failed read from stream HAILO_STREAM_ABORT(63) (device: 0001:01:00.0)
[2026-06-09 13:17:57.578] [5571] [HailoRT] [info] [edge_elements.cpp:396] [run_pull] Reading from stream was aborted!
[2026-06-09 13:17:57.578] [5567] [HailoRT] [info] [queue_elements.cpp:738] [run_in_thread] run_pull of queue element PullQEl_nms9yolov8s/conv41_97 was aborted!
[2026-06-09 13:17:57.578] [5571] [HailoRT] [info] [queue_elements.cpp:738] [run_in_thread] run_pull of queue element PullQEl_nms3yolov8s/conv62_97 was aborted!
[2026-06-09 13:17:57.578] [5569] [HailoRT] [info] [vdevice_native_stream.cpp:331] [read_impl] Failed read from stream HAILO_STREAM_ABORT(63) (device: 0001:01:00.0)
[2026-06-09 13:17:57.578] [5569] [HailoRT] [info] [edge_elements.cpp:396] [run_pull] Reading from stream was aborted!
[2026-06-09 13:17:57.578] [5570] [HailoRT] [info] [vdevice_native_stream.cpp:331] [read_impl] Failed read from stream HAILO_STREAM_ABORT(63) (device: 0001:01:00.0)
[2026-06-09 13:17:57.578] [5568] [HailoRT] [info] [edge_elements.cpp:396] [run_pull] Reading from stream was aborted!
[2026-06-09 13:17:57.578] [5570] [HailoRT] [info] [edge_elements.cpp:396] [run_pull] Reading from stream was aborted!
[2026-06-09 13:17:57.578] [5572] [HailoRT] [info] [vdevice_native_stream.cpp:331] [read_impl] Failed read from stream HAILO_STREAM_ABORT(63) (device: 0001:01:00.0)
[2026-06-09 13:17:57.578] [5568] [HailoRT] [info] [queue_elements.cpp:738] [run_in_thread] run_pull of queue element PullQEl_nms7yolov8s/conv42_97 was aborted!
[2026-06-09 13:17:57.578] [5569] [HailoRT] [info] [queue_elements.cpp:738] [run_in_thread] run_pull of queue element PullQEl_nms1yolov8s/conv52_97 was aborted!
[2026-06-09 13:17:57.578] [5570] [HailoRT] [info] [queue_elements.cpp:738] [run_in_thread] run_pull of queue element PullQEl_nms0yolov8s/conv53_97 was aborted!
[2026-06-09 13:17:57.578] [5572] [HailoRT] [info] [edge_elements.cpp:396] [run_pull] Reading from stream was aborted!
[2026-06-09 13:17:57.578] [5572] [HailoRT] [info] [queue_elements.cpp:738] [run_in_thread] run_pull of queue element PullQEl_nms2yolov8s/conv63_97 was aborted!
[2026-06-09 13:17:57.578] [5573] [HailoRT] [info] [queue_elements.cpp:68] [operator()] Thread in element UserBufQEl_post_infer0yolov8s/yolov8_nms_postprocess is not running anymore, exiting..
[2026-06-09 13:17:57.578] [2224] [HailoRT] [info] [queue_elements.cpp:46] [~BaseQueueElement] Queue element UserBufQEl_post_infer0yolov8s/yolov8_nms_postprocess has 0 frames in his Queue on destruction
[2026-06-09 13:17:57.578] [5572] [HailoRT] [info] [queue_elements.cpp:68] [operator()] Thread in element PullQEl_nms2yolov8s/conv63_97 is not running anymore, exiting..
[2026-06-09 13:17:57.578] [2224] [HailoRT] [info] [queue_elements.cpp:46] [~BaseQueueElement] Queue element PullQEl_nms2yolov8s/conv63_97 has 0 frames in his Queue on destruction
[2026-06-09 13:17:57.578] [5571] [HailoRT] [info] [queue_elements.cpp:68] [operator()] Thread in element PullQEl_nms3yolov8s/conv62_97 is not running anymore, exiting..
[2026-06-09 13:17:57.578] [2224] [HailoRT] [info] [queue_elements.cpp:46] [~BaseQueueElement] Queue element PullQEl_nms3yolov8s/conv62_97 has 0 frames in his Queue on destruction
[2026-06-09 13:17:57.578] [5570] [HailoRT] [info] [queue_elements.cpp:68] [operator()] Thread in element PullQEl_nms0yolov8s/conv53_97 is not running anymore, exiting..
[2026-06-09 13:17:57.578] [2224] [HailoRT] [info] [queue_elements.cpp:46] [~BaseQueueElement] Queue element PullQEl_nms0yolov8s/conv53_97 has 0 frames in his Queue on destruction
[2026-06-09 13:17:57.579] [5569] [HailoRT] [info] [queue_elements.cpp:68] [operator()] Thread in element PullQEl_nms1yolov8s/conv52_97 is not running anymore, exiting..
[2026-06-09 13:17:57.579] [2224] [HailoRT] [info] [queue_elements.cpp:46] [~BaseQueueElement] Queue element PullQEl_nms1yolov8s/conv52_97 has 0 frames in his Queue on destruction
[2026-06-09 13:17:57.579] [5568] [HailoRT] [info] [queue_elements.cpp:68] [operator()] Thread in element PullQEl_nms7yolov8s/conv42_97 is not running anymore, exiting..
[2026-06-09 13:17:57.579] [2224] [HailoRT] [info] [queue_elements.cpp:46] [~BaseQueueElement] Queue element PullQEl_nms7yolov8s/conv42_97 has 0 frames in his Queue on destruction
[2026-06-09 13:17:57.579] [5567] [HailoRT] [info] [queue_elements.cpp:68] [operator()] Thread in element PullQEl_nms9yolov8s/conv41_97 is not running anymore, exiting..
[2026-06-09 13:17:57.579] [2224] [HailoRT] [info] [queue_elements.cpp:46] [~BaseQueueElement] Queue element PullQEl_nms9yolov8s/conv41_97 has 0 frames in his Queue on destruction
[2026-06-09 13:17:57.579] [5566] [HailoRT] [info] [queue_elements.cpp:68] [operator()] Thread in element PushQEl3yolov8s/input_layer1 is not running anymore, exiting..
[2026-06-09 13:17:57.579] [2224] [HailoRT] [info] [queue_elements.cpp:46] [~BaseQueueElement] Queue element PushQEl3yolov8s/input_layer1 has 0 frames in his Queue on destruction
[2026-06-09 13:17:57.579] [2224] [HailoRT] [info] [core_op.cpp:186] [deactivate] Deactivating took 0.599682 ms
[2026-06-09 13:17:57.579] [2224] [HailoRT] [info] [core_op.cpp:186] [deactivate] Deactivating took 0.607006 ms
[2026-06-09 13:18:00.269] [2224] [HailoRT] [info] [core_op.cpp:156] [activate] Activating yolov8s took 0.717584 milliseconds. Note that the function is asynchronous and thus the network is not fully activated yet.
[2026-06-09 13:18:00.269] [2224] [HailoRT] [info] [core_op.cpp:156] [activate] Activating yolov8s took 0.743002 milliseconds. Note that the function is asynchronous and thus the network is not fully activated yet.
[2026-06-09 13:18:00.269] [2224] [HailoRT] [info] [edge_elements.cpp:52] [create] Created (HwWriteEl3yolov8s/input_layer1 | hw_frame_size: 1228800)
[2026-06-09 13:18:00.269] [2224] [HailoRT] [info] [queue_elements.cpp:284] [create] Created (PushQEl3yolov8s/input_layer1 | timeout: 10s)
[2026-06-09 13:18:00.269] [2224] [HailoRT] [info] [filter_elements.cpp:101] [create] Created (PreInferEl3yolov8s/input_layer1 | Reorder - src_order: NHWC, src_shape: (640, 640, 3), dst_order: NHCW, dst_shape: (640, 640, 3))
[2026-06-09 13:18:00.269] [2224] [HailoRT] [info] [vstream.cpp:754] [InputVStreamImpl] Creating yolov8s/input_layer1...
[2026-06-09 13:18:00.269] [2224] [HailoRT] [info] [vstream_builder.cpp:102] [create_inputs] Input pipeline 'yolov8s/input_layer1': (PreInferEl3yolov8s/input_layer1 | Reorder - src_order: NHWC, src_shape: (640, 640, 3), dst_order: NHCW, dst_shape: (640, 640, 3)) >> (PushQEl3yolov8s/input_layer1 | timeout: 10s) >> (HwWriteEl3yolov8s/input_layer1 | hw_frame_size: 1228800) >> HW
[2026-06-09 13:18:00.269] [2224] [HailoRT] [info] [multi_io_elements.cpp:135] [create] Created (NmsPPMuxEl0YOLOV8-Post-Process | Op YOLOV8, Name: YOLOV8-Post-Process, Score threshold: 0.200, IoU threshold: 0.70, Classes: 80, Max bboxes per class: 100, Image height: 640, Image width: 640)
[2026-06-09 13:18:00.269] [2224] [HailoRT] [info] [edge_elements.cpp:287] [create] Created (HwReadEl9yolov8s/conv41_97 | hw_frame_size: 409600)
[2026-06-09 13:18:00.269] [2224] [HailoRT] [info] [queue_elements.cpp:657] [create] Created (PullQEl_nms9yolov8s/conv41_97 | timeout: 10s)
[2026-06-09 13:18:00.269] [2224] [HailoRT] [info] [edge_elements.cpp:287] [create] Created (HwReadEl7yolov8s/conv42_97 | hw_frame_size: 512000)
[2026-06-09 13:18:00.269] [2224] [HailoRT] [info] [queue_elements.cpp:657] [create] Created (PullQEl_nms7yolov8s/conv42_97 | timeout: 10s)
[2026-06-09 13:18:00.269] [2224] [HailoRT] [info] [edge_elements.cpp:287] [create] Created (HwReadEl1yolov8s/conv52_97 | hw_frame_size: 102400)
[2026-06-09 13:18:00.269] [2224] [HailoRT] [info] [queue_elements.cpp:657] [create] Created (PullQEl_nms1yolov8s/conv52_97 | timeout: 10s)
[2026-06-09 13:18:00.269] [2224] [HailoRT] [info] [edge_elements.cpp:287] [create] Created (HwReadEl0yolov8s/conv53_97 | hw_frame_size: 128000)
[2026-06-09 13:18:00.269] [2224] [HailoRT] [info] [queue_elements.cpp:657] [create] Created (PullQEl_nms0yolov8s/conv53_97 | timeout: 10s)
[2026-06-09 13:18:00.269] [2224] [HailoRT] [info] [edge_elements.cpp:287] [create] Created (HwReadEl3yolov8s/conv62_97 | hw_frame_size: 30720)
[2026-06-09 13:18:00.270] [2224] [HailoRT] [info] [queue_elements.cpp:657] [create] Created (PullQEl_nms3yolov8s/conv62_97 | timeout: 10s)
[2026-06-09 13:18:00.270] [2224] [HailoRT] [info] [edge_elements.cpp:287] [create] Created (HwReadEl2yolov8s/conv63_97 | hw_frame_size: 38400)
[2026-06-09 13:18:00.270] [2224] [HailoRT] [info] [queue_elements.cpp:657] [create] Created (PullQEl_nms2yolov8s/conv63_97 | timeout: 10s)
[2026-06-09 13:18:00.270] [2224] [HailoRT] [info] [queue_elements.cpp:800] [create] Created (UserBufQEl_post_infer0yolov8s/yolov8_nms_postprocess | timeout: 10s)
[2026-06-09 13:18:00.270] [2224] [HailoRT] [info] [vstream.cpp:1114] [OutputVStreamImpl] Creating yolov8s/yolov8_nms_postprocess...
[2026-06-09 13:18:00.270] [2224] [HailoRT] [info] [vstream_builder.cpp:622] [create_output_post_process_nms] Output pipeline 'yolov8s/yolov8_nms_postprocess': HW >> (HwReadEl9yolov8s/conv41_97 | hw_frame_size: 409600) >> (PullQEl_nms9yolov8s/conv41_97) >> (HwReadEl7yolov8s/conv42_97 | hw_frame_size: 512000) >> (PullQEl_nms7yolov8s/conv42_97) >> (HwReadEl1yolov8s/conv52_97 | hw_frame_size: 102400) >> (PullQEl_nms1yolov8s/conv52_97) >> (HwReadEl0yolov8s/conv53_97 | hw_frame_size: 128000) >> (PullQEl_nms0yolov8s/conv53_97) >> (HwReadEl3yolov8s/conv62_97 | hw_frame_size: 30720) >> (PullQEl_nms3yolov8s/conv62_97) >> (HwReadEl2yolov8s/conv63_97 | hw_frame_size: 38400) >> (PullQEl_nms2yolov8s/conv63_97) >> (NmsPPMuxEl0YOLOV8-Post-Process | Op YOLOV8, Name: YOLOV8-Post-Process, Score threshold: 0.200, IoU threshold: 0.70, Classes: 80, Max bboxes per class: 100, Image height: 640, Image width: 640) >> (UserBufQEl_post_infer0yolov8s/yolov8_nms_postprocess | timeout: 10s)
[2026-06-09 13:18:00.270] [5588] [HailoRT] [info] [vdevice_native_stream.cpp:331] [read_impl] Failed read from stream HAILO_STREAM_ABORT(63) (device: 0001:01:00.0)
[2026-06-09 13:18:00.270] [5588] [HailoRT] [info] [edge_elements.cpp:396] [run_pull] Reading from stream was aborted!
[2026-06-09 13:18:00.270] [5591] [HailoRT] [info] [queue_elements.cpp:734] [run_in_thread] Shutdown event was signaled in run_pull of queue element PullQEl_nms0yolov8s/conv53_97!
[2026-06-09 13:18:00.270] [5589] [HailoRT] [info] [vdevice_native_stream.cpp:331] [read_impl] Failed read from stream HAILO_STREAM_ABORT(63) (device: 0001:01:00.0)
[2026-06-09 13:18:00.270] [5592] [HailoRT] [info] [vdevice_native_stream.cpp:331] [read_impl] Failed read from stream HAILO_STREAM_ABORT(63) (device: 0001:01:00.0)
[2026-06-09 13:18:00.270] [5593] [HailoRT] [info] [vdevice_native_stream.cpp:331] [read_impl] Failed read from stream HAILO_STREAM_ABORT(63) (device: 0001:01:00.0)
[2026-06-09 13:18:00.270] [5592] [HailoRT] [info] [edge_elements.cpp:396] [run_pull] Reading from stream was aborted!
[2026-06-09 13:18:00.270] [5593] [HailoRT] [info] [edge_elements.cpp:396] [run_pull] Reading from stream was aborted!
[2026-06-09 13:18:00.270] [5590] [HailoRT] [info] [vdevice_native_stream.cpp:331] [read_impl] Failed read from stream HAILO_STREAM_ABORT(63) (device: 0001:01:00.0)
[2026-06-09 13:18:00.270] [5589] [HailoRT] [info] [edge_elements.cpp:396] [run_pull] Reading from stream was aborted!
[2026-06-09 13:18:00.270] [5588] [HailoRT] [info] [queue_elements.cpp:738] [run_in_thread] run_pull of queue element PullQEl_nms9yolov8s/conv41_97 was aborted!
[2026-06-09 13:18:00.270] [5590] [HailoRT] [info] [edge_elements.cpp:396] [run_pull] Reading from stream was aborted!
[2026-06-09 13:18:00.270] [5592] [HailoRT] [info] [queue_elements.cpp:738] [run_in_thread] run_pull of queue element PullQEl_nms3yolov8s/conv62_97 was aborted!
[2026-06-09 13:18:00.270] [5593] [HailoRT] [info] [queue_elements.cpp:738] [run_in_thread] run_pull of queue element PullQEl_nms2yolov8s/conv63_97 was aborted!
[2026-06-09 13:18:00.270] [5590] [HailoRT] [info] [queue_elements.cpp:738] [run_in_thread] run_pull of queue element PullQEl_nms1yolov8s/conv52_97 was aborted!
[2026-06-09 13:18:00.270] [5589] [HailoRT] [info] [queue_elements.cpp:738] [run_in_thread] run_pull of queue element PullQEl_nms7yolov8s/conv42_97 was aborted!
[2026-06-09 13:18:00.270] [5594] [HailoRT] [info] [queue_elements.cpp:68] [operator()] Thread in element UserBufQEl_post_infer0yolov8s/yolov8_nms_postprocess is not running anymore, exiting..
[2026-06-09 13:18:00.270] [2224] [HailoRT] [info] [queue_elements.cpp:46] [~BaseQueueElement] Queue element UserBufQEl_post_infer0yolov8s/yolov8_nms_postprocess has 0 frames in his Queue on destruction
[2026-06-09 13:18:00.270] [5593] [HailoRT] [info] [queue_elements.cpp:68] [operator()] Thread in element PullQEl_nms2yolov8s/conv63_97 is not running anymore, exiting..
[2026-06-09 13:18:00.270] [2224] [HailoRT] [info] [queue_elements.cpp:46] [~BaseQueueElement] Queue element PullQEl_nms2yolov8s/conv63_97 has 0 frames in his Queue on destruction
[2026-06-09 13:18:00.270] [5592] [HailoRT] [info] [queue_elements.cpp:68] [operator()] Thread in element PullQEl_nms3yolov8s/conv62_97 is not running anymore, exiting..
[2026-06-09 13:18:00.270] [2224] [HailoRT] [info] [queue_elements.cpp:46] [~BaseQueueElement] Queue element PullQEl_nms3yolov8s/conv62_97 has 0 frames in his Queue on destruction
[2026-06-09 13:18:00.270] [5591] [HailoRT] [info] [queue_elements.cpp:68] [operator()] Thread in element PullQEl_nms0yolov8s/conv53_97 is not running anymore, exiting..
[2026-06-09 13:18:00.270] [2224] [HailoRT] [info] [queue_elements.cpp:46] [~BaseQueueElement] Queue element PullQEl_nms0yolov8s/conv53_97 has 0 frames in his Queue on destruction
[2026-06-09 13:18:00.270] [5590] [HailoRT] [info] [queue_elements.cpp:68] [operator()] Thread in element PullQEl_nms1yolov8s/conv52_97 is not running anymore, exiting..
[2026-06-09 13:18:00.270] [2224] [HailoRT] [info] [queue_elements.cpp:46] [~BaseQueueElement] Queue element PullQEl_nms1yolov8s/conv52_97 has 0 frames in his Queue on destruction
[2026-06-09 13:18:00.270] [5589] [HailoRT] [info] [queue_elements.cpp:68] [operator()] Thread in element PullQEl_nms7yolov8s/conv42_97 is not running anymore, exiting..
[2026-06-09 13:18:00.270] [2224] [HailoRT] [info] [queue_elements.cpp:46] [~BaseQueueElement] Queue element PullQEl_nms7yolov8s/conv42_97 has 0 frames in his Queue on destruction
[2026-06-09 13:18:00.270] [5588] [HailoRT] [info] [queue_elements.cpp:68] [operator()] Thread in element PullQEl_nms9yolov8s/conv41_97 is not running anymore, exiting..
[2026-06-09 13:18:00.270] [2224] [HailoRT] [info] [queue_elements.cpp:46] [~BaseQueueElement] Queue element PullQEl_nms9yolov8s/conv41_97 has 0 frames in his Queue on destruction
[2026-06-09 13:18:00.270] [5587] [HailoRT] [info] [queue_elements.cpp:68] [operator()] Thread in element PushQEl3yolov8s/input_layer1 is not running anymore, exiting..
[2026-06-09 13:18:00.270] [2224] [HailoRT] [info] [queue_elements.cpp:46] [~BaseQueueElement] Queue element PushQEl3yolov8s/input_layer1 has 0 frames in his Queue on destruction
[2026-06-09 13:18:00.271] [2224] [HailoRT] [info] [core_op.cpp:186] [deactivate] Deactivating took 0.59314 ms
[2026-06-09 13:18:00.271] [2224] [HailoRT] [info] [core_op.cpp:186] [deactivate] Deactivating took 0.601834 ms
[2026-06-09 13:18:03.166] [2224] [HailoRT] [info] [core_op.cpp:156] [activate] Activating yolov8s took 0.738664 milliseconds. Note that the function is asynchronous and thus the network is not fully activated yet.
[2026-06-09 13:18:03.166] [2224] [HailoRT] [info] [core_op.cpp:156] [activate] Activating yolov8s took 0.766623 milliseconds. Note that the function is asynchronous and thus the network is not fully activated yet.
[2026-06-09 13:18:03.166] [2224] [HailoRT] [info] [edge_elements.cpp:52] [create] Created (HwWriteEl3yolov8s/input_layer1 | hw_frame_size: 1228800)
[2026-06-09 13:18:03.166] [2224] [HailoRT] [info] [queue_elements.cpp:284] [create] Created (PushQEl3yolov8s/input_layer1 | timeout: 10s)
[2026-06-09 13:18:03.166] [2224] [HailoRT] [info] [filter_elements.cpp:101] [create] Created (PreInferEl3yolov8s/input_layer1 | Reorder - src_order: NHWC, src_shape: (640, 640, 3), dst_order: NHCW, dst_shape: (640, 640, 3))
[2026-06-09 13:18:03.167] [2224] [HailoRT] [info] [vstream.cpp:754] [InputVStreamImpl] Creating yolov8s/input_layer1...
[2026-06-09 13:18:03.167] [2224] [HailoRT] [info] [vstream_builder.cpp:102] [create_inputs] Input pipeline 'yolov8s/input_layer1': (PreInferEl3yolov8s/input_layer1 | Reorder - src_order: NHWC, src_shape: (640, 640, 3), dst_order: NHCW, dst_shape: (640, 640, 3)) >> (PushQEl3yolov8s/input_layer1 | timeout: 10s) >> (HwWriteEl3yolov8s/input_layer1 | hw_frame_size: 1228800) >> HW
[2026-06-09 13:18:03.167] [2224] [HailoRT] [info] [multi_io_elements.cpp:135] [create] Created (NmsPPMuxEl0YOLOV8-Post-Process | Op YOLOV8, Name: YOLOV8-Post-Process, Score threshold: 0.200, IoU threshold: 0.70, Classes: 80, Max bboxes per class: 100, Image height: 640, Image width: 640)
[2026-06-09 13:18:03.167] [2224] [HailoRT] [info] [edge_elements.cpp:287] [create] Created (HwReadEl9yolov8s/conv41_97 | hw_frame_size: 409600)
[2026-06-09 13:18:03.167] [2224] [HailoRT] [info] [queue_elements.cpp:657] [create] Created (PullQEl_nms9yolov8s/conv41_97 | timeout: 10s)
[2026-06-09 13:18:03.167] [2224] [HailoRT] [info] [edge_elements.cpp:287] [create] Created (HwReadEl7yolov8s/conv42_97 | hw_frame_size: 512000)
[2026-06-09 13:18:03.167] [2224] [HailoRT] [info] [queue_elements.cpp:657] [create] Created (PullQEl_nms7yolov8s/conv42_97 | timeout: 10s)
[2026-06-09 13:18:03.167] [2224] [HailoRT] [info] [edge_elements.cpp:287] [create] Created (HwReadEl1yolov8s/conv52_97 | hw_frame_size: 102400)
[2026-06-09 13:18:03.167] [2224] [HailoRT] [info] [queue_elements.cpp:657] [create] Created (PullQEl_nms1yolov8s/conv52_97 | timeout: 10s)
[2026-06-09 13:18:03.167] [2224] [HailoRT] [info] [edge_elements.cpp:287] [create] Created (HwReadEl0yolov8s/conv53_97 | hw_frame_size: 128000)
[2026-06-09 13:18:03.167] [2224] [HailoRT] [info] [queue_elements.cpp:657] [create] Created (PullQEl_nms0yolov8s/conv53_97 | timeout: 10s)
[2026-06-09 13:18:03.167] [2224] [HailoRT] [info] [edge_elements.cpp:287] [create] Created (HwReadEl3yolov8s/conv62_97 | hw_frame_size: 30720)
[2026-06-09 13:18:03.167] [2224] [HailoRT] [info] [queue_elements.cpp:657] [create] Created (PullQEl_nms3yolov8s/conv62_97 | timeout: 10s)
[2026-06-09 13:18:03.167] [2224] [HailoRT] [info] [edge_elements.cpp:287] [create] Created (HwReadEl2yolov8s/conv63_97 | hw_frame_size: 38400)
[2026-06-09 13:18:03.167] [2224] [HailoRT] [info] [queue_elements.cpp:657] [create] Created (PullQEl_nms2yolov8s/conv63_97 | timeout: 10s)
[2026-06-09 13:18:03.167] [2224] [HailoRT] [info] [queue_elements.cpp:800] [create] Created (UserBufQEl_post_infer0yolov8s/yolov8_nms_postprocess | timeout: 10s)
[2026-06-09 13:18:03.167] [2224] [HailoRT] [info] [vstream.cpp:1114] [OutputVStreamImpl] Creating yolov8s/yolov8_nms_postprocess...
[2026-06-09 13:18:03.167] [2224] [HailoRT] [info] [vstream_builder.cpp:622] [create_output_post_process_nms] Output pipeline 'yolov8s/yolov8_nms_postprocess': HW >> (HwReadEl9yolov8s/conv41_97 | hw_frame_size: 409600) >> (PullQEl_nms9yolov8s/conv41_97) >> (HwReadEl7yolov8s/conv42_97 | hw_frame_size: 512000) >> (PullQEl_nms7yolov8s/conv42_97) >> (HwReadEl1yolov8s/conv52_97 | hw_frame_size: 102400) >> (PullQEl_nms1yolov8s/conv52_97) >> (HwReadEl0yolov8s/conv53_97 | hw_frame_size: 128000) >> (PullQEl_nms0yolov8s/conv53_97) >> (HwReadEl3yolov8s/conv62_97 | hw_frame_size: 30720) >> (PullQEl_nms3yolov8s/conv62_97) >> (HwReadEl2yolov8s/conv63_97 | hw_frame_size: 38400) >> (PullQEl_nms2yolov8s/conv63_97) >> (NmsPPMuxEl0YOLOV8-Post-Process | Op YOLOV8, Name: YOLOV8-Post-Process, Score threshold: 0.200, IoU threshold: 0.70, Classes: 80, Max bboxes per class: 100, Image height: 640, Image width: 640) >> (UserBufQEl_post_infer0yolov8s/yolov8_nms_postprocess | timeout: 10s)
[2026-06-09 13:18:03.167] [5613] [HailoRT] [info] [vdevice_native_stream.cpp:331] [read_impl] Failed read from stream HAILO_STREAM_ABORT(63) (device: 0001:01:00.0)
[2026-06-09 13:18:03.167] [5612] [HailoRT] [info] [vdevice_native_stream.cpp:331] [read_impl] Failed read from stream HAILO_STREAM_ABORT(63) (device: 0001:01:00.0)
[2026-06-09 13:18:03.167] [5617] [HailoRT] [info] [vdevice_native_stream.cpp:331] [read_impl] Failed read from stream HAILO_STREAM_ABORT(63) (device: 0001:01:00.0)
[2026-06-09 13:18:03.167] [5612] [HailoRT] [info] [edge_elements.cpp:396] [run_pull] Reading from stream was aborted!
[2026-06-09 13:18:03.167] [5616] [HailoRT] [info] [vdevice_native_stream.cpp:331] [read_impl] Failed read from stream HAILO_STREAM_ABORT(63) (device: 0001:01:00.0)
[2026-06-09 13:18:03.167] [5614] [HailoRT] [info] [vdevice_native_stream.cpp:331] [read_impl] Failed read from stream HAILO_STREAM_ABORT(63) (device: 0001:01:00.0)
[2026-06-09 13:18:03.167] [5614] [HailoRT] [info] [edge_elements.cpp:396] [run_pull] Reading from stream was aborted!
[2026-06-09 13:18:03.167] [5613] [HailoRT] [info] [edge_elements.cpp:396] [run_pull] Reading from stream was aborted!
[2026-06-09 13:18:03.167] [5614] [HailoRT] [info] [queue_elements.cpp:738] [run_in_thread] run_pull of queue element PullQEl_nms1yolov8s/conv52_97 was aborted!
[2026-06-09 13:18:03.167] [5616] [HailoRT] [info] [edge_elements.cpp:396] [run_pull] Reading from stream was aborted!
[2026-06-09 13:18:03.167] [5613] [HailoRT] [info] [queue_elements.cpp:738] [run_in_thread] run_pull of queue element PullQEl_nms7yolov8s/conv42_97 was aborted!
[2026-06-09 13:18:03.167] [5615] [HailoRT] [info] [vdevice_native_stream.cpp:331] [read_impl] Failed read from stream HAILO_STREAM_ABORT(63) (device: 0001:01:00.0)
[2026-06-09 13:18:03.167] [5617] [HailoRT] [info] [edge_elements.cpp:396] [run_pull] Reading from stream was aborted!
[2026-06-09 13:18:03.167] [5616] [HailoRT] [info] [queue_elements.cpp:738] [run_in_thread] run_pull of queue element PullQEl_nms3yolov8s/conv62_97 was aborted!
[2026-06-09 13:18:03.167] [5617] [HailoRT] [info] [queue_elements.cpp:738] [run_in_thread] run_pull of queue element PullQEl_nms2yolov8s/conv63_97 was aborted!
[2026-06-09 13:18:03.167] [5612] [HailoRT] [info] [queue_elements.cpp:738] [run_in_thread] run_pull of queue element PullQEl_nms9yolov8s/conv41_97 was aborted!
[2026-06-09 13:18:03.167] [5615] [HailoRT] [info] [edge_elements.cpp:396] [run_pull] Reading from stream was aborted!
[2026-06-09 13:18:03.167] [5615] [HailoRT] [info] [queue_elements.cpp:738] [run_in_thread] run_pull of queue element PullQEl_nms0yolov8s/conv53_97 was aborted!
[2026-06-09 13:18:03.167] [5618] [HailoRT] [info] [queue_elements.cpp:68] [operator()] Thread in element UserBufQEl_post_infer0yolov8s/yolov8_nms_postprocess is not running anymore, exiting..
[2026-06-09 13:18:03.167] [2224] [HailoRT] [info] [queue_elements.cpp:46] [~BaseQueueElement] Queue element UserBufQEl_post_infer0yolov8s/yolov8_nms_postprocess has 0 frames in his Queue on destruction
[2026-06-09 13:18:03.167] [5617] [HailoRT] [info] [queue_elements.cpp:68] [operator()] Thread in element PullQEl_nms2yolov8s/conv63_97 is not running anymore, exiting..
[2026-06-09 13:18:03.167] [2224] [HailoRT] [info] [queue_elements.cpp:46] [~BaseQueueElement] Queue element PullQEl_nms2yolov8s/conv63_97 has 0 frames in his Queue on destruction
[2026-06-09 13:18:03.167] [5616] [HailoRT] [info] [queue_elements.cpp:68] [operator()] Thread in element PullQEl_nms3yolov8s/conv62_97 is not running anymore, exiting..
[2026-06-09 13:18:03.167] [2224] [HailoRT] [info] [queue_elements.cpp:46] [~BaseQueueElement] Queue element PullQEl_nms3yolov8s/conv62_97 has 0 frames in his Queue on destruction
[2026-06-09 13:18:03.167] [5615] [HailoRT] [info] [queue_elements.cpp:68] [operator()] Thread in element PullQEl_nms0yolov8s/conv53_97 is not running anymore, exiting..
[2026-06-09 13:18:03.167] [2224] [HailoRT] [info] [queue_elements.cpp:46] [~BaseQueueElement] Queue element PullQEl_nms0yolov8s/conv53_97 has 0 frames in his Queue on destruction
[2026-06-09 13:18:03.167] [5614] [HailoRT] [info] [queue_elements.cpp:68] [operator()] Thread in element PullQEl_nms1yolov8s/conv52_97 is not running anymore, exiting..
[2026-06-09 13:18:03.167] [2224] [HailoRT] [info] [queue_elements.cpp:46] [~BaseQueueElement] Queue element PullQEl_nms1yolov8s/conv52_97 has 0 frames in his Queue on destruction
[2026-06-09 13:18:03.167] [5613] [HailoRT] [info] [queue_elements.cpp:68] [operator()] Thread in element PullQEl_nms7yolov8s/conv42_97 is not running anymore, exiting..
[2026-06-09 13:18:03.167] [2224] [HailoRT] [info] [queue_elements.cpp:46] [~BaseQueueElement] Queue element PullQEl_nms7yolov8s/conv42_97 has 0 frames in his Queue on destruction
[2026-06-09 13:18:03.167] [5612] [HailoRT] [info] [queue_elements.cpp:68] [operator()] Thread in element PullQEl_nms9yolov8s/conv41_97 is not running anymore, exiting..
[2026-06-09 13:18:03.167] [2224] [HailoRT] [info] [queue_elements.cpp:46] [~BaseQueueElement] Queue element PullQEl_nms9yolov8s/conv41_97 has 0 frames in his Queue on destruction
[2026-06-09 13:18:03.167] [5611] [HailoRT] [info] [queue_elements.cpp:68] [operator()] Thread in element PushQEl3yolov8s/input_layer1 is not running anymore, exiting..
[2026-06-09 13:18:03.168] [2224] [HailoRT] [info] [queue_elements.cpp:46] [~BaseQueueElement] Queue element PushQEl3yolov8s/input_layer1 has 0 frames in his Queue on destruction
[2026-06-09 13:18:03.168] [2224] [HailoRT] [info] [core_op.cpp:186] [deactivate] Deactivating took 0.60546 ms
[2026-06-09 13:18:03.168] [2224] [HailoRT] [info] [core_op.cpp:186] [deactivate] Deactivating took 0.612529 ms
[2026-06-09 13:18:05.855] [2224] [HailoRT] [info] [core_op.cpp:156] [activate] Activating yolov8s took 0.759337 milliseconds. Note that the function is asynchronous and thus the network is not fully activated yet.
[2026-06-09 13:18:05.855] [2224] [HailoRT] [info] [core_op.cpp:156] [activate] Activating yolov8s took 0.788703 milliseconds. Note that the function is asynchronous and thus the network is not fully activated yet.
[2026-06-09 13:18:05.855] [2224] [HailoRT] [info] [edge_elements.cpp:52] [create] Created (HwWriteEl3yolov8s/input_layer1 | hw_frame_size: 1228800)
[2026-06-09 13:18:05.855] [2224] [HailoRT] [info] [queue_elements.cpp:284] [create] Created (PushQEl3yolov8s/input_layer1 | timeout: 10s)
[2026-06-09 13:18:05.855] [2224] [HailoRT] [info] [filter_elements.cpp:101] [create] Created (PreInferEl3yolov8s/input_layer1 | Reorder - src_order: NHWC, src_shape: (640, 640, 3), dst_order: NHCW, dst_shape: (640, 640, 3))
[2026-06-09 13:18:05.855] [2224] [HailoRT] [info] [vstream.cpp:754] [InputVStreamImpl] Creating yolov8s/input_layer1...
[2026-06-09 13:18:05.855] [2224] [HailoRT] [info] [vstream_builder.cpp:102] [create_inputs] Input pipeline 'yolov8s/input_layer1': (PreInferEl3yolov8s/input_layer1 | Reorder - src_order: NHWC, src_shape: (640, 640, 3), dst_order: NHCW, dst_shape: (640, 640, 3)) >> (PushQEl3yolov8s/input_layer1 | timeout: 10s) >> (HwWriteEl3yolov8s/input_layer1 | hw_frame_size: 1228800) >> HW
[2026-06-09 13:18:05.855] [2224] [HailoRT] [info] [multi_io_elements.cpp:135] [create] Created (NmsPPMuxEl0YOLOV8-Post-Process | Op YOLOV8, Name: YOLOV8-Post-Process, Score threshold: 0.200, IoU threshold: 0.70, Classes: 80, Max bboxes per class: 100, Image height: 640, Image width: 640)
[2026-06-09 13:18:05.855] [2224] [HailoRT] [info] [edge_elements.cpp:287] [create] Created (HwReadEl9yolov8s/conv41_97 | hw_frame_size: 409600)
[2026-06-09 13:18:05.855] [2224] [HailoRT] [info] [queue_elements.cpp:657] [create] Created (PullQEl_nms9yolov8s/conv41_97 | timeout: 10s)
[2026-06-09 13:18:05.855] [2224] [HailoRT] [info] [edge_elements.cpp:287] [create] Created (HwReadEl7yolov8s/conv42_97 | hw_frame_size: 512000)
[2026-06-09 13:18:05.855] [2224] [HailoRT] [info] [queue_elements.cpp:657] [create] Created (PullQEl_nms7yolov8s/conv42_97 | timeout: 10s)
[2026-06-09 13:18:05.855] [2224] [HailoRT] [info] [edge_elements.cpp:287] [create] Created (HwReadEl1yolov8s/conv52_97 | hw_frame_size: 102400)
[2026-06-09 13:18:05.855] [2224] [HailoRT] [info] [queue_elements.cpp:657] [create] Created (PullQEl_nms1yolov8s/conv52_97 | timeout: 10s)
[2026-06-09 13:18:05.855] [2224] [HailoRT] [info] [edge_elements.cpp:287] [create] Created (HwReadEl0yolov8s/conv53_97 | hw_frame_size: 128000)
[2026-06-09 13:18:05.855] [2224] [HailoRT] [info] [queue_elements.cpp:657] [create] Created (PullQEl_nms0yolov8s/conv53_97 | timeout: 10s)
[2026-06-09 13:18:05.855] [2224] [HailoRT] [info] [edge_elements.cpp:287] [create] Created (HwReadEl3yolov8s/conv62_97 | hw_frame_size: 30720)
[2026-06-09 13:18:05.855] [2224] [HailoRT] [info] [queue_elements.cpp:657] [create] Created (PullQEl_nms3yolov8s/conv62_97 | timeout: 10s)
[2026-06-09 13:18:05.855] [2224] [HailoRT] [info] [edge_elements.cpp:287] [create] Created (HwReadEl2yolov8s/conv63_97 | hw_frame_size: 38400)
[2026-06-09 13:18:05.855] [2224] [HailoRT] [info] [queue_elements.cpp:657] [create] Created (PullQEl_nms2yolov8s/conv63_97 | timeout: 10s)
[2026-06-09 13:18:05.856] [2224] [HailoRT] [info] [queue_elements.cpp:800] [create] Created (UserBufQEl_post_infer0yolov8s/yolov8_nms_postprocess | timeout: 10s)
[2026-06-09 13:18:05.856] [2224] [HailoRT] [info] [vstream.cpp:1114] [OutputVStreamImpl] Creating yolov8s/yolov8_nms_postprocess...
[2026-06-09 13:18:05.856] [2224] [HailoRT] [info] [vstream_builder.cpp:622] [create_output_post_process_nms] Output pipeline 'yolov8s/yolov8_nms_postprocess': HW >> (HwReadEl9yolov8s/conv41_97 | hw_frame_size: 409600) >> (PullQEl_nms9yolov8s/conv41_97) >> (HwReadEl7yolov8s/conv42_97 | hw_frame_size: 512000) >> (PullQEl_nms7yolov8s/conv42_97) >> (HwReadEl1yolov8s/conv52_97 | hw_frame_size: 102400) >> (PullQEl_nms1yolov8s/conv52_97) >> (HwReadEl0yolov8s/conv53_97 | hw_frame_size: 128000) >> (PullQEl_nms0yolov8s/conv53_97) >> (HwReadEl3yolov8s/conv62_97 | hw_frame_size: 30720) >> (PullQEl_nms3yolov8s/conv62_97) >> (HwReadEl2yolov8s/conv63_97 | hw_frame_size: 38400) >> (PullQEl_nms2yolov8s/conv63_97) >> (NmsPPMuxEl0YOLOV8-Post-Process | Op YOLOV8, Name: YOLOV8-Post-Process, Score threshold: 0.200, IoU threshold: 0.70, Classes: 80, Max bboxes per class: 100, Image height: 640, Image width: 640) >> (UserBufQEl_post_infer0yolov8s/yolov8_nms_postprocess | timeout: 10s)
[2026-06-09 13:18:05.856] [5635] [HailoRT] [info] [vdevice_native_stream.cpp:331] [read_impl] Failed read from stream HAILO_STREAM_ABORT(63) (device: 0001:01:00.0)
[2026-06-09 13:18:05.856] [5636] [HailoRT] [info] [queue_elements.cpp:734] [run_in_thread] Shutdown event was signaled in run_pull of queue element PullQEl_nms0yolov8s/conv53_97!
[2026-06-09 13:18:05.856] [5634] [HailoRT] [info] [vdevice_native_stream.cpp:331] [read_impl] Failed read from stream HAILO_STREAM_ABORT(63) (device: 0001:01:00.0)
[2026-06-09 13:18:05.856] [5633] [HailoRT] [info] [vdevice_native_stream.cpp:331] [read_impl] Failed read from stream HAILO_STREAM_ABORT(63) (device: 0001:01:00.0)
[2026-06-09 13:18:05.856] [5637] [HailoRT] [info] [queue_elements.cpp:734] [run_in_thread] Shutdown event was signaled in run_pull of queue element PullQEl_nms3yolov8s/conv62_97!
[2026-06-09 13:18:05.856] [5633] [HailoRT] [info] [edge_elements.cpp:396] [run_pull] Reading from stream was aborted!
[2026-06-09 13:18:05.856] [5634] [HailoRT] [info] [edge_elements.cpp:396] [run_pull] Reading from stream was aborted!
[2026-06-09 13:18:05.856] [5635] [HailoRT] [info] [edge_elements.cpp:396] [run_pull] Reading from stream was aborted!
[2026-06-09 13:18:05.856] [5635] [HailoRT] [info] [queue_elements.cpp:738] [run_in_thread] run_pull of queue element PullQEl_nms1yolov8s/conv52_97 was aborted!
[2026-06-09 13:18:05.856] [5633] [HailoRT] [info] [queue_elements.cpp:738] [run_in_thread] run_pull of queue element PullQEl_nms9yolov8s/conv41_97 was aborted!
[2026-06-09 13:18:05.856] [5638] [HailoRT] [info] [queue_elements.cpp:734] [run_in_thread] Shutdown event was signaled in run_pull of queue element PullQEl_nms2yolov8s/conv63_97!
[2026-06-09 13:18:05.856] [5634] [HailoRT] [info] [queue_elements.cpp:738] [run_in_thread] run_pull of queue element PullQEl_nms7yolov8s/conv42_97 was aborted!
[2026-06-09 13:18:05.856] [5639] [HailoRT] [info] [queue_elements.cpp:68] [operator()] Thread in element UserBufQEl_post_infer0yolov8s/yolov8_nms_postprocess is not running anymore, exiting..
[2026-06-09 13:18:05.856] [2224] [HailoRT] [info] [queue_elements.cpp:46] [~BaseQueueElement] Queue element UserBufQEl_post_infer0yolov8s/yolov8_nms_postprocess has 0 frames in his Queue on destruction
[2026-06-09 13:18:05.856] [5638] [HailoRT] [info] [queue_elements.cpp:68] [operator()] Thread in element PullQEl_nms2yolov8s/conv63_97 is not running anymore, exiting..
[2026-06-09 13:18:05.856] [2224] [HailoRT] [info] [queue_elements.cpp:46] [~BaseQueueElement] Queue element PullQEl_nms2yolov8s/conv63_97 has 0 frames in his Queue on destruction
[2026-06-09 13:18:05.856] [5637] [HailoRT] [info] [queue_elements.cpp:68] [operator()] Thread in element PullQEl_nms3yolov8s/conv62_97 is not running anymore, exiting..
[2026-06-09 13:18:05.856] [2224] [HailoRT] [info] [queue_elements.cpp:46] [~BaseQueueElement] Queue element PullQEl_nms3yolov8s/conv62_97 has 0 frames in his Queue on destruction
[2026-06-09 13:18:05.856] [5636] [HailoRT] [info] [queue_elements.cpp:68] [operator()] Thread in element PullQEl_nms0yolov8s/conv53_97 is not running anymore, exiting..
[2026-06-09 13:18:05.856] [2224] [HailoRT] [info] [queue_elements.cpp:46] [~BaseQueueElement] Queue element PullQEl_nms0yolov8s/conv53_97 has 0 frames in his Queue on destruction
[2026-06-09 13:18:05.856] [5635] [HailoRT] [info] [queue_elements.cpp:68] [operator()] Thread in element PullQEl_nms1yolov8s/conv52_97 is not running anymore, exiting..
[2026-06-09 13:18:05.856] [2224] [HailoRT] [info] [queue_elements.cpp:46] [~BaseQueueElement] Queue element PullQEl_nms1yolov8s/conv52_97 has 0 frames in his Queue on destruction
[2026-06-09 13:18:05.856] [5634] [HailoRT] [info] [queue_elements.cpp:68] [operator()] Thread in element PullQEl_nms7yolov8s/conv42_97 is not running anymore, exiting..
[2026-06-09 13:18:05.856] [2224] [HailoRT] [info] [queue_elements.cpp:46] [~BaseQueueElement] Queue element PullQEl_nms7yolov8s/conv42_97 has 0 frames in his Queue on destruction
[2026-06-09 13:18:05.856] [5633] [HailoRT] [info] [queue_elements.cpp:68] [operator()] Thread in element PullQEl_nms9yolov8s/conv41_97 is not running anymore, exiting..
[2026-06-09 13:18:05.856] [2224] [HailoRT] [info] [queue_elements.cpp:46] [~BaseQueueElement] Queue element PullQEl_nms9yolov8s/conv41_97 has 0 frames in his Queue on destruction
[2026-06-09 13:18:05.856] [5632] [HailoRT] [info] [queue_elements.cpp:68] [operator()] Thread in element PushQEl3yolov8s/input_layer1 is not running anymore, exiting..
[2026-06-09 13:18:05.856] [2224] [HailoRT] [info] [queue_elements.cpp:46] [~BaseQueueElement] Queue element PushQEl3yolov8s/input_layer1 has 0 frames in his Queue on destruction
[2026-06-09 13:18:05.857] [2224] [HailoRT] [info] [core_op.cpp:186] [deactivate] Deactivating took 0.643143 ms
[2026-06-09 13:18:05.857] [2224] [HailoRT] [info] [core_op.cpp:186] [deactivate] Deactivating took 0.65073 ms
[2026-06-09 13:18:08.579] [2224] [HailoRT] [info] [core_op.cpp:156] [activate] Activating yolov8s took 0.872627 milliseconds. Note that the function is asynchronous and thus the network is not fully activated yet.
[2026-06-09 13:18:08.579] [2224] [HailoRT] [info] [core_op.cpp:156] [activate] Activating yolov8s took 0.903701 milliseconds. Note that the function is asynchronous and thus the network is not fully activated yet.
[2026-06-09 13:18:08.579] [2224] [HailoRT] [info] [edge_elements.cpp:52] [create] Created (HwWriteEl3yolov8s/input_layer1 | hw_frame_size: 1228800)
[2026-06-09 13:18:08.580] [2224] [HailoRT] [info] [queue_elements.cpp:284] [create] Created (PushQEl3yolov8s/input_layer1 | timeout: 10s)
[2026-06-09 13:18:08.580] [2224] [HailoRT] [info] [filter_elements.cpp:101] [create] Created (PreInferEl3yolov8s/input_layer1 | Reorder - src_order: NHWC, src_shape: (640, 640, 3), dst_order: NHCW, dst_shape: (640, 640, 3))
[2026-06-09 13:18:08.580] [2224] [HailoRT] [info] [vstream.cpp:754] [InputVStreamImpl] Creating yolov8s/input_layer1...
[2026-06-09 13:18:08.580] [2224] [HailoRT] [info] [vstream_builder.cpp:102] [create_inputs] Input pipeline 'yolov8s/input_layer1': (PreInferEl3yolov8s/input_layer1 | Reorder - src_order: NHWC, src_shape: (640, 640, 3), dst_order: NHCW, dst_shape: (640, 640, 3)) >> (PushQEl3yolov8s/input_layer1 | timeout: 10s) >> (HwWriteEl3yolov8s/input_layer1 | hw_frame_size: 1228800) >> HW
[2026-06-09 13:18:08.580] [2224] [HailoRT] [info] [multi_io_elements.cpp:135] [create] Created (NmsPPMuxEl0YOLOV8-Post-Process | Op YOLOV8, Name: YOLOV8-Post-Process, Score threshold: 0.200, IoU threshold: 0.70, Classes: 80, Max bboxes per class: 100, Image height: 640, Image width: 640)
[2026-06-09 13:18:08.580] [2224] [HailoRT] [info] [edge_elements.cpp:287] [create] Created (HwReadEl9yolov8s/conv41_97 | hw_frame_size: 409600)
[2026-06-09 13:18:08.580] [2224] [HailoRT] [info] [queue_elements.cpp:657] [create] Created (PullQEl_nms9yolov8s/conv41_97 | timeout: 10s)
[2026-06-09 13:18:08.580] [2224] [HailoRT] [info] [edge_elements.cpp:287] [create] Created (HwReadEl7yolov8s/conv42_97 | hw_frame_size: 512000)
[2026-06-09 13:18:08.580] [2224] [HailoRT] [info] [queue_elements.cpp:657] [create] Created (PullQEl_nms7yolov8s/conv42_97 | timeout: 10s)
[2026-06-09 13:18:08.580] [2224] [HailoRT] [info] [edge_elements.cpp:287] [create] Created (HwReadEl1yolov8s/conv52_97 | hw_frame_size: 102400)
[2026-06-09 13:18:08.580] [2224] [HailoRT] [info] [queue_elements.cpp:657] [create] Created (PullQEl_nms1yolov8s/conv52_97 | timeout: 10s)
[2026-06-09 13:18:08.580] [2224] [HailoRT] [info] [edge_elements.cpp:287] [create] Created (HwReadEl0yolov8s/conv53_97 | hw_frame_size: 128000)
[2026-06-09 13:18:08.580] [2224] [HailoRT] [info] [queue_elements.cpp:657] [create] Created (PullQEl_nms0yolov8s/conv53_97 | timeout: 10s)
[2026-06-09 13:18:08.580] [2224] [HailoRT] [info] [edge_elements.cpp:287] [create] Created (HwReadEl3yolov8s/conv62_97 | hw_frame_size: 30720)
[2026-06-09 13:18:08.580] [2224] [HailoRT] [info] [queue_elements.cpp:657] [create] Created (PullQEl_nms3yolov8s/conv62_97 | timeout: 10s)
[2026-06-09 13:18:08.580] [2224] [HailoRT] [info] [edge_elements.cpp:287] [create] Created (HwReadEl2yolov8s/conv63_97 | hw_frame_size: 38400)
[2026-06-09 13:18:08.580] [2224] [HailoRT] [info] [queue_elements.cpp:657] [create] Created (PullQEl_nms2yolov8s/conv63_97 | timeout: 10s)
[2026-06-09 13:18:08.580] [2224] [HailoRT] [info] [queue_elements.cpp:800] [create] Created (UserBufQEl_post_infer0yolov8s/yolov8_nms_postprocess | timeout: 10s)
[2026-06-09 13:18:08.580] [2224] [HailoRT] [info] [vstream.cpp:1114] [OutputVStreamImpl] Creating yolov8s/yolov8_nms_postprocess...
[2026-06-09 13:18:08.580] [2224] [HailoRT] [info] [vstream_builder.cpp:622] [create_output_post_process_nms] Output pipeline 'yolov8s/yolov8_nms_postprocess': HW >> (HwReadEl9yolov8s/conv41_97 | hw_frame_size: 409600) >> (PullQEl_nms9yolov8s/conv41_97) >> (HwReadEl7yolov8s/conv42_97 | hw_frame_size: 512000) >> (PullQEl_nms7yolov8s/conv42_97) >> (HwReadEl1yolov8s/conv52_97 | hw_frame_size: 102400) >> (PullQEl_nms1yolov8s/conv52_97) >> (HwReadEl0yolov8s/conv53_97 | hw_frame_size: 128000) >> (PullQEl_nms0yolov8s/conv53_97) >> (HwReadEl3yolov8s/conv62_97 | hw_frame_size: 30720) >> (PullQEl_nms3yolov8s/conv62_97) >> (HwReadEl2yolov8s/conv63_97 | hw_frame_size: 38400) >> (PullQEl_nms2yolov8s/conv63_97) >> (NmsPPMuxEl0YOLOV8-Post-Process | Op YOLOV8, Name: YOLOV8-Post-Process, Score threshold: 0.200, IoU threshold: 0.70, Classes: 80, Max bboxes per class: 100, Image height: 640, Image width: 640) >> (UserBufQEl_post_infer0yolov8s/yolov8_nms_postprocess | timeout: 10s)
[2026-06-09 13:18:08.580] [5653] [HailoRT] [info] [vdevice_native_stream.cpp:331] [read_impl] Failed read from stream HAILO_STREAM_ABORT(63) (device: 0001:01:00.0)
[2026-06-09 13:18:08.581] [5653] [HailoRT] [info] [edge_elements.cpp:396] [run_pull] Reading from stream was aborted!
[2026-06-09 13:18:08.581] [5656] [HailoRT] [info] [queue_elements.cpp:734] [run_in_thread] Shutdown event was signaled in run_pull of queue element PullQEl_nms0yolov8s/conv53_97!
[2026-06-09 13:18:08.580] [5654] [HailoRT] [info] [vdevice_native_stream.cpp:331] [read_impl] Failed read from stream HAILO_STREAM_ABORT(63) (device: 0001:01:00.0)
[2026-06-09 13:18:08.581] [5657] [HailoRT] [info] [queue_elements.cpp:734] [run_in_thread] Shutdown event was signaled in run_pull of queue element PullQEl_nms3yolov8s/conv62_97!
[2026-06-09 13:18:08.581] [5655] [HailoRT] [info] [vdevice_native_stream.cpp:331] [read_impl] Failed read from stream HAILO_STREAM_ABORT(63) (device: 0001:01:00.0)
[2026-06-09 13:18:08.581] [5655] [HailoRT] [info] [edge_elements.cpp:396] [run_pull] Reading from stream was aborted!
[2026-06-09 13:18:08.581] [5653] [HailoRT] [info] [queue_elements.cpp:738] [run_in_thread] run_pull of queue element PullQEl_nms9yolov8s/conv41_97 was aborted!
[2026-06-09 13:18:08.581] [5654] [HailoRT] [info] [edge_elements.cpp:396] [run_pull] Reading from stream was aborted!
[2026-06-09 13:18:08.581] [5658] [HailoRT] [info] [vdevice_native_stream.cpp:331] [read_impl] Failed read from stream HAILO_STREAM_ABORT(63) (device: 0001:01:00.0)
[2026-06-09 13:18:08.581] [5658] [HailoRT] [info] [edge_elements.cpp:396] [run_pull] Reading from stream was aborted!
[2026-06-09 13:18:08.581] [5654] [HailoRT] [info] [queue_elements.cpp:738] [run_in_thread] run_pull of queue element PullQEl_nms7yolov8s/conv42_97 was aborted!
[2026-06-09 13:18:08.581] [5658] [HailoRT] [info] [queue_elements.cpp:738] [run_in_thread] run_pull of queue element PullQEl_nms2yolov8s/conv63_97 was aborted!
[2026-06-09 13:18:08.581] [5655] [HailoRT] [info] [queue_elements.cpp:738] [run_in_thread] run_pull of queue element PullQEl_nms1yolov8s/conv52_97 was aborted!
[2026-06-09 13:18:08.581] [5659] [HailoRT] [info] [queue_elements.cpp:68] [operator()] Thread in element UserBufQEl_post_infer0yolov8s/yolov8_nms_postprocess is not running anymore, exiting..
[2026-06-09 13:18:08.581] [2224] [HailoRT] [info] [queue_elements.cpp:46] [~BaseQueueElement] Queue element UserBufQEl_post_infer0yolov8s/yolov8_nms_postprocess has 0 frames in his Queue on destruction
[2026-06-09 13:18:08.581] [5658] [HailoRT] [info] [queue_elements.cpp:68] [operator()] Thread in element PullQEl_nms2yolov8s/conv63_97 is not running anymore, exiting..
[2026-06-09 13:18:08.581] [2224] [HailoRT] [info] [queue_elements.cpp:46] [~BaseQueueElement] Queue element PullQEl_nms2yolov8s/conv63_97 has 0 frames in his Queue on destruction
[2026-06-09 13:18:08.581] [5657] [HailoRT] [info] [queue_elements.cpp:68] [operator()] Thread in element PullQEl_nms3yolov8s/conv62_97 is not running anymore, exiting..
[2026-06-09 13:18:08.581] [2224] [HailoRT] [info] [queue_elements.cpp:46] [~BaseQueueElement] Queue element PullQEl_nms3yolov8s/conv62_97 has 0 frames in his Queue on destruction
[2026-06-09 13:18:08.581] [5656] [HailoRT] [info] [queue_elements.cpp:68] [operator()] Thread in element PullQEl_nms0yolov8s/conv53_97 is not running anymore, exiting..
[2026-06-09 13:18:08.581] [2224] [HailoRT] [info] [queue_elements.cpp:46] [~BaseQueueElement] Queue element PullQEl_nms0yolov8s/conv53_97 has 0 frames in his Queue on destruction
[2026-06-09 13:18:08.581] [5655] [HailoRT] [info] [queue_elements.cpp:68] [operator()] Thread in element PullQEl_nms1yolov8s/conv52_97 is not running anymore, exiting..
[2026-06-09 13:18:08.581] [2224] [HailoRT] [info] [queue_elements.cpp:46] [~BaseQueueElement] Queue element PullQEl_nms1yolov8s/conv52_97 has 0 frames in his Queue on destruction
[2026-06-09 13:18:08.581] [5654] [HailoRT] [info] [queue_elements.cpp:68] [operator()] Thread in element PullQEl_nms7yolov8s/conv42_97 is not running anymore, exiting..
[2026-06-09 13:18:08.581] [2224] [HailoRT] [info] [queue_elements.cpp:46] [~BaseQueueElement] Queue element PullQEl_nms7yolov8s/conv42_97 has 0 frames in his Queue on destruction
[2026-06-09 13:18:08.581] [5653] [HailoRT] [info] [queue_elements.cpp:68] [operator()] Thread in element PullQEl_nms9yolov8s/conv41_97 is not running anymore, exiting..
[2026-06-09 13:18:08.581] [2224] [HailoRT] [info] [queue_elements.cpp:46] [~BaseQueueElement] Queue element PullQEl_nms9yolov8s/conv41_97 has 0 frames in his Queue on destruction
[2026-06-09 13:18:08.581] [5652] [HailoRT] [info] [queue_elements.cpp:68] [operator()] Thread in element PushQEl3yolov8s/input_layer1 is not running anymore, exiting..
[2026-06-09 13:18:08.581] [2224] [HailoRT] [info] [queue_elements.cpp:46] [~BaseQueueElement] Queue element PushQEl3yolov8s/input_layer1 has 0 frames in his Queue on destruction
[2026-06-09 13:18:08.582] [2224] [HailoRT] [info] [core_op.cpp:186] [deactivate] Deactivating took 0.596909 ms
[2026-06-09 13:18:08.582] [2224] [HailoRT] [info] [core_op.cpp:186] [deactivate] Deactivating took 0.607088 ms
[2026-06-09 13:18:11.473] [2224] [HailoRT] [info] [core_op.cpp:156] [activate] Activating yolov8s took 0.735859 milliseconds. Note that the function is asynchronous and thus the network is not fully activated yet.
[2026-06-09 13:18:11.473] [2224] [HailoRT] [info] [core_op.cpp:156] [activate] Activating yolov8s took 0.762918 milliseconds. Note that the function is asynchronous and thus the network is not fully activated yet.
[2026-06-09 13:18:11.473] [2224] [HailoRT] [info] [edge_elements.cpp:52] [create] Created (HwWriteEl3yolov8s/input_layer1 | hw_frame_size: 1228800)
[2026-06-09 13:18:11.473] [2224] [HailoRT] [info] [queue_elements.cpp:284] [create] Created (PushQEl3yolov8s/input_layer1 | timeout: 10s)
[2026-06-09 13:18:11.473] [2224] [HailoRT] [info] [filter_elements.cpp:101] [create] Created (PreInferEl3yolov8s/input_layer1 | Reorder - src_order: NHWC, src_shape: (640, 640, 3), dst_order: NHCW, dst_shape: (640, 640, 3))
[2026-06-09 13:18:11.473] [2224] [HailoRT] [info] [vstream.cpp:754] [InputVStreamImpl] Creating yolov8s/input_layer1...
[2026-06-09 13:18:11.473] [2224] [HailoRT] [info] [vstream_builder.cpp:102] [create_inputs] Input pipeline 'yolov8s/input_layer1': (PreInferEl3yolov8s/input_layer1 | Reorder - src_order: NHWC, src_shape: (640, 640, 3), dst_order: NHCW, dst_shape: (640, 640, 3)) >> (PushQEl3yolov8s/input_layer1 | timeout: 10s) >> (HwWriteEl3yolov8s/input_layer1 | hw_frame_size: 1228800) >> HW
[2026-06-09 13:18:11.473] [2224] [HailoRT] [info] [multi_io_elements.cpp:135] [create] Created (NmsPPMuxEl0YOLOV8-Post-Process | Op YOLOV8, Name: YOLOV8-Post-Process, Score threshold: 0.200, IoU threshold: 0.70, Classes: 80, Max bboxes per class: 100, Image height: 640, Image width: 640)
[2026-06-09 13:18:11.473] [2224] [HailoRT] [info] [edge_elements.cpp:287] [create] Created (HwReadEl9yolov8s/conv41_97 | hw_frame_size: 409600)
[2026-06-09 13:18:11.473] [2224] [HailoRT] [info] [queue_elements.cpp:657] [create] Created (PullQEl_nms9yolov8s/conv41_97 | timeout: 10s)
[2026-06-09 13:18:11.473] [2224] [HailoRT] [info] [edge_elements.cpp:287] [create] Created (HwReadEl7yolov8s/conv42_97 | hw_frame_size: 512000)
[2026-06-09 13:18:11.473] [2224] [HailoRT] [info] [queue_elements.cpp:657] [create] Created (PullQEl_nms7yolov8s/conv42_97 | timeout: 10s)
[2026-06-09 13:18:11.473] [2224] [HailoRT] [info] [edge_elements.cpp:287] [create] Created (HwReadEl1yolov8s/conv52_97 | hw_frame_size: 102400)
[2026-06-09 13:18:11.473] [2224] [HailoRT] [info] [queue_elements.cpp:657] [create] Created (PullQEl_nms1yolov8s/conv52_97 | timeout: 10s)
[2026-06-09 13:18:11.473] [2224] [HailoRT] [info] [edge_elements.cpp:287] [create] Created (HwReadEl0yolov8s/conv53_97 | hw_frame_size: 128000)
[2026-06-09 13:18:11.473] [2224] [HailoRT] [info] [queue_elements.cpp:657] [create] Created (PullQEl_nms0yolov8s/conv53_97 | timeout: 10s)
[2026-06-09 13:18:11.473] [2224] [HailoRT] [info] [edge_elements.cpp:287] [create] Created (HwReadEl3yolov8s/conv62_97 | hw_frame_size: 30720)
[2026-06-09 13:18:11.473] [2224] [HailoRT] [info] [queue_elements.cpp:657] [create] Created (PullQEl_nms3yolov8s/conv62_97 | timeout: 10s)
[2026-06-09 13:18:11.473] [2224] [HailoRT] [info] [edge_elements.cpp:287] [create] Created (HwReadEl2yolov8s/conv63_97 | hw_frame_size: 38400)
[2026-06-09 13:18:11.473] [2224] [HailoRT] [info] [queue_elements.cpp:657] [create] Created (PullQEl_nms2yolov8s/conv63_97 | timeout: 10s)
[2026-06-09 13:18:11.473] [2224] [HailoRT] [info] [queue_elements.cpp:800] [create] Created (UserBufQEl_post_infer0yolov8s/yolov8_nms_postprocess | timeout: 10s)
[2026-06-09 13:18:11.474] [2224] [HailoRT] [info] [vstream.cpp:1114] [OutputVStreamImpl] Creating yolov8s/yolov8_nms_postprocess...
[2026-06-09 13:18:11.474] [2224] [HailoRT] [info] [vstream_builder.cpp:622] [create_output_post_process_nms] Output pipeline 'yolov8s/yolov8_nms_postprocess': HW >> (HwReadEl9yolov8s/conv41_97 | hw_frame_size: 409600) >> (PullQEl_nms9yolov8s/conv41_97) >> (HwReadEl7yolov8s/conv42_97 | hw_frame_size: 512000) >> (PullQEl_nms7yolov8s/conv42_97) >> (HwReadEl1yolov8s/conv52_97 | hw_frame_size: 102400) >> (PullQEl_nms1yolov8s/conv52_97) >> (HwReadEl0yolov8s/conv53_97 | hw_frame_size: 128000) >> (PullQEl_nms0yolov8s/conv53_97) >> (HwReadEl3yolov8s/conv62_97 | hw_frame_size: 30720) >> (PullQEl_nms3yolov8s/conv62_97) >> (HwReadEl2yolov8s/conv63_97 | hw_frame_size: 38400) >> (PullQEl_nms2yolov8s/conv63_97) >> (NmsPPMuxEl0YOLOV8-Post-Process | Op YOLOV8, Name: YOLOV8-Post-Process, Score threshold: 0.200, IoU threshold: 0.70, Classes: 80, Max bboxes per class: 100, Image height: 640, Image width: 640) >> (UserBufQEl_post_infer0yolov8s/yolov8_nms_postprocess | timeout: 10s)
[2026-06-09 13:18:11.474] [5678] [HailoRT] [info] [vdevice_native_stream.cpp:331] [read_impl] Failed read from stream HAILO_STREAM_ABORT(63) (device: 0001:01:00.0)
[2026-06-09 13:18:11.474] [5679] [HailoRT] [info] [vdevice_native_stream.cpp:331] [read_impl] Failed read from stream HAILO_STREAM_ABORT(63) (device: 0001:01:00.0)
[2026-06-09 13:18:11.474] [5679] [HailoRT] [info] [edge_elements.cpp:396] [run_pull] Reading from stream was aborted!
[2026-06-09 13:18:11.474] [5682] [HailoRT] [info] [queue_elements.cpp:734] [run_in_thread] Shutdown event was signaled in run_pull of queue element PullQEl_nms3yolov8s/conv62_97!
[2026-06-09 13:18:11.474] [5679] [HailoRT] [info] [queue_elements.cpp:738] [run_in_thread] run_pull of queue element PullQEl_nms7yolov8s/conv42_97 was aborted!
[2026-06-09 13:18:11.474] [5681] [HailoRT] [info] [vdevice_native_stream.cpp:331] [read_impl] Failed read from stream HAILO_STREAM_ABORT(63) (device: 0001:01:00.0)
[2026-06-09 13:18:11.474] [5683] [HailoRT] [info] [vdevice_native_stream.cpp:331] [read_impl] Failed read from stream HAILO_STREAM_ABORT(63) (device: 0001:01:00.0)
[2026-06-09 13:18:11.474] [5678] [HailoRT] [info] [edge_elements.cpp:396] [run_pull] Reading from stream was aborted!
[2026-06-09 13:18:11.474] [5683] [HailoRT] [info] [edge_elements.cpp:396] [run_pull] Reading from stream was aborted!
[2026-06-09 13:18:11.474] [5681] [HailoRT] [info] [edge_elements.cpp:396] [run_pull] Reading from stream was aborted!
[2026-06-09 13:18:11.474] [5680] [HailoRT] [info] [vdevice_native_stream.cpp:331] [read_impl] Failed read from stream HAILO_STREAM_ABORT(63) (device: 0001:01:00.0)
[2026-06-09 13:18:11.474] [5678] [HailoRT] [info] [queue_elements.cpp:738] [run_in_thread] run_pull of queue element PullQEl_nms9yolov8s/conv41_97 was aborted!
[2026-06-09 13:18:11.474] [5683] [HailoRT] [info] [queue_elements.cpp:738] [run_in_thread] run_pull of queue element PullQEl_nms2yolov8s/conv63_97 was aborted!
[2026-06-09 13:18:11.474] [5681] [HailoRT] [info] [queue_elements.cpp:738] [run_in_thread] run_pull of queue element PullQEl_nms0yolov8s/conv53_97 was aborted!
[2026-06-09 13:18:11.474] [5680] [HailoRT] [info] [edge_elements.cpp:396] [run_pull] Reading from stream was aborted!
[2026-06-09 13:18:11.474] [5680] [HailoRT] [info] [queue_elements.cpp:738] [run_in_thread] run_pull of queue element PullQEl_nms1yolov8s/conv52_97 was aborted!
[2026-06-09 13:18:11.474] [5684] [HailoRT] [info] [queue_elements.cpp:68] [operator()] Thread in element UserBufQEl_post_infer0yolov8s/yolov8_nms_postprocess is not running anymore, exiting..
[2026-06-09 13:18:11.474] [2224] [HailoRT] [info] [queue_elements.cpp:46] [~BaseQueueElement] Queue element UserBufQEl_post_infer0yolov8s/yolov8_nms_postprocess has 0 frames in his Queue on destruction
[2026-06-09 13:18:11.474] [5683] [HailoRT] [info] [queue_elements.cpp:68] [operator()] Thread in element PullQEl_nms2yolov8s/conv63_97 is not running anymore, exiting..
[2026-06-09 13:18:11.474] [2224] [HailoRT] [info] [queue_elements.cpp:46] [~BaseQueueElement] Queue element PullQEl_nms2yolov8s/conv63_97 has 0 frames in his Queue on destruction
[2026-06-09 13:18:11.474] [5682] [HailoRT] [info] [queue_elements.cpp:68] [operator()] Thread in element PullQEl_nms3yolov8s/conv62_97 is not running anymore, exiting..
[2026-06-09 13:18:11.474] [2224] [HailoRT] [info] [queue_elements.cpp:46] [~BaseQueueElement] Queue element PullQEl_nms3yolov8s/conv62_97 has 0 frames in his Queue on destruction
[2026-06-09 13:18:11.474] [5681] [HailoRT] [info] [queue_elements.cpp:68] [operator()] Thread in element PullQEl_nms0yolov8s/conv53_97 is not running anymore, exiting..
[2026-06-09 13:18:11.474] [2224] [HailoRT] [info] [queue_elements.cpp:46] [~BaseQueueElement] Queue element PullQEl_nms0yolov8s/conv53_97 has 0 frames in his Queue on destruction
[2026-06-09 13:18:11.474] [5680] [HailoRT] [info] [queue_elements.cpp:68] [operator()] Thread in element PullQEl_nms1yolov8s/conv52_97 is not running anymore, exiting..
[2026-06-09 13:18:11.474] [2224] [HailoRT] [info] [queue_elements.cpp:46] [~BaseQueueElement] Queue element PullQEl_nms1yolov8s/conv52_97 has 0 frames in his Queue on destruction
[2026-06-09 13:18:11.474] [5679] [HailoRT] [info] [queue_elements.cpp:68] [operator()] Thread in element PullQEl_nms7yolov8s/conv42_97 is not running anymore, exiting..
[2026-06-09 13:18:11.474] [2224] [HailoRT] [info] [queue_elements.cpp:46] [~BaseQueueElement] Queue element PullQEl_nms7yolov8s/conv42_97 has 0 frames in his Queue on destruction
[2026-06-09 13:18:11.474] [5678] [HailoRT] [info] [queue_elements.cpp:68] [operator()] Thread in element PullQEl_nms9yolov8s/conv41_97 is not running anymore, exiting..
[2026-06-09 13:18:11.474] [2224] [HailoRT] [info] [queue_elements.cpp:46] [~BaseQueueElement] Queue element PullQEl_nms9yolov8s/conv41_97 has 0 frames in his Queue on destruction
[2026-06-09 13:18:11.474] [5677] [HailoRT] [info] [queue_elements.cpp:68] [operator()] Thread in element PushQEl3yolov8s/input_layer1 is not running anymore, exiting..
[2026-06-09 13:18:11.474] [2224] [HailoRT] [info] [queue_elements.cpp:46] [~BaseQueueElement] Queue element PushQEl3yolov8s/input_layer1 has 0 frames in his Queue on destruction
[2026-06-09 13:18:11.475] [2224] [HailoRT] [info] [core_op.cpp:186] [deactivate] Deactivating took 0.652015 ms
[2026-06-09 13:18:11.475] [2224] [HailoRT] [info] [core_op.cpp:186] [deactivate] Deactivating took 0.659586 ms
[2026-06-09 13:18:14.163] [2224] [HailoRT] [info] [core_op.cpp:156] [activate] Activating yolov8s took 0.757532 milliseconds. Note that the function is asynchronous and thus the network is not fully activated yet.
[2026-06-09 13:18:14.163] [2224] [HailoRT] [info] [core_op.cpp:156] [activate] Activating yolov8s took 0.785259 milliseconds. Note that the function is asynchronous and thus the network is not fully activated yet.
[2026-06-09 13:18:14.163] [2224] [HailoRT] [info] [edge_elements.cpp:52] [create] Created (HwWriteEl3yolov8s/input_layer1 | hw_frame_size: 1228800)
[2026-06-09 13:18:14.163] [2224] [HailoRT] [info] [queue_elements.cpp:284] [create] Created (PushQEl3yolov8s/input_layer1 | timeout: 10s)
[2026-06-09 13:18:14.163] [2224] [HailoRT] [info] [filter_elements.cpp:101] [create] Created (PreInferEl3yolov8s/input_layer1 | Reorder - src_order: NHWC, src_shape: (640, 640, 3), dst_order: NHCW, dst_shape: (640, 640, 3))
[2026-06-09 13:18:14.163] [2224] [HailoRT] [info] [vstream.cpp:754] [InputVStreamImpl] Creating yolov8s/input_layer1...
[2026-06-09 13:18:14.163] [2224] [HailoRT] [info] [vstream_builder.cpp:102] [create_inputs] Input pipeline 'yolov8s/input_layer1': (PreInferEl3yolov8s/input_layer1 | Reorder - src_order: NHWC, src_shape: (640, 640, 3), dst_order: NHCW, dst_shape: (640, 640, 3)) >> (PushQEl3yolov8s/input_layer1 | timeout: 10s) >> (HwWriteEl3yolov8s/input_layer1 | hw_frame_size: 1228800) >> HW
[2026-06-09 13:18:14.163] [2224] [HailoRT] [info] [multi_io_elements.cpp:135] [create] Created (NmsPPMuxEl0YOLOV8-Post-Process | Op YOLOV8, Name: YOLOV8-Post-Process, Score threshold: 0.200, IoU threshold: 0.70, Classes: 80, Max bboxes per class: 100, Image height: 640, Image width: 640)
[2026-06-09 13:18:14.163] [2224] [HailoRT] [info] [edge_elements.cpp:287] [create] Created (HwReadEl9yolov8s/conv41_97 | hw_frame_size: 409600)
[2026-06-09 13:18:14.163] [2224] [HailoRT] [info] [queue_elements.cpp:657] [create] Created (PullQEl_nms9yolov8s/conv41_97 | timeout: 10s)
[2026-06-09 13:18:14.163] [2224] [HailoRT] [info] [edge_elements.cpp:287] [create] Created (HwReadEl7yolov8s/conv42_97 | hw_frame_size: 512000)
[2026-06-09 13:18:14.163] [2224] [HailoRT] [info] [queue_elements.cpp:657] [create] Created (PullQEl_nms7yolov8s/conv42_97 | timeout: 10s)
[2026-06-09 13:18:14.163] [2224] [HailoRT] [info] [edge_elements.cpp:287] [create] Created (HwReadEl1yolov8s/conv52_97 | hw_frame_size: 102400)
[2026-06-09 13:18:14.163] [2224] [HailoRT] [info] [queue_elements.cpp:657] [create] Created (PullQEl_nms1yolov8s/conv52_97 | timeout: 10s)
[2026-06-09 13:18:14.163] [2224] [HailoRT] [info] [edge_elements.cpp:287] [create] Created (HwReadEl0yolov8s/conv53_97 | hw_frame_size: 128000)
[2026-06-09 13:18:14.164] [2224] [HailoRT] [info] [queue_elements.cpp:657] [create] Created (PullQEl_nms0yolov8s/conv53_97 | timeout: 10s)
[2026-06-09 13:18:14.164] [2224] [HailoRT] [info] [edge_elements.cpp:287] [create] Created (HwReadEl3yolov8s/conv62_97 | hw_frame_size: 30720)
[2026-06-09 13:18:14.164] [2224] [HailoRT] [info] [queue_elements.cpp:657] [create] Created (PullQEl_nms3yolov8s/conv62_97 | timeout: 10s)
[2026-06-09 13:18:14.164] [2224] [HailoRT] [info] [edge_elements.cpp:287] [create] Created (HwReadEl2yolov8s/conv63_97 | hw_frame_size: 38400)
[2026-06-09 13:18:14.164] [2224] [HailoRT] [info] [queue_elements.cpp:657] [create] Created (PullQEl_nms2yolov8s/conv63_97 | timeout: 10s)
[2026-06-09 13:18:14.164] [2224] [HailoRT] [info] [queue_elements.cpp:800] [create] Created (UserBufQEl_post_infer0yolov8s/yolov8_nms_postprocess | timeout: 10s)
[2026-06-09 13:18:14.164] [2224] [HailoRT] [info] [vstream.cpp:1114] [OutputVStreamImpl] Creating yolov8s/yolov8_nms_postprocess...
[2026-06-09 13:18:14.164] [2224] [HailoRT] [info] [vstream_builder.cpp:622] [create_output_post_process_nms] Output pipeline 'yolov8s/yolov8_nms_postprocess': HW >> (HwReadEl9yolov8s/conv41_97 | hw_frame_size: 409600) >> (PullQEl_nms9yolov8s/conv41_97) >> (HwReadEl7yolov8s/conv42_97 | hw_frame_size: 512000) >> (PullQEl_nms7yolov8s/conv42_97) >> (HwReadEl1yolov8s/conv52_97 | hw_frame_size: 102400) >> (PullQEl_nms1yolov8s/conv52_97) >> (HwReadEl0yolov8s/conv53_97 | hw_frame_size: 128000) >> (PullQEl_nms0yolov8s/conv53_97) >> (HwReadEl3yolov8s/conv62_97 | hw_frame_size: 30720) >> (PullQEl_nms3yolov8s/conv62_97) >> (HwReadEl2yolov8s/conv63_97 | hw_frame_size: 38400) >> (PullQEl_nms2yolov8s/conv63_97) >> (NmsPPMuxEl0YOLOV8-Post-Process | Op YOLOV8, Name: YOLOV8-Post-Process, Score threshold: 0.200, IoU threshold: 0.70, Classes: 80, Max bboxes per class: 100, Image height: 640, Image width: 640) >> (UserBufQEl_post_infer0yolov8s/yolov8_nms_postprocess | timeout: 10s)
[2026-06-09 13:18:14.164] [5700] [HailoRT] [info] [vdevice_native_stream.cpp:331] [read_impl] Failed read from stream HAILO_STREAM_ABORT(63) (device: 0001:01:00.0)
[2026-06-09 13:18:14.164] [5700] [HailoRT] [info] [edge_elements.cpp:396] [run_pull] Reading from stream was aborted!
[2026-06-09 13:18:14.164] [5701] [HailoRT] [info] [queue_elements.cpp:734] [run_in_thread] Shutdown event was signaled in run_pull of queue element PullQEl_nms0yolov8s/conv53_97!
[2026-06-09 13:18:14.164] [5698] [HailoRT] [info] [vdevice_native_stream.cpp:331] [read_impl] Failed read from stream HAILO_STREAM_ABORT(63) (device: 0001:01:00.0)
[2026-06-09 13:18:14.164] [5700] [HailoRT] [info] [queue_elements.cpp:738] [run_in_thread] run_pull of queue element PullQEl_nms1yolov8s/conv52_97 was aborted!
[2026-06-09 13:18:14.164] [5698] [HailoRT] [info] [edge_elements.cpp:396] [run_pull] Reading from stream was aborted!
[2026-06-09 13:18:14.164] [5699] [HailoRT] [info] [vdevice_native_stream.cpp:331] [read_impl] Failed read from stream HAILO_STREAM_ABORT(63) (device: 0001:01:00.0)
[2026-06-09 13:18:14.164] [5702] [HailoRT] [info] [queue_elements.cpp:734] [run_in_thread] Shutdown event was signaled in run_pull of queue element PullQEl_nms3yolov8s/conv62_97!
[2026-06-09 13:18:14.164] [5698] [HailoRT] [info] [queue_elements.cpp:738] [run_in_thread] run_pull of queue element PullQEl_nms9yolov8s/conv41_97 was aborted!
[2026-06-09 13:18:14.164] [5699] [HailoRT] [info] [edge_elements.cpp:396] [run_pull] Reading from stream was aborted!
[2026-06-09 13:18:14.164] [5703] [HailoRT] [info] [queue_elements.cpp:734] [run_in_thread] Shutdown event was signaled in run_pull of queue element PullQEl_nms2yolov8s/conv63_97!
[2026-06-09 13:18:14.164] [5699] [HailoRT] [info] [queue_elements.cpp:738] [run_in_thread] run_pull of queue element PullQEl_nms7yolov8s/conv42_97 was aborted!
[2026-06-09 13:18:14.164] [5704] [HailoRT] [info] [queue_elements.cpp:68] [operator()] Thread in element UserBufQEl_post_infer0yolov8s/yolov8_nms_postprocess is not running anymore, exiting..
[2026-06-09 13:18:14.164] [2224] [HailoRT] [info] [queue_elements.cpp:46] [~BaseQueueElement] Queue element UserBufQEl_post_infer0yolov8s/yolov8_nms_postprocess has 0 frames in his Queue on destruction
[2026-06-09 13:18:14.164] [5703] [HailoRT] [info] [queue_elements.cpp:68] [operator()] Thread in element PullQEl_nms2yolov8s/conv63_97 is not running anymore, exiting..
[2026-06-09 13:18:14.164] [2224] [HailoRT] [info] [queue_elements.cpp:46] [~BaseQueueElement] Queue element PullQEl_nms2yolov8s/conv63_97 has 0 frames in his Queue on destruction
[2026-06-09 13:18:14.164] [5702] [HailoRT] [info] [queue_elements.cpp:68] [operator()] Thread in element PullQEl_nms3yolov8s/conv62_97 is not running anymore, exiting..
[2026-06-09 13:18:14.164] [2224] [HailoRT] [info] [queue_elements.cpp:46] [~BaseQueueElement] Queue element PullQEl_nms3yolov8s/conv62_97 has 0 frames in his Queue on destruction
[2026-06-09 13:18:14.164] [5701] [HailoRT] [info] [queue_elements.cpp:68] [operator()] Thread in element PullQEl_nms0yolov8s/conv53_97 is not running anymore, exiting..
[2026-06-09 13:18:14.164] [2224] [HailoRT] [info] [queue_elements.cpp:46] [~BaseQueueElement] Queue element PullQEl_nms0yolov8s/conv53_97 has 0 frames in his Queue on destruction
[2026-06-09 13:18:14.164] [5700] [HailoRT] [info] [queue_elements.cpp:68] [operator()] Thread in element PullQEl_nms1yolov8s/conv52_97 is not running anymore, exiting..
[2026-06-09 13:18:14.164] [2224] [HailoRT] [info] [queue_elements.cpp:46] [~BaseQueueElement] Queue element PullQEl_nms1yolov8s/conv52_97 has 0 frames in his Queue on destruction
[2026-06-09 13:18:14.164] [5699] [HailoRT] [info] [queue_elements.cpp:68] [operator()] Thread in element PullQEl_nms7yolov8s/conv42_97 is not running anymore, exiting..
[2026-06-09 13:18:14.164] [2224] [HailoRT] [info] [queue_elements.cpp:46] [~BaseQueueElement] Queue element PullQEl_nms7yolov8s/conv42_97 has 0 frames in his Queue on destruction
[2026-06-09 13:18:14.164] [5698] [HailoRT] [info] [queue_elements.cpp:68] [operator()] Thread in element PullQEl_nms9yolov8s/conv41_97 is not running anymore, exiting..
[2026-06-09 13:18:14.164] [2224] [HailoRT] [info] [queue_elements.cpp:46] [~BaseQueueElement] Queue element PullQEl_nms9yolov8s/conv41_97 has 0 frames in his Queue on destruction
[2026-06-09 13:18:14.164] [5697] [HailoRT] [info] [queue_elements.cpp:68] [operator()] Thread in element PushQEl3yolov8s/input_layer1 is not running anymore, exiting..
[2026-06-09 13:18:14.164] [2224] [HailoRT] [info] [queue_elements.cpp:46] [~BaseQueueElement] Queue element PushQEl3yolov8s/input_layer1 has 0 frames in his Queue on destruction
[2026-06-09 13:18:14.165] [2224] [HailoRT] [info] [core_op.cpp:186] [deactivate] Deactivating took 0.65549 ms
[2026-06-09 13:18:14.165] [2224] [HailoRT] [info] [core_op.cpp:186] [deactivate] Deactivating took 0.66369 ms
[2026-06-09 13:18:16.863] [2224] [HailoRT] [info] [core_op.cpp:156] [activate] Activating yolov8s took 0.905702 milliseconds. Note that the function is asynchronous and thus the network is not fully activated yet.
[2026-06-09 13:18:16.863] [2224] [HailoRT] [info] [core_op.cpp:156] [activate] Activating yolov8s took 0.937891 milliseconds. Note that the function is asynchronous and thus the network is not fully activated yet.
[2026-06-09 13:18:16.863] [2224] [HailoRT] [info] [edge_elements.cpp:52] [create] Created (HwWriteEl3yolov8s/input_layer1 | hw_frame_size: 1228800)
[2026-06-09 13:18:16.863] [2224] [HailoRT] [info] [queue_elements.cpp:284] [create] Created (PushQEl3yolov8s/input_layer1 | timeout: 10s)
[2026-06-09 13:18:16.863] [2224] [HailoRT] [info] [filter_elements.cpp:101] [create] Created (PreInferEl3yolov8s/input_layer1 | Reorder - src_order: NHWC, src_shape: (640, 640, 3), dst_order: NHCW, dst_shape: (640, 640, 3))
[2026-06-09 13:18:16.863] [2224] [HailoRT] [info] [vstream.cpp:754] [InputVStreamImpl] Creating yolov8s/input_layer1...
[2026-06-09 13:18:16.863] [2224] [HailoRT] [info] [vstream_builder.cpp:102] [create_inputs] Input pipeline 'yolov8s/input_layer1': (PreInferEl3yolov8s/input_layer1 | Reorder - src_order: NHWC, src_shape: (640, 640, 3), dst_order: NHCW, dst_shape: (640, 640, 3)) >> (PushQEl3yolov8s/input_layer1 | timeout: 10s) >> (HwWriteEl3yolov8s/input_layer1 | hw_frame_size: 1228800) >> HW
[2026-06-09 13:18:16.863] [2224] [HailoRT] [info] [multi_io_elements.cpp:135] [create] Created (NmsPPMuxEl0YOLOV8-Post-Process | Op YOLOV8, Name: YOLOV8-Post-Process, Score threshold: 0.200, IoU threshold: 0.70, Classes: 80, Max bboxes per class: 100, Image height: 640, Image width: 640)
[2026-06-09 13:18:16.863] [2224] [HailoRT] [info] [edge_elements.cpp:287] [create] Created (HwReadEl9yolov8s/conv41_97 | hw_frame_size: 409600)
[2026-06-09 13:18:16.863] [2224] [HailoRT] [info] [queue_elements.cpp:657] [create] Created (PullQEl_nms9yolov8s/conv41_97 | timeout: 10s)
[2026-06-09 13:18:16.863] [2224] [HailoRT] [info] [edge_elements.cpp:287] [create] Created (HwReadEl7yolov8s/conv42_97 | hw_frame_size: 512000)
[2026-06-09 13:18:16.863] [2224] [HailoRT] [info] [queue_elements.cpp:657] [create] Created (PullQEl_nms7yolov8s/conv42_97 | timeout: 10s)
[2026-06-09 13:18:16.863] [2224] [HailoRT] [info] [edge_elements.cpp:287] [create] Created (HwReadEl1yolov8s/conv52_97 | hw_frame_size: 102400)
[2026-06-09 13:18:16.863] [2224] [HailoRT] [info] [queue_elements.cpp:657] [create] Created (PullQEl_nms1yolov8s/conv52_97 | timeout: 10s)
[2026-06-09 13:18:16.863] [2224] [HailoRT] [info] [edge_elements.cpp:287] [create] Created (HwReadEl0yolov8s/conv53_97 | hw_frame_size: 128000)
[2026-06-09 13:18:16.863] [2224] [HailoRT] [info] [queue_elements.cpp:657] [create] Created (PullQEl_nms0yolov8s/conv53_97 | timeout: 10s)
[2026-06-09 13:18:16.863] [2224] [HailoRT] [info] [edge_elements.cpp:287] [create] Created (HwReadEl3yolov8s/conv62_97 | hw_frame_size: 30720)
[2026-06-09 13:18:16.863] [2224] [HailoRT] [info] [queue_elements.cpp:657] [create] Created (PullQEl_nms3yolov8s/conv62_97 | timeout: 10s)
[2026-06-09 13:18:16.863] [2224] [HailoRT] [info] [edge_elements.cpp:287] [create] Created (HwReadEl2yolov8s/conv63_97 | hw_frame_size: 38400)
[2026-06-09 13:18:16.864] [2224] [HailoRT] [info] [queue_elements.cpp:657] [create] Created (PullQEl_nms2yolov8s/conv63_97 | timeout: 10s)
[2026-06-09 13:18:16.864] [2224] [HailoRT] [info] [queue_elements.cpp:800] [create] Created (UserBufQEl_post_infer0yolov8s/yolov8_nms_postprocess | timeout: 10s)
[2026-06-09 13:18:16.864] [2224] [HailoRT] [info] [vstream.cpp:1114] [OutputVStreamImpl] Creating yolov8s/yolov8_nms_postprocess...
[2026-06-09 13:18:16.864] [2224] [HailoRT] [info] [vstream_builder.cpp:622] [create_output_post_process_nms] Output pipeline 'yolov8s/yolov8_nms_postprocess': HW >> (HwReadEl9yolov8s/conv41_97 | hw_frame_size: 409600) >> (PullQEl_nms9yolov8s/conv41_97) >> (HwReadEl7yolov8s/conv42_97 | hw_frame_size: 512000) >> (PullQEl_nms7yolov8s/conv42_97) >> (HwReadEl1yolov8s/conv52_97 | hw_frame_size: 102400) >> (PullQEl_nms1yolov8s/conv52_97) >> (HwReadEl0yolov8s/conv53_97 | hw_frame_size: 128000) >> (PullQEl_nms0yolov8s/conv53_97) >> (HwReadEl3yolov8s/conv62_97 | hw_frame_size: 30720) >> (PullQEl_nms3yolov8s/conv62_97) >> (HwReadEl2yolov8s/conv63_97 | hw_frame_size: 38400) >> (PullQEl_nms2yolov8s/conv63_97) >> (NmsPPMuxEl0YOLOV8-Post-Process | Op YOLOV8, Name: YOLOV8-Post-Process, Score threshold: 0.200, IoU threshold: 0.70, Classes: 80, Max bboxes per class: 100, Image height: 640, Image width: 640) >> (UserBufQEl_post_infer0yolov8s/yolov8_nms_postprocess | timeout: 10s)
[2026-06-09 13:18:16.864] [5721] [HailoRT] [info] [vdevice_native_stream.cpp:331] [read_impl] Failed read from stream HAILO_STREAM_ABORT(63) (device: 0001:01:00.0)
[2026-06-09 13:18:16.864] [5725] [HailoRT] [info] [vdevice_native_stream.cpp:331] [read_impl] Failed read from stream HAILO_STREAM_ABORT(63) (device: 0001:01:00.0)
[2026-06-09 13:18:16.864] [5724] [HailoRT] [info] [queue_elements.cpp:734] [run_in_thread] Shutdown event was signaled in run_pull of queue element PullQEl_nms0yolov8s/conv53_97!
[2026-06-09 13:18:16.864] [5725] [HailoRT] [info] [edge_elements.cpp:396] [run_pull] Reading from stream was aborted!
[2026-06-09 13:18:16.864] [5721] [HailoRT] [info] [edge_elements.cpp:396] [run_pull] Reading from stream was aborted!
[2026-06-09 13:18:16.864] [5725] [HailoRT] [info] [queue_elements.cpp:738] [run_in_thread] run_pull of queue element PullQEl_nms3yolov8s/conv62_97 was aborted!
[2026-06-09 13:18:16.864] [5726] [HailoRT] [info] [queue_elements.cpp:734] [run_in_thread] Shutdown event was signaled in run_pull of queue element PullQEl_nms2yolov8s/conv63_97!
[2026-06-09 13:18:16.864] [5721] [HailoRT] [info] [queue_elements.cpp:738] [run_in_thread] run_pull of queue element PullQEl_nms9yolov8s/conv41_97 was aborted!
[2026-06-09 13:18:16.864] [5722] [HailoRT] [info] [vdevice_native_stream.cpp:331] [read_impl] Failed read from stream HAILO_STREAM_ABORT(63) (device: 0001:01:00.0)
[2026-06-09 13:18:16.864] [5722] [HailoRT] [info] [edge_elements.cpp:396] [run_pull] Reading from stream was aborted!
[2026-06-09 13:18:16.864] [5723] [HailoRT] [info] [vdevice_native_stream.cpp:331] [read_impl] Failed read from stream HAILO_STREAM_ABORT(63) (device: 0001:01:00.0)
[2026-06-09 13:18:16.864] [5723] [HailoRT] [info] [edge_elements.cpp:396] [run_pull] Reading from stream was aborted!
[2026-06-09 13:18:16.864] [5722] [HailoRT] [info] [queue_elements.cpp:738] [run_in_thread] run_pull of queue element PullQEl_nms7yolov8s/conv42_97 was aborted!
[2026-06-09 13:18:16.864] [5723] [HailoRT] [info] [queue_elements.cpp:738] [run_in_thread] run_pull of queue element PullQEl_nms1yolov8s/conv52_97 was aborted!
[2026-06-09 13:18:16.864] [5727] [HailoRT] [info] [queue_elements.cpp:68] [operator()] Thread in element UserBufQEl_post_infer0yolov8s/yolov8_nms_postprocess is not running anymore, exiting..
[2026-06-09 13:18:16.864] [2224] [HailoRT] [info] [queue_elements.cpp:46] [~BaseQueueElement] Queue element UserBufQEl_post_infer0yolov8s/yolov8_nms_postprocess has 0 frames in his Queue on destruction
[2026-06-09 13:18:16.864] [5726] [HailoRT] [info] [queue_elements.cpp:68] [operator()] Thread in element PullQEl_nms2yolov8s/conv63_97 is not running anymore, exiting..
[2026-06-09 13:18:16.864] [2224] [HailoRT] [info] [queue_elements.cpp:46] [~BaseQueueElement] Queue element PullQEl_nms2yolov8s/conv63_97 has 0 frames in his Queue on destruction
[2026-06-09 13:18:16.864] [5725] [HailoRT] [info] [queue_elements.cpp:68] [operator()] Thread in element PullQEl_nms3yolov8s/conv62_97 is not running anymore, exiting..
[2026-06-09 13:18:16.864] [2224] [HailoRT] [info] [queue_elements.cpp:46] [~BaseQueueElement] Queue element PullQEl_nms3yolov8s/conv62_97 has 0 frames in his Queue on destruction
[2026-06-09 13:18:16.864] [5724] [HailoRT] [info] [queue_elements.cpp:68] [operator()] Thread in element PullQEl_nms0yolov8s/conv53_97 is not running anymore, exiting..
[2026-06-09 13:18:16.864] [2224] [HailoRT] [info] [queue_elements.cpp:46] [~BaseQueueElement] Queue element PullQEl_nms0yolov8s/conv53_97 has 0 frames in his Queue on destruction
[2026-06-09 13:18:16.864] [5723] [HailoRT] [info] [queue_elements.cpp:68] [operator()] Thread in element PullQEl_nms1yolov8s/conv52_97 is not running anymore, exiting..
[2026-06-09 13:18:16.864] [2224] [HailoRT] [info] [queue_elements.cpp:46] [~BaseQueueElement] Queue element PullQEl_nms1yolov8s/conv52_97 has 0 frames in his Queue on destruction
[2026-06-09 13:18:16.864] [5722] [HailoRT] [info] [queue_elements.cpp:68] [operator()] Thread in element PullQEl_nms7yolov8s/conv42_97 is not running anymore, exiting..
[2026-06-09 13:18:16.864] [2224] [HailoRT] [info] [queue_elements.cpp:46] [~BaseQueueElement] Queue element PullQEl_nms7yolov8s/conv42_97 has 0 frames in his Queue on destruction
[2026-06-09 13:18:16.864] [5721] [HailoRT] [info] [queue_elements.cpp:68] [operator()] Thread in element PullQEl_nms9yolov8s/conv41_97 is not running anymore, exiting..
[2026-06-09 13:18:16.864] [2224] [HailoRT] [info] [queue_elements.cpp:46] [~BaseQueueElement] Queue element PullQEl_nms9yolov8s/conv41_97 has 0 frames in his Queue on destruction
[2026-06-09 13:18:16.864] [5720] [HailoRT] [info] [queue_elements.cpp:68] [operator()] Thread in element PushQEl3yolov8s/input_layer1 is not running anymore, exiting..
[2026-06-09 13:18:16.864] [2224] [HailoRT] [info] [queue_elements.cpp:46] [~BaseQueueElement] Queue element PushQEl3yolov8s/input_layer1 has 0 frames in his Queue on destruction
[2026-06-09 13:18:16.865] [2224] [HailoRT] [info] [core_op.cpp:186] [deactivate] Deactivating took 0.592479 ms
[2026-06-09 13:18:16.865] [2224] [HailoRT] [info] [core_op.cpp:186] [deactivate] Deactivating took 0.602401 ms
[2026-06-09 13:18:19.696] [2224] [HailoRT] [info] [core_op.cpp:156] [activate] Activating yolov8s took 0.731747 milliseconds. Note that the function is asynchronous and thus the network is not fully activated yet.
[2026-06-09 13:18:19.696] [2224] [HailoRT] [info] [core_op.cpp:156] [activate] Activating yolov8s took 0.75905 milliseconds. Note that the function is asynchronous and thus the network is not fully activated yet.
[2026-06-09 13:18:19.697] [2224] [HailoRT] [info] [edge_elements.cpp:52] [create] Created (HwWriteEl3yolov8s/input_layer1 | hw_frame_size: 1228800)
[2026-06-09 13:18:19.697] [2224] [HailoRT] [info] [queue_elements.cpp:284] [create] Created (PushQEl3yolov8s/input_layer1 | timeout: 10s)
[2026-06-09 13:18:19.697] [2224] [HailoRT] [info] [filter_elements.cpp:101] [create] Created (PreInferEl3yolov8s/input_layer1 | Reorder - src_order: NHWC, src_shape: (640, 640, 3), dst_order: NHCW, dst_shape: (640, 640, 3))
[2026-06-09 13:18:19.697] [2224] [HailoRT] [info] [vstream.cpp:754] [InputVStreamImpl] Creating yolov8s/input_layer1...
[2026-06-09 13:18:19.697] [2224] [HailoRT] [info] [vstream_builder.cpp:102] [create_inputs] Input pipeline 'yolov8s/input_layer1': (PreInferEl3yolov8s/input_layer1 | Reorder - src_order: NHWC, src_shape: (640, 640, 3), dst_order: NHCW, dst_shape: (640, 640, 3)) >> (PushQEl3yolov8s/input_layer1 | timeout: 10s) >> (HwWriteEl3yolov8s/input_layer1 | hw_frame_size: 1228800) >> HW
[2026-06-09 13:18:19.697] [2224] [HailoRT] [info] [multi_io_elements.cpp:135] [create] Created (NmsPPMuxEl0YOLOV8-Post-Process | Op YOLOV8, Name: YOLOV8-Post-Process, Score threshold: 0.200, IoU threshold: 0.70, Classes: 80, Max bboxes per class: 100, Image height: 640, Image width: 640)
[2026-06-09 13:18:19.697] [2224] [HailoRT] [info] [edge_elements.cpp:287] [create] Created (HwReadEl9yolov8s/conv41_97 | hw_frame_size: 409600)
[2026-06-09 13:18:19.697] [2224] [HailoRT] [info] [queue_elements.cpp:657] [create] Created (PullQEl_nms9yolov8s/conv41_97 | timeout: 10s)
[2026-06-09 13:18:19.697] [2224] [HailoRT] [info] [edge_elements.cpp:287] [create] Created (HwReadEl7yolov8s/conv42_97 | hw_frame_size: 512000)
[2026-06-09 13:18:19.697] [2224] [HailoRT] [info] [queue_elements.cpp:657] [create] Created (PullQEl_nms7yolov8s/conv42_97 | timeout: 10s)
[2026-06-09 13:18:19.697] [2224] [HailoRT] [info] [edge_elements.cpp:287] [create] Created (HwReadEl1yolov8s/conv52_97 | hw_frame_size: 102400)
[2026-06-09 13:18:19.697] [2224] [HailoRT] [info] [queue_elements.cpp:657] [create] Created (PullQEl_nms1yolov8s/conv52_97 | timeout: 10s)
[2026-06-09 13:18:19.697] [2224] [HailoRT] [info] [edge_elements.cpp:287] [create] Created (HwReadEl0yolov8s/conv53_97 | hw_frame_size: 128000)
[2026-06-09 13:18:19.697] [2224] [HailoRT] [info] [queue_elements.cpp:657] [create] Created (PullQEl_nms0yolov8s/conv53_97 | timeout: 10s)
[2026-06-09 13:18:19.697] [2224] [HailoRT] [info] [edge_elements.cpp:287] [create] Created (HwReadEl3yolov8s/conv62_97 | hw_frame_size: 30720)
[2026-06-09 13:18:19.697] [2224] [HailoRT] [info] [queue_elements.cpp:657] [create] Created (PullQEl_nms3yolov8s/conv62_97 | timeout: 10s)
[2026-06-09 13:18:19.697] [2224] [HailoRT] [info] [edge_elements.cpp:287] [create] Created (HwReadEl2yolov8s/conv63_97 | hw_frame_size: 38400)
[2026-06-09 13:18:19.697] [2224] [HailoRT] [info] [queue_elements.cpp:657] [create] Created (PullQEl_nms2yolov8s/conv63_97 | timeout: 10s)
[2026-06-09 13:18:19.697] [2224] [HailoRT] [info] [queue_elements.cpp:800] [create] Created (UserBufQEl_post_infer0yolov8s/yolov8_nms_postprocess | timeout: 10s)
[2026-06-09 13:18:19.697] [2224] [HailoRT] [info] [vstream.cpp:1114] [OutputVStreamImpl] Creating yolov8s/yolov8_nms_postprocess...
[2026-06-09 13:18:19.697] [2224] [HailoRT] [info] [vstream_builder.cpp:622] [create_output_post_process_nms] Output pipeline 'yolov8s/yolov8_nms_postprocess': HW >> (HwReadEl9yolov8s/conv41_97 | hw_frame_size: 409600) >> (PullQEl_nms9yolov8s/conv41_97) >> (HwReadEl7yolov8s/conv42_97 | hw_frame_size: 512000) >> (PullQEl_nms7yolov8s/conv42_97) >> (HwReadEl1yolov8s/conv52_97 | hw_frame_size: 102400) >> (PullQEl_nms1yolov8s/conv52_97) >> (HwReadEl0yolov8s/conv53_97 | hw_frame_size: 128000) >> (PullQEl_nms0yolov8s/conv53_97) >> (HwReadEl3yolov8s/conv62_97 | hw_frame_size: 30720) >> (PullQEl_nms3yolov8s/conv62_97) >> (HwReadEl2yolov8s/conv63_97 | hw_frame_size: 38400) >> (PullQEl_nms2yolov8s/conv63_97) >> (NmsPPMuxEl0YOLOV8-Post-Process | Op YOLOV8, Name: YOLOV8-Post-Process, Score threshold: 0.200, IoU threshold: 0.70, Classes: 80, Max bboxes per class: 100, Image height: 640, Image width: 640) >> (UserBufQEl_post_infer0yolov8s/yolov8_nms_postprocess | timeout: 10s)
[2026-06-09 13:18:19.697] [5770] [HailoRT] [info] [vdevice_native_stream.cpp:331] [read_impl] Failed read from stream HAILO_STREAM_ABORT(63) (device: 0001:01:00.0)
[2026-06-09 13:18:19.697] [5773] [HailoRT] [info] [vdevice_native_stream.cpp:331] [read_impl] Failed read from stream HAILO_STREAM_ABORT(63) (device: 0001:01:00.0)
[2026-06-09 13:18:19.697] [5770] [HailoRT] [info] [edge_elements.cpp:396] [run_pull] Reading from stream was aborted!
[2026-06-09 13:18:19.697] [5772] [HailoRT] [info] [vdevice_native_stream.cpp:331] [read_impl] Failed read from stream HAILO_STREAM_ABORT(63) (device: 0001:01:00.0)
[2026-06-09 13:18:19.697] [5771] [HailoRT] [info] [vdevice_native_stream.cpp:331] [read_impl] Failed read from stream HAILO_STREAM_ABORT(63) (device: 0001:01:00.0)
[2026-06-09 13:18:19.697] [5772] [HailoRT] [info] [edge_elements.cpp:396] [run_pull] Reading from stream was aborted!
[2026-06-09 13:18:19.697] [5771] [HailoRT] [info] [edge_elements.cpp:396] [run_pull] Reading from stream was aborted!
[2026-06-09 13:18:19.697] [5770] [HailoRT] [info] [queue_elements.cpp:738] [run_in_thread] run_pull of queue element PullQEl_nms7yolov8s/conv42_97 was aborted!
[2026-06-09 13:18:19.697] [5769] [HailoRT] [info] [vdevice_native_stream.cpp:331] [read_impl] Failed read from stream HAILO_STREAM_ABORT(63) (device: 0001:01:00.0)
[2026-06-09 13:18:19.697] [5769] [HailoRT] [info] [edge_elements.cpp:396] [run_pull] Reading from stream was aborted!
[2026-06-09 13:18:19.697] [5773] [HailoRT] [info] [edge_elements.cpp:396] [run_pull] Reading from stream was aborted!
[2026-06-09 13:18:19.697] [5774] [HailoRT] [info] [vdevice_native_stream.cpp:331] [read_impl] Failed read from stream HAILO_STREAM_ABORT(63) (device: 0001:01:00.0)
[2026-06-09 13:18:19.697] [5774] [HailoRT] [info] [edge_elements.cpp:396] [run_pull] Reading from stream was aborted!
[2026-06-09 13:18:19.697] [5772] [HailoRT] [info] [queue_elements.cpp:738] [run_in_thread] run_pull of queue element PullQEl_nms0yolov8s/conv53_97 was aborted!
[2026-06-09 13:18:19.697] [5773] [HailoRT] [info] [queue_elements.cpp:738] [run_in_thread] run_pull of queue element PullQEl_nms3yolov8s/conv62_97 was aborted!
[2026-06-09 13:18:19.697] [5774] [HailoRT] [info] [queue_elements.cpp:738] [run_in_thread] run_pull of queue element PullQEl_nms2yolov8s/conv63_97 was aborted!
[2026-06-09 13:18:19.697] [5769] [HailoRT] [info] [queue_elements.cpp:738] [run_in_thread] run_pull of queue element PullQEl_nms9yolov8s/conv41_97 was aborted!
[2026-06-09 13:18:19.697] [5771] [HailoRT] [info] [queue_elements.cpp:738] [run_in_thread] run_pull of queue element PullQEl_nms1yolov8s/conv52_97 was aborted!
[2026-06-09 13:18:19.697] [5775] [HailoRT] [info] [queue_elements.cpp:68] [operator()] Thread in element UserBufQEl_post_infer0yolov8s/yolov8_nms_postprocess is not running anymore, exiting..
[2026-06-09 13:18:19.697] [2224] [HailoRT] [info] [queue_elements.cpp:46] [~BaseQueueElement] Queue element UserBufQEl_post_infer0yolov8s/yolov8_nms_postprocess has 0 frames in his Queue on destruction
[2026-06-09 13:18:19.697] [5774] [HailoRT] [info] [queue_elements.cpp:68] [operator()] Thread in element PullQEl_nms2yolov8s/conv63_97 is not running anymore, exiting..
[2026-06-09 13:18:19.697] [2224] [HailoRT] [info] [queue_elements.cpp:46] [~BaseQueueElement] Queue element PullQEl_nms2yolov8s/conv63_97 has 0 frames in his Queue on destruction
[2026-06-09 13:18:19.697] [5773] [HailoRT] [info] [queue_elements.cpp:68] [operator()] Thread in element PullQEl_nms3yolov8s/conv62_97 is not running anymore, exiting..
[2026-06-09 13:18:19.698] [2224] [HailoRT] [info] [queue_elements.cpp:46] [~BaseQueueElement] Queue element PullQEl_nms3yolov8s/conv62_97 has 0 frames in his Queue on destruction
[2026-06-09 13:18:19.698] [5772] [HailoRT] [info] [queue_elements.cpp:68] [operator()] Thread in element PullQEl_nms0yolov8s/conv53_97 is not running anymore, exiting..
[2026-06-09 13:18:19.698] [2224] [HailoRT] [info] [queue_elements.cpp:46] [~BaseQueueElement] Queue element PullQEl_nms0yolov8s/conv53_97 has 0 frames in his Queue on destruction
[2026-06-09 13:18:19.698] [5771] [HailoRT] [info] [queue_elements.cpp:68] [operator()] Thread in element PullQEl_nms1yolov8s/conv52_97 is not running anymore, exiting..
[2026-06-09 13:18:19.698] [2224] [HailoRT] [info] [queue_elements.cpp:46] [~BaseQueueElement] Queue element PullQEl_nms1yolov8s/conv52_97 has 0 frames in his Queue on destruction
[2026-06-09 13:18:19.698] [5770] [HailoRT] [info] [queue_elements.cpp:68] [operator()] Thread in element PullQEl_nms7yolov8s/conv42_97 is not running anymore, exiting..
[2026-06-09 13:18:19.698] [2224] [HailoRT] [info] [queue_elements.cpp:46] [~BaseQueueElement] Queue element PullQEl_nms7yolov8s/conv42_97 has 0 frames in his Queue on destruction
[2026-06-09 13:18:19.698] [5769] [HailoRT] [info] [queue_elements.cpp:68] [operator()] Thread in element PullQEl_nms9yolov8s/conv41_97 is not running anymore, exiting..
[2026-06-09 13:18:19.698] [2224] [HailoRT] [info] [queue_elements.cpp:46] [~BaseQueueElement] Queue element PullQEl_nms9yolov8s/conv41_97 has 0 frames in his Queue on destruction
[2026-06-09 13:18:19.698] [5768] [HailoRT] [info] [queue_elements.cpp:68] [operator()] Thread in element PushQEl3yolov8s/input_layer1 is not running anymore, exiting..
[2026-06-09 13:18:19.698] [2224] [HailoRT] [info] [queue_elements.cpp:46] [~BaseQueueElement] Queue element PushQEl3yolov8s/input_layer1 has 0 frames in his Queue on destruction
[2026-06-09 13:18:19.698] [2224] [HailoRT] [info] [core_op.cpp:186] [deactivate] Deactivating took 0.649581 ms
[2026-06-09 13:18:19.698] [2224] [HailoRT] [info] [core_op.cpp:186] [deactivate] Deactivating took 0.657854 ms
[2026-06-09 13:18:22.387] [2224] [HailoRT] [info] [core_op.cpp:156] [activate] Activating yolov8s took 0.749733 milliseconds. Note that the function is asynchronous and thus the network is not fully activated yet.
[2026-06-09 13:18:22.387] [2224] [HailoRT] [info] [core_op.cpp:156] [activate] Activating yolov8s took 0.7765 milliseconds. Note that the function is asynchronous and thus the network is not fully activated yet.
[2026-06-09 13:18:22.387] [2224] [HailoRT] [info] [edge_elements.cpp:52] [create] Created (HwWriteEl3yolov8s/input_layer1 | hw_frame_size: 1228800)
[2026-06-09 13:18:22.387] [2224] [HailoRT] [info] [queue_elements.cpp:284] [create] Created (PushQEl3yolov8s/input_layer1 | timeout: 10s)
[2026-06-09 13:18:22.387] [2224] [HailoRT] [info] [filter_elements.cpp:101] [create] Created (PreInferEl3yolov8s/input_layer1 | Reorder - src_order: NHWC, src_shape: (640, 640, 3), dst_order: NHCW, dst_shape: (640, 640, 3))
[2026-06-09 13:18:22.387] [2224] [HailoRT] [info] [vstream.cpp:754] [InputVStreamImpl] Creating yolov8s/input_layer1...
[2026-06-09 13:18:22.387] [2224] [HailoRT] [info] [vstream_builder.cpp:102] [create_inputs] Input pipeline 'yolov8s/input_layer1': (PreInferEl3yolov8s/input_layer1 | Reorder - src_order: NHWC, src_shape: (640, 640, 3), dst_order: NHCW, dst_shape: (640, 640, 3)) >> (PushQEl3yolov8s/input_layer1 | timeout: 10s) >> (HwWriteEl3yolov8s/input_layer1 | hw_frame_size: 1228800) >> HW
[2026-06-09 13:18:22.387] [2224] [HailoRT] [info] [multi_io_elements.cpp:135] [create] Created (NmsPPMuxEl0YOLOV8-Post-Process | Op YOLOV8, Name: YOLOV8-Post-Process, Score threshold: 0.200, IoU threshold: 0.70, Classes: 80, Max bboxes per class: 100, Image height: 640, Image width: 640)
[2026-06-09 13:18:22.387] [2224] [HailoRT] [info] [edge_elements.cpp:287] [create] Created (HwReadEl9yolov8s/conv41_97 | hw_frame_size: 409600)
[2026-06-09 13:18:22.387] [2224] [HailoRT] [info] [queue_elements.cpp:657] [create] Created (PullQEl_nms9yolov8s/conv41_97 | timeout: 10s)
[2026-06-09 13:18:22.387] [2224] [HailoRT] [info] [edge_elements.cpp:287] [create] Created (HwReadEl7yolov8s/conv42_97 | hw_frame_size: 512000)
[2026-06-09 13:18:22.387] [2224] [HailoRT] [info] [queue_elements.cpp:657] [create] Created (PullQEl_nms7yolov8s/conv42_97 | timeout: 10s)
[2026-06-09 13:18:22.387] [2224] [HailoRT] [info] [edge_elements.cpp:287] [create] Created (HwReadEl1yolov8s/conv52_97 | hw_frame_size: 102400)
[2026-06-09 13:18:22.387] [2224] [HailoRT] [info] [queue_elements.cpp:657] [create] Created (PullQEl_nms1yolov8s/conv52_97 | timeout: 10s)
[2026-06-09 13:18:22.387] [2224] [HailoRT] [info] [edge_elements.cpp:287] [create] Created (HwReadEl0yolov8s/conv53_97 | hw_frame_size: 128000)
[2026-06-09 13:18:22.388] [2224] [HailoRT] [info] [queue_elements.cpp:657] [create] Created (PullQEl_nms0yolov8s/conv53_97 | timeout: 10s)
[2026-06-09 13:18:22.388] [2224] [HailoRT] [info] [edge_elements.cpp:287] [create] Created (HwReadEl3yolov8s/conv62_97 | hw_frame_size: 30720)
[2026-06-09 13:18:22.388] [2224] [HailoRT] [info] [queue_elements.cpp:657] [create] Created (PullQEl_nms3yolov8s/conv62_97 | timeout: 10s)
[2026-06-09 13:18:22.388] [2224] [HailoRT] [info] [edge_elements.cpp:287] [create] Created (HwReadEl2yolov8s/conv63_97 | hw_frame_size: 38400)
[2026-06-09 13:18:22.388] [2224] [HailoRT] [info] [queue_elements.cpp:657] [create] Created (PullQEl_nms2yolov8s/conv63_97 | timeout: 10s)
[2026-06-09 13:18:22.388] [2224] [HailoRT] [info] [queue_elements.cpp:800] [create] Created (UserBufQEl_post_infer0yolov8s/yolov8_nms_postprocess | timeout: 10s)
[2026-06-09 13:18:22.388] [2224] [HailoRT] [info] [vstream.cpp:1114] [OutputVStreamImpl] Creating yolov8s/yolov8_nms_postprocess...
[2026-06-09 13:18:22.388] [2224] [HailoRT] [info] [vstream_builder.cpp:622] [create_output_post_process_nms] Output pipeline 'yolov8s/yolov8_nms_postprocess': HW >> (HwReadEl9yolov8s/conv41_97 | hw_frame_size: 409600) >> (PullQEl_nms9yolov8s/conv41_97) >> (HwReadEl7yolov8s/conv42_97 | hw_frame_size: 512000) >> (PullQEl_nms7yolov8s/conv42_97) >> (HwReadEl1yolov8s/conv52_97 | hw_frame_size: 102400) >> (PullQEl_nms1yolov8s/conv52_97) >> (HwReadEl0yolov8s/conv53_97 | hw_frame_size: 128000) >> (PullQEl_nms0yolov8s/conv53_97) >> (HwReadEl3yolov8s/conv62_97 | hw_frame_size: 30720) >> (PullQEl_nms3yolov8s/conv62_97) >> (HwReadEl2yolov8s/conv63_97 | hw_frame_size: 38400) >> (PullQEl_nms2yolov8s/conv63_97) >> (NmsPPMuxEl0YOLOV8-Post-Process | Op YOLOV8, Name: YOLOV8-Post-Process, Score threshold: 0.200, IoU threshold: 0.70, Classes: 80, Max bboxes per class: 100, Image height: 640, Image width: 640) >> (UserBufQEl_post_infer0yolov8s/yolov8_nms_postprocess | timeout: 10s)
[2026-06-09 13:18:22.388] [5798] [HailoRT] [info] [vdevice_native_stream.cpp:331] [read_impl] Failed read from stream HAILO_STREAM_ABORT(63) (device: 0001:01:00.0)
[2026-06-09 13:18:22.388] [5798] [HailoRT] [info] [edge_elements.cpp:396] [run_pull] Reading from stream was aborted!
[2026-06-09 13:18:22.388] [5797] [HailoRT] [info] [vdevice_native_stream.cpp:331] [read_impl] Failed read from stream HAILO_STREAM_ABORT(63) (device: 0001:01:00.0)
[2026-06-09 13:18:22.388] [5798] [HailoRT] [info] [queue_elements.cpp:738] [run_in_thread] run_pull of queue element PullQEl_nms7yolov8s/conv42_97 was aborted!
[2026-06-09 13:18:22.388] [5799] [HailoRT] [info] [vdevice_native_stream.cpp:331] [read_impl] Failed read from stream HAILO_STREAM_ABORT(63) (device: 0001:01:00.0)
[2026-06-09 13:18:22.388] [5799] [HailoRT] [info] [edge_elements.cpp:396] [run_pull] Reading from stream was aborted!
[2026-06-09 13:18:22.388] [5800] [HailoRT] [info] [vdevice_native_stream.cpp:331] [read_impl] Failed read from stream HAILO_STREAM_ABORT(63) (device: 0001:01:00.0)
[2026-06-09 13:18:22.388] [5800] [HailoRT] [info] [edge_elements.cpp:396] [run_pull] Reading from stream was aborted!
[2026-06-09 13:18:22.388] [5799] [HailoRT] [info] [queue_elements.cpp:738] [run_in_thread] run_pull of queue element PullQEl_nms1yolov8s/conv52_97 was aborted!
[2026-06-09 13:18:22.388] [5801] [HailoRT] [info] [vdevice_native_stream.cpp:331] [read_impl] Failed read from stream HAILO_STREAM_ABORT(63) (device: 0001:01:00.0)
[2026-06-09 13:18:22.388] [5800] [HailoRT] [info] [queue_elements.cpp:738] [run_in_thread] run_pull of queue element PullQEl_nms0yolov8s/conv53_97 was aborted!
[2026-06-09 13:18:22.388] [5801] [HailoRT] [info] [edge_elements.cpp:396] [run_pull] Reading from stream was aborted!
[2026-06-09 13:18:22.388] [5802] [HailoRT] [info] [vdevice_native_stream.cpp:331] [read_impl] Failed read from stream HAILO_STREAM_ABORT(63) (device: 0001:01:00.0)
[2026-06-09 13:18:22.388] [5802] [HailoRT] [info] [edge_elements.cpp:396] [run_pull] Reading from stream was aborted!
[2026-06-09 13:18:22.388] [5801] [HailoRT] [info] [queue_elements.cpp:738] [run_in_thread] run_pull of queue element PullQEl_nms3yolov8s/conv62_97 was aborted!
[2026-06-09 13:18:22.388] [5797] [HailoRT] [info] [edge_elements.cpp:396] [run_pull] Reading from stream was aborted!
[2026-06-09 13:18:22.388] [5802] [HailoRT] [info] [queue_elements.cpp:738] [run_in_thread] run_pull of queue element PullQEl_nms2yolov8s/conv63_97 was aborted!
[2026-06-09 13:18:22.388] [5797] [HailoRT] [info] [queue_elements.cpp:738] [run_in_thread] run_pull of queue element PullQEl_nms9yolov8s/conv41_97 was aborted!
[2026-06-09 13:18:22.388] [5803] [HailoRT] [info] [queue_elements.cpp:68] [operator()] Thread in element UserBufQEl_post_infer0yolov8s/yolov8_nms_postprocess is not running anymore, exiting..
[2026-06-09 13:18:22.388] [2224] [HailoRT] [info] [queue_elements.cpp:46] [~BaseQueueElement] Queue element UserBufQEl_post_infer0yolov8s/yolov8_nms_postprocess has 0 frames in his Queue on destruction
[2026-06-09 13:18:22.388] [5802] [HailoRT] [info] [queue_elements.cpp:68] [operator()] Thread in element PullQEl_nms2yolov8s/conv63_97 is not running anymore, exiting..
[2026-06-09 13:18:22.388] [2224] [HailoRT] [info] [queue_elements.cpp:46] [~BaseQueueElement] Queue element PullQEl_nms2yolov8s/conv63_97 has 0 frames in his Queue on destruction
[2026-06-09 13:18:22.388] [5801] [HailoRT] [info] [queue_elements.cpp:68] [operator()] Thread in element PullQEl_nms3yolov8s/conv62_97 is not running anymore, exiting..
[2026-06-09 13:18:22.388] [2224] [HailoRT] [info] [queue_elements.cpp:46] [~BaseQueueElement] Queue element PullQEl_nms3yolov8s/conv62_97 has 0 frames in his Queue on destruction
[2026-06-09 13:18:22.388] [5800] [HailoRT] [info] [queue_elements.cpp:68] [operator()] Thread in element PullQEl_nms0yolov8s/conv53_97 is not running anymore, exiting..
[2026-06-09 13:18:22.388] [2224] [HailoRT] [info] [queue_elements.cpp:46] [~BaseQueueElement] Queue element PullQEl_nms0yolov8s/conv53_97 has 0 frames in his Queue on destruction
[2026-06-09 13:18:22.388] [5799] [HailoRT] [info] [queue_elements.cpp:68] [operator()] Thread in element PullQEl_nms1yolov8s/conv52_97 is not running anymore, exiting..
[2026-06-09 13:18:22.388] [2224] [HailoRT] [info] [queue_elements.cpp:46] [~BaseQueueElement] Queue element PullQEl_nms1yolov8s/conv52_97 has 0 frames in his Queue on destruction
[2026-06-09 13:18:22.388] [5798] [HailoRT] [info] [queue_elements.cpp:68] [operator()] Thread in element PullQEl_nms7yolov8s/conv42_97 is not running anymore, exiting..
[2026-06-09 13:18:22.388] [2224] [HailoRT] [info] [queue_elements.cpp:46] [~BaseQueueElement] Queue element PullQEl_nms7yolov8s/conv42_97 has 0 frames in his Queue on destruction
[2026-06-09 13:18:22.388] [5797] [HailoRT] [info] [queue_elements.cpp:68] [operator()] Thread in element PullQEl_nms9yolov8s/conv41_97 is not running anymore, exiting..
[2026-06-09 13:18:22.388] [2224] [HailoRT] [info] [queue_elements.cpp:46] [~BaseQueueElement] Queue element PullQEl_nms9yolov8s/conv41_97 has 0 frames in his Queue on destruction
[2026-06-09 13:18:22.388] [5796] [HailoRT] [info] [queue_elements.cpp:68] [operator()] Thread in element PushQEl3yolov8s/input_layer1 is not running anymore, exiting..
[2026-06-09 13:18:22.388] [2224] [HailoRT] [info] [queue_elements.cpp:46] [~BaseQueueElement] Queue element PushQEl3yolov8s/input_layer1 has 0 frames in his Queue on destruction
[2026-06-09 13:18:22.389] [2224] [HailoRT] [info] [core_op.cpp:186] [deactivate] Deactivating took 0.655588 ms
[2026-06-09 13:18:22.389] [2224] [HailoRT] [info] [core_op.cpp:186] [deactivate] Deactivating took 0.663826 ms
[2026-06-09 13:18:25.121] [2224] [HailoRT] [info] [core_op.cpp:156] [activate] Activating yolov8s took 0.881298 milliseconds. Note that the function is asynchronous and thus the network is not fully activated yet.
[2026-06-09 13:18:25.121] [2224] [HailoRT] [info] [core_op.cpp:156] [activate] Activating yolov8s took 0.912507 milliseconds. Note that the function is asynchronous and thus the network is not fully activated yet.
[2026-06-09 13:18:25.121] [2224] [HailoRT] [info] [edge_elements.cpp:52] [create] Created (HwWriteEl3yolov8s/input_layer1 | hw_frame_size: 1228800)
[2026-06-09 13:18:25.121] [2224] [HailoRT] [info] [queue_elements.cpp:284] [create] Created (PushQEl3yolov8s/input_layer1 | timeout: 10s)
[2026-06-09 13:18:25.121] [2224] [HailoRT] [info] [filter_elements.cpp:101] [create] Created (PreInferEl3yolov8s/input_layer1 | Reorder - src_order: NHWC, src_shape: (640, 640, 3), dst_order: NHCW, dst_shape: (640, 640, 3))
[2026-06-09 13:18:25.121] [2224] [HailoRT] [info] [vstream.cpp:754] [InputVStreamImpl] Creating yolov8s/input_layer1...
[2026-06-09 13:18:25.121] [2224] [HailoRT] [info] [vstream_builder.cpp:102] [create_inputs] Input pipeline 'yolov8s/input_layer1': (PreInferEl3yolov8s/input_layer1 | Reorder - src_order: NHWC, src_shape: (640, 640, 3), dst_order: NHCW, dst_shape: (640, 640, 3)) >> (PushQEl3yolov8s/input_layer1 | timeout: 10s) >> (HwWriteEl3yolov8s/input_layer1 | hw_frame_size: 1228800) >> HW
[2026-06-09 13:18:25.122] [2224] [HailoRT] [info] [multi_io_elements.cpp:135] [create] Created (NmsPPMuxEl0YOLOV8-Post-Process | Op YOLOV8, Name: YOLOV8-Post-Process, Score threshold: 0.200, IoU threshold: 0.70, Classes: 80, Max bboxes per class: 100, Image height: 640, Image width: 640)
[2026-06-09 13:18:25.122] [2224] [HailoRT] [info] [edge_elements.cpp:287] [create] Created (HwReadEl9yolov8s/conv41_97 | hw_frame_size: 409600)
[2026-06-09 13:18:25.122] [2224] [HailoRT] [info] [queue_elements.cpp:657] [create] Created (PullQEl_nms9yolov8s/conv41_97 | timeout: 10s)
[2026-06-09 13:18:25.122] [2224] [HailoRT] [info] [edge_elements.cpp:287] [create] Created (HwReadEl7yolov8s/conv42_97 | hw_frame_size: 512000)
[2026-06-09 13:18:25.122] [2224] [HailoRT] [info] [queue_elements.cpp:657] [create] Created (PullQEl_nms7yolov8s/conv42_97 | timeout: 10s)
[2026-06-09 13:18:25.122] [2224] [HailoRT] [info] [edge_elements.cpp:287] [create] Created (HwReadEl1yolov8s/conv52_97 | hw_frame_size: 102400)
[2026-06-09 13:18:25.122] [2224] [HailoRT] [info] [queue_elements.cpp:657] [create] Created (PullQEl_nms1yolov8s/conv52_97 | timeout: 10s)
[2026-06-09 13:18:25.122] [2224] [HailoRT] [info] [edge_elements.cpp:287] [create] Created (HwReadEl0yolov8s/conv53_97 | hw_frame_size: 128000)
[2026-06-09 13:18:25.122] [2224] [HailoRT] [info] [queue_elements.cpp:657] [create] Created (PullQEl_nms0yolov8s/conv53_97 | timeout: 10s)
[2026-06-09 13:18:25.122] [2224] [HailoRT] [info] [edge_elements.cpp:287] [create] Created (HwReadEl3yolov8s/conv62_97 | hw_frame_size: 30720)
[2026-06-09 13:18:25.122] [2224] [HailoRT] [info] [queue_elements.cpp:657] [create] Created (PullQEl_nms3yolov8s/conv62_97 | timeout: 10s)
[2026-06-09 13:18:25.122] [2224] [HailoRT] [info] [edge_elements.cpp:287] [create] Created (HwReadEl2yolov8s/conv63_97 | hw_frame_size: 38400)
[2026-06-09 13:18:25.122] [2224] [HailoRT] [info] [queue_elements.cpp:657] [create] Created (PullQEl_nms2yolov8s/conv63_97 | timeout: 10s)
[2026-06-09 13:18:25.122] [2224] [HailoRT] [info] [queue_elements.cpp:800] [create] Created (UserBufQEl_post_infer0yolov8s/yolov8_nms_postprocess | timeout: 10s)
[2026-06-09 13:18:25.122] [2224] [HailoRT] [info] [vstream.cpp:1114] [OutputVStreamImpl] Creating yolov8s/yolov8_nms_postprocess...
[2026-06-09 13:18:25.122] [2224] [HailoRT] [info] [vstream_builder.cpp:622] [create_output_post_process_nms] Output pipeline 'yolov8s/yolov8_nms_postprocess': HW >> (HwReadEl9yolov8s/conv41_97 | hw_frame_size: 409600) >> (PullQEl_nms9yolov8s/conv41_97) >> (HwReadEl7yolov8s/conv42_97 | hw_frame_size: 512000) >> (PullQEl_nms7yolov8s/conv42_97) >> (HwReadEl1yolov8s/conv52_97 | hw_frame_size: 102400) >> (PullQEl_nms1yolov8s/conv52_97) >> (HwReadEl0yolov8s/conv53_97 | hw_frame_size: 128000) >> (PullQEl_nms0yolov8s/conv53_97) >> (HwReadEl3yolov8s/conv62_97 | hw_frame_size: 30720) >> (PullQEl_nms3yolov8s/conv62_97) >> (HwReadEl2yolov8s/conv63_97 | hw_frame_size: 38400) >> (PullQEl_nms2yolov8s/conv63_97) >> (NmsPPMuxEl0YOLOV8-Post-Process | Op YOLOV8, Name: YOLOV8-Post-Process, Score threshold: 0.200, IoU threshold: 0.70, Classes: 80, Max bboxes per class: 100, Image height: 640, Image width: 640) >> (UserBufQEl_post_infer0yolov8s/yolov8_nms_postprocess | timeout: 10s)
[2026-06-09 13:18:25.122] [5822] [HailoRT] [info] [vdevice_native_stream.cpp:331] [read_impl] Failed read from stream HAILO_STREAM_ABORT(63) (device: 0001:01:00.0)
[2026-06-09 13:18:25.122] [5821] [HailoRT] [info] [vdevice_native_stream.cpp:331] [read_impl] Failed read from stream HAILO_STREAM_ABORT(63) (device: 0001:01:00.0)
[2026-06-09 13:18:25.122] [5822] [HailoRT] [info] [edge_elements.cpp:396] [run_pull] Reading from stream was aborted!
[2026-06-09 13:18:25.122] [5819] [HailoRT] [info] [vdevice_native_stream.cpp:331] [read_impl] Failed read from stream HAILO_STREAM_ABORT(63) (device: 0001:01:00.0)
[2026-06-09 13:18:25.122] [5821] [HailoRT] [info] [edge_elements.cpp:396] [run_pull] Reading from stream was aborted!
[2026-06-09 13:18:25.122] [5819] [HailoRT] [info] [edge_elements.cpp:396] [run_pull] Reading from stream was aborted!
[2026-06-09 13:18:25.122] [5822] [HailoRT] [info] [queue_elements.cpp:738] [run_in_thread] run_pull of queue element PullQEl_nms0yolov8s/conv53_97 was aborted!
[2026-06-09 13:18:25.122] [5823] [HailoRT] [info] [vdevice_native_stream.cpp:331] [read_impl] Failed read from stream HAILO_STREAM_ABORT(63) (device: 0001:01:00.0)
[2026-06-09 13:18:25.122] [5823] [HailoRT] [info] [edge_elements.cpp:396] [run_pull] Reading from stream was aborted!
[2026-06-09 13:18:25.122] [5821] [HailoRT] [info] [queue_elements.cpp:738] [run_in_thread] run_pull of queue element PullQEl_nms1yolov8s/conv52_97 was aborted!
[2026-06-09 13:18:25.122] [5820] [HailoRT] [info] [vdevice_native_stream.cpp:331] [read_impl] Failed read from stream HAILO_STREAM_ABORT(63) (device: 0001:01:00.0)
[2026-06-09 13:18:25.122] [5820] [HailoRT] [info] [edge_elements.cpp:396] [run_pull] Reading from stream was aborted!
[2026-06-09 13:18:25.122] [5823] [HailoRT] [info] [queue_elements.cpp:738] [run_in_thread] run_pull of queue element PullQEl_nms3yolov8s/conv62_97 was aborted!
[2026-06-09 13:18:25.122] [5819] [HailoRT] [info] [queue_elements.cpp:738] [run_in_thread] run_pull of queue element PullQEl_nms9yolov8s/conv41_97 was aborted!
[2026-06-09 13:18:25.122] [5824] [HailoRT] [info] [vdevice_native_stream.cpp:331] [read_impl] Failed read from stream HAILO_STREAM_ABORT(63) (device: 0001:01:00.0)
[2026-06-09 13:18:25.122] [5824] [HailoRT] [info] [edge_elements.cpp:396] [run_pull] Reading from stream was aborted!
[2026-06-09 13:18:25.122] [5820] [HailoRT] [info] [queue_elements.cpp:738] [run_in_thread] run_pull of queue element PullQEl_nms7yolov8s/conv42_97 was aborted!
[2026-06-09 13:18:25.122] [5824] [HailoRT] [info] [queue_elements.cpp:738] [run_in_thread] run_pull of queue element PullQEl_nms2yolov8s/conv63_97 was aborted!
[2026-06-09 13:18:25.122] [5825] [HailoRT] [info] [queue_elements.cpp:68] [operator()] Thread in element UserBufQEl_post_infer0yolov8s/yolov8_nms_postprocess is not running anymore, exiting..
[2026-06-09 13:18:25.122] [2224] [HailoRT] [info] [queue_elements.cpp:46] [~BaseQueueElement] Queue element UserBufQEl_post_infer0yolov8s/yolov8_nms_postprocess has 0 frames in his Queue on destruction
[2026-06-09 13:18:25.122] [5824] [HailoRT] [info] [queue_elements.cpp:68] [operator()] Thread in element PullQEl_nms2yolov8s/conv63_97 is not running anymore, exiting..
[2026-06-09 13:18:25.122] [2224] [HailoRT] [info] [queue_elements.cpp:46] [~BaseQueueElement] Queue element PullQEl_nms2yolov8s/conv63_97 has 0 frames in his Queue on destruction
[2026-06-09 13:18:25.123] [5823] [HailoRT] [info] [queue_elements.cpp:68] [operator()] Thread in element PullQEl_nms3yolov8s/conv62_97 is not running anymore, exiting..
[2026-06-09 13:18:25.123] [2224] [HailoRT] [info] [queue_elements.cpp:46] [~BaseQueueElement] Queue element PullQEl_nms3yolov8s/conv62_97 has 0 frames in his Queue on destruction
[2026-06-09 13:18:25.123] [5822] [HailoRT] [info] [queue_elements.cpp:68] [operator()] Thread in element PullQEl_nms0yolov8s/conv53_97 is not running anymore, exiting..
[2026-06-09 13:18:25.123] [2224] [HailoRT] [info] [queue_elements.cpp:46] [~BaseQueueElement] Queue element PullQEl_nms0yolov8s/conv53_97 has 0 frames in his Queue on destruction
[2026-06-09 13:18:25.123] [5821] [HailoRT] [info] [queue_elements.cpp:68] [operator()] Thread in element PullQEl_nms1yolov8s/conv52_97 is not running anymore, exiting..
[2026-06-09 13:18:25.123] [2224] [HailoRT] [info] [queue_elements.cpp:46] [~BaseQueueElement] Queue element PullQEl_nms1yolov8s/conv52_97 has 0 frames in his Queue on destruction
[2026-06-09 13:18:25.123] [5820] [HailoRT] [info] [queue_elements.cpp:68] [operator()] Thread in element PullQEl_nms7yolov8s/conv42_97 is not running anymore, exiting..
[2026-06-09 13:18:25.123] [2224] [HailoRT] [info] [queue_elements.cpp:46] [~BaseQueueElement] Queue element PullQEl_nms7yolov8s/conv42_97 has 0 frames in his Queue on destruction
[2026-06-09 13:18:25.123] [5819] [HailoRT] [info] [queue_elements.cpp:68] [operator()] Thread in element PullQEl_nms9yolov8s/conv41_97 is not running anymore, exiting..
[2026-06-09 13:18:25.123] [2224] [HailoRT] [info] [queue_elements.cpp:46] [~BaseQueueElement] Queue element PullQEl_nms9yolov8s/conv41_97 has 0 frames in his Queue on destruction
[2026-06-09 13:18:25.123] [5818] [HailoRT] [info] [queue_elements.cpp:68] [operator()] Thread in element PushQEl3yolov8s/input_layer1 is not running anymore, exiting..
[2026-06-09 13:18:25.123] [2224] [HailoRT] [info] [queue_elements.cpp:46] [~BaseQueueElement] Queue element PushQEl3yolov8s/input_layer1 has 0 frames in his Queue on destruction
[2026-06-09 13:18:25.123] [2224] [HailoRT] [info] [core_op.cpp:186] [deactivate] Deactivating took 0.590883 ms
[2026-06-09 13:18:25.123] [2224] [HailoRT] [info] [core_op.cpp:186] [deactivate] Deactivating took 0.600934 ms
[2026-06-09 13:18:28.006] [2224] [HailoRT] [info] [core_op.cpp:156] [activate] Activating yolov8s took 0.73292 milliseconds. Note that the function is asynchronous and thus the network is not fully activated yet.
[2026-06-09 13:18:28.006] [2224] [HailoRT] [info] [core_op.cpp:156] [activate] Activating yolov8s took 0.760945 milliseconds. Note that the function is asynchronous and thus the network is not fully activated yet.
[2026-06-09 13:18:28.006] [2224] [HailoRT] [info] [edge_elements.cpp:52] [create] Created (HwWriteEl3yolov8s/input_layer1 | hw_frame_size: 1228800)
[2026-06-09 13:18:28.006] [2224] [HailoRT] [info] [queue_elements.cpp:284] [create] Created (PushQEl3yolov8s/input_layer1 | timeout: 10s)
[2026-06-09 13:18:28.006] [2224] [HailoRT] [info] [filter_elements.cpp:101] [create] Created (PreInferEl3yolov8s/input_layer1 | Reorder - src_order: NHWC, src_shape: (640, 640, 3), dst_order: NHCW, dst_shape: (640, 640, 3))
[2026-06-09 13:18:28.006] [2224] [HailoRT] [info] [vstream.cpp:754] [InputVStreamImpl] Creating yolov8s/input_layer1...
[2026-06-09 13:18:28.006] [2224] [HailoRT] [info] [vstream_builder.cpp:102] [create_inputs] Input pipeline 'yolov8s/input_layer1': (PreInferEl3yolov8s/input_layer1 | Reorder - src_order: NHWC, src_shape: (640, 640, 3), dst_order: NHCW, dst_shape: (640, 640, 3)) >> (PushQEl3yolov8s/input_layer1 | timeout: 10s) >> (HwWriteEl3yolov8s/input_layer1 | hw_frame_size: 1228800) >> HW
[2026-06-09 13:18:28.006] [2224] [HailoRT] [info] [multi_io_elements.cpp:135] [create] Created (NmsPPMuxEl0YOLOV8-Post-Process | Op YOLOV8, Name: YOLOV8-Post-Process, Score threshold: 0.200, IoU threshold: 0.70, Classes: 80, Max bboxes per class: 100, Image height: 640, Image width: 640)
[2026-06-09 13:18:28.006] [2224] [HailoRT] [info] [edge_elements.cpp:287] [create] Created (HwReadEl9yolov8s/conv41_97 | hw_frame_size: 409600)
[2026-06-09 13:18:28.006] [2224] [HailoRT] [info] [queue_elements.cpp:657] [create] Created (PullQEl_nms9yolov8s/conv41_97 | timeout: 10s)
[2026-06-09 13:18:28.006] [2224] [HailoRT] [info] [edge_elements.cpp:287] [create] Created (HwReadEl7yolov8s/conv42_97 | hw_frame_size: 512000)
[2026-06-09 13:18:28.006] [2224] [HailoRT] [info] [queue_elements.cpp:657] [create] Created (PullQEl_nms7yolov8s/conv42_97 | timeout: 10s)
[2026-06-09 13:18:28.006] [2224] [HailoRT] [info] [edge_elements.cpp:287] [create] Created (HwReadEl1yolov8s/conv52_97 | hw_frame_size: 102400)
[2026-06-09 13:18:28.006] [2224] [HailoRT] [info] [queue_elements.cpp:657] [create] Created (PullQEl_nms1yolov8s/conv52_97 | timeout: 10s)
[2026-06-09 13:18:28.006] [2224] [HailoRT] [info] [edge_elements.cpp:287] [create] Created (HwReadEl0yolov8s/conv53_97 | hw_frame_size: 128000)
[2026-06-09 13:18:28.006] [2224] [HailoRT] [info] [queue_elements.cpp:657] [create] Created (PullQEl_nms0yolov8s/conv53_97 | timeout: 10s)
[2026-06-09 13:18:28.006] [2224] [HailoRT] [info] [edge_elements.cpp:287] [create] Created (HwReadEl3yolov8s/conv62_97 | hw_frame_size: 30720)
[2026-06-09 13:18:28.006] [2224] [HailoRT] [info] [queue_elements.cpp:657] [create] Created (PullQEl_nms3yolov8s/conv62_97 | timeout: 10s)
[2026-06-09 13:18:28.006] [2224] [HailoRT] [info] [edge_elements.cpp:287] [create] Created (HwReadEl2yolov8s/conv63_97 | hw_frame_size: 38400)
[2026-06-09 13:18:28.007] [2224] [HailoRT] [info] [queue_elements.cpp:657] [create] Created (PullQEl_nms2yolov8s/conv63_97 | timeout: 10s)
[2026-06-09 13:18:28.007] [2224] [HailoRT] [info] [queue_elements.cpp:800] [create] Created (UserBufQEl_post_infer0yolov8s/yolov8_nms_postprocess | timeout: 10s)
[2026-06-09 13:18:28.007] [2224] [HailoRT] [info] [vstream.cpp:1114] [OutputVStreamImpl] Creating yolov8s/yolov8_nms_postprocess...
[2026-06-09 13:18:28.007] [2224] [HailoRT] [info] [vstream_builder.cpp:622] [create_output_post_process_nms] Output pipeline 'yolov8s/yolov8_nms_postprocess': HW >> (HwReadEl9yolov8s/conv41_97 | hw_frame_size: 409600) >> (PullQEl_nms9yolov8s/conv41_97) >> (HwReadEl7yolov8s/conv42_97 | hw_frame_size: 512000) >> (PullQEl_nms7yolov8s/conv42_97) >> (HwReadEl1yolov8s/conv52_97 | hw_frame_size: 102400) >> (PullQEl_nms1yolov8s/conv52_97) >> (HwReadEl0yolov8s/conv53_97 | hw_frame_size: 128000) >> (PullQEl_nms0yolov8s/conv53_97) >> (HwReadEl3yolov8s/conv62_97 | hw_frame_size: 30720) >> (PullQEl_nms3yolov8s/conv62_97) >> (HwReadEl2yolov8s/conv63_97 | hw_frame_size: 38400) >> (PullQEl_nms2yolov8s/conv63_97) >> (NmsPPMuxEl0YOLOV8-Post-Process | Op YOLOV8, Name: YOLOV8-Post-Process, Score threshold: 0.200, IoU threshold: 0.70, Classes: 80, Max bboxes per class: 100, Image height: 640, Image width: 640) >> (UserBufQEl_post_infer0yolov8s/yolov8_nms_postprocess | timeout: 10s)
[2026-06-09 13:18:28.007] [5845] [HailoRT] [info] [vdevice_native_stream.cpp:331] [read_impl] Failed read from stream HAILO_STREAM_ABORT(63) (device: 0001:01:00.0)
[2026-06-09 13:18:28.007] [5845] [HailoRT] [info] [edge_elements.cpp:396] [run_pull] Reading from stream was aborted!
[2026-06-09 13:18:28.007] [5849] [HailoRT] [info] [vdevice_native_stream.cpp:331] [read_impl] Failed read from stream HAILO_STREAM_ABORT(63) (device: 0001:01:00.0)
[2026-06-09 13:18:28.007] [5848] [HailoRT] [info] [vdevice_native_stream.cpp:331] [read_impl] Failed read from stream HAILO_STREAM_ABORT(63) (device: 0001:01:00.0)
[2026-06-09 13:18:28.007] [5845] [HailoRT] [info] [queue_elements.cpp:738] [run_in_thread] run_pull of queue element PullQEl_nms7yolov8s/conv42_97 was aborted!
[2026-06-09 13:18:28.007] [5844] [HailoRT] [info] [vdevice_native_stream.cpp:331] [read_impl] Failed read from stream HAILO_STREAM_ABORT(63) (device: 0001:01:00.0)
[2026-06-09 13:18:28.007] [5844] [HailoRT] [info] [edge_elements.cpp:396] [run_pull] Reading from stream was aborted!
[2026-06-09 13:18:28.007] [5848] [HailoRT] [info] [edge_elements.cpp:396] [run_pull] Reading from stream was aborted!
[2026-06-09 13:18:28.007] [5849] [HailoRT] [info] [edge_elements.cpp:396] [run_pull] Reading from stream was aborted!
[2026-06-09 13:18:28.007] [5848] [HailoRT] [info] [queue_elements.cpp:738] [run_in_thread] run_pull of queue element PullQEl_nms3yolov8s/conv62_97 was aborted!
[2026-06-09 13:18:28.007] [5849] [HailoRT] [info] [queue_elements.cpp:738] [run_in_thread] run_pull of queue element PullQEl_nms2yolov8s/conv63_97 was aborted!
[2026-06-09 13:18:28.007] [5846] [HailoRT] [info] [vdevice_native_stream.cpp:331] [read_impl] Failed read from stream HAILO_STREAM_ABORT(63) (device: 0001:01:00.0)
[2026-06-09 13:18:28.007] [5846] [HailoRT] [info] [edge_elements.cpp:396] [run_pull] Reading from stream was aborted!
[2026-06-09 13:18:28.007] [5847] [HailoRT] [info] [vdevice_native_stream.cpp:331] [read_impl] Failed read from stream HAILO_STREAM_ABORT(63) (device: 0001:01:00.0)
[2026-06-09 13:18:28.007] [5847] [HailoRT] [info] [edge_elements.cpp:396] [run_pull] Reading from stream was aborted!
[2026-06-09 13:18:28.007] [5844] [HailoRT] [info] [queue_elements.cpp:738] [run_in_thread] run_pull of queue element PullQEl_nms9yolov8s/conv41_97 was aborted!
[2026-06-09 13:18:28.007] [5846] [HailoRT] [info] [queue_elements.cpp:738] [run_in_thread] run_pull of queue element PullQEl_nms1yolov8s/conv52_97 was aborted!
[2026-06-09 13:18:28.007] [5847] [HailoRT] [info] [queue_elements.cpp:738] [run_in_thread] run_pull of queue element PullQEl_nms0yolov8s/conv53_97 was aborted!
[2026-06-09 13:18:28.007] [5850] [HailoRT] [info] [queue_elements.cpp:68] [operator()] Thread in element UserBufQEl_post_infer0yolov8s/yolov8_nms_postprocess is not running anymore, exiting..
[2026-06-09 13:18:28.007] [2224] [HailoRT] [info] [queue_elements.cpp:46] [~BaseQueueElement] Queue element UserBufQEl_post_infer0yolov8s/yolov8_nms_postprocess has 0 frames in his Queue on destruction
[2026-06-09 13:18:28.007] [5849] [HailoRT] [info] [queue_elements.cpp:68] [operator()] Thread in element PullQEl_nms2yolov8s/conv63_97 is not running anymore, exiting..
[2026-06-09 13:18:28.007] [2224] [HailoRT] [info] [queue_elements.cpp:46] [~BaseQueueElement] Queue element PullQEl_nms2yolov8s/conv63_97 has 0 frames in his Queue on destruction
[2026-06-09 13:18:28.007] [5848] [HailoRT] [info] [queue_elements.cpp:68] [operator()] Thread in element PullQEl_nms3yolov8s/conv62_97 is not running anymore, exiting..
[2026-06-09 13:18:28.007] [2224] [HailoRT] [info] [queue_elements.cpp:46] [~BaseQueueElement] Queue element PullQEl_nms3yolov8s/conv62_97 has 0 frames in his Queue on destruction
[2026-06-09 13:18:28.007] [5847] [HailoRT] [info] [queue_elements.cpp:68] [operator()] Thread in element PullQEl_nms0yolov8s/conv53_97 is not running anymore, exiting..
[2026-06-09 13:18:28.007] [2224] [HailoRT] [info] [queue_elements.cpp:46] [~BaseQueueElement] Queue element PullQEl_nms0yolov8s/conv53_97 has 0 frames in his Queue on destruction
[2026-06-09 13:18:28.007] [5846] [HailoRT] [info] [queue_elements.cpp:68] [operator()] Thread in element PullQEl_nms1yolov8s/conv52_97 is not running anymore, exiting..
[2026-06-09 13:18:28.007] [2224] [HailoRT] [info] [queue_elements.cpp:46] [~BaseQueueElement] Queue element PullQEl_nms1yolov8s/conv52_97 has 0 frames in his Queue on destruction
[2026-06-09 13:18:28.007] [5845] [HailoRT] [info] [queue_elements.cpp:68] [operator()] Thread in element PullQEl_nms7yolov8s/conv42_97 is not running anymore, exiting..
[2026-06-09 13:18:28.007] [2224] [HailoRT] [info] [queue_elements.cpp:46] [~BaseQueueElement] Queue element PullQEl_nms7yolov8s/conv42_97 has 0 frames in his Queue on destruction
[2026-06-09 13:18:28.007] [5844] [HailoRT] [info] [queue_elements.cpp:68] [operator()] Thread in element PullQEl_nms9yolov8s/conv41_97 is not running anymore, exiting..
[2026-06-09 13:18:28.007] [2224] [HailoRT] [info] [queue_elements.cpp:46] [~BaseQueueElement] Queue element PullQEl_nms9yolov8s/conv41_97 has 0 frames in his Queue on destruction
[2026-06-09 13:18:28.007] [5843] [HailoRT] [info] [queue_elements.cpp:68] [operator()] Thread in element PushQEl3yolov8s/input_layer1 is not running anymore, exiting..
[2026-06-09 13:18:28.007] [2224] [HailoRT] [info] [queue_elements.cpp:46] [~BaseQueueElement] Queue element PushQEl3yolov8s/input_layer1 has 0 frames in his Queue on destruction
[2026-06-09 13:18:28.008] [2224] [HailoRT] [info] [core_op.cpp:186] [deactivate] Deactivating took 0.566563 ms
[2026-06-09 13:18:28.008] [2224] [HailoRT] [info] [core_op.cpp:186] [deactivate] Deactivating took 0.574393 ms
[2026-06-09 13:18:30.726] [2224] [HailoRT] [info] [core_op.cpp:156] [activate] Activating yolov8s took 0.875773 milliseconds. Note that the function is asynchronous and thus the network is not fully activated yet.
[2026-06-09 13:18:30.726] [2224] [HailoRT] [info] [core_op.cpp:156] [activate] Activating yolov8s took 0.906353 milliseconds. Note that the function is asynchronous and thus the network is not fully activated yet.
[2026-06-09 13:18:30.726] [2224] [HailoRT] [info] [edge_elements.cpp:52] [create] Created (HwWriteEl3yolov8s/input_layer1 | hw_frame_size: 1228800)
[2026-06-09 13:18:30.726] [2224] [HailoRT] [info] [queue_elements.cpp:284] [create] Created (PushQEl3yolov8s/input_layer1 | timeout: 10s)
[2026-06-09 13:18:30.726] [2224] [HailoRT] [info] [filter_elements.cpp:101] [create] Created (PreInferEl3yolov8s/input_layer1 | Reorder - src_order: NHWC, src_shape: (640, 640, 3), dst_order: NHCW, dst_shape: (640, 640, 3))
[2026-06-09 13:18:30.726] [2224] [HailoRT] [info] [vstream.cpp:754] [InputVStreamImpl] Creating yolov8s/input_layer1...
[2026-06-09 13:18:30.726] [2224] [HailoRT] [info] [vstream_builder.cpp:102] [create_inputs] Input pipeline 'yolov8s/input_layer1': (PreInferEl3yolov8s/input_layer1 | Reorder - src_order: NHWC, src_shape: (640, 640, 3), dst_order: NHCW, dst_shape: (640, 640, 3)) >> (PushQEl3yolov8s/input_layer1 | timeout: 10s) >> (HwWriteEl3yolov8s/input_layer1 | hw_frame_size: 1228800) >> HW
[2026-06-09 13:18:30.726] [2224] [HailoRT] [info] [multi_io_elements.cpp:135] [create] Created (NmsPPMuxEl0YOLOV8-Post-Process | Op YOLOV8, Name: YOLOV8-Post-Process, Score threshold: 0.200, IoU threshold: 0.70, Classes: 80, Max bboxes per class: 100, Image height: 640, Image width: 640)
[2026-06-09 13:18:30.726] [2224] [HailoRT] [info] [edge_elements.cpp:287] [create] Created (HwReadEl9yolov8s/conv41_97 | hw_frame_size: 409600)
[2026-06-09 13:18:30.726] [2224] [HailoRT] [info] [queue_elements.cpp:657] [create] Created (PullQEl_nms9yolov8s/conv41_97 | timeout: 10s)
[2026-06-09 13:18:30.726] [2224] [HailoRT] [info] [edge_elements.cpp:287] [create] Created (HwReadEl7yolov8s/conv42_97 | hw_frame_size: 512000)
[2026-06-09 13:18:30.727] [2224] [HailoRT] [info] [queue_elements.cpp:657] [create] Created (PullQEl_nms7yolov8s/conv42_97 | timeout: 10s)
[2026-06-09 13:18:30.727] [2224] [HailoRT] [info] [edge_elements.cpp:287] [create] Created (HwReadEl1yolov8s/conv52_97 | hw_frame_size: 102400)
[2026-06-09 13:18:30.727] [2224] [HailoRT] [info] [queue_elements.cpp:657] [create] Created (PullQEl_nms1yolov8s/conv52_97 | timeout: 10s)
[2026-06-09 13:18:30.727] [2224] [HailoRT] [info] [edge_elements.cpp:287] [create] Created (HwReadEl0yolov8s/conv53_97 | hw_frame_size: 128000)
[2026-06-09 13:18:30.727] [2224] [HailoRT] [info] [queue_elements.cpp:657] [create] Created (PullQEl_nms0yolov8s/conv53_97 | timeout: 10s)
[2026-06-09 13:18:30.727] [2224] [HailoRT] [info] [edge_elements.cpp:287] [create] Created (HwReadEl3yolov8s/conv62_97 | hw_frame_size: 30720)
[2026-06-09 13:18:30.727] [2224] [HailoRT] [info] [queue_elements.cpp:657] [create] Created (PullQEl_nms3yolov8s/conv62_97 | timeout: 10s)
[2026-06-09 13:18:30.727] [2224] [HailoRT] [info] [edge_elements.cpp:287] [create] Created (HwReadEl2yolov8s/conv63_97 | hw_frame_size: 38400)
[2026-06-09 13:18:30.727] [2224] [HailoRT] [info] [queue_elements.cpp:657] [create] Created (PullQEl_nms2yolov8s/conv63_97 | timeout: 10s)
[2026-06-09 13:18:30.727] [2224] [HailoRT] [info] [queue_elements.cpp:800] [create] Created (UserBufQEl_post_infer0yolov8s/yolov8_nms_postprocess | timeout: 10s)
[2026-06-09 13:18:30.727] [2224] [HailoRT] [info] [vstream.cpp:1114] [OutputVStreamImpl] Creating yolov8s/yolov8_nms_postprocess...
[2026-06-09 13:18:30.727] [2224] [HailoRT] [info] [vstream_builder.cpp:622] [create_output_post_process_nms] Output pipeline 'yolov8s/yolov8_nms_postprocess': HW >> (HwReadEl9yolov8s/conv41_97 | hw_frame_size: 409600) >> (PullQEl_nms9yolov8s/conv41_97) >> (HwReadEl7yolov8s/conv42_97 | hw_frame_size: 512000) >> (PullQEl_nms7yolov8s/conv42_97) >> (HwReadEl1yolov8s/conv52_97 | hw_frame_size: 102400) >> (PullQEl_nms1yolov8s/conv52_97) >> (HwReadEl0yolov8s/conv53_97 | hw_frame_size: 128000) >> (PullQEl_nms0yolov8s/conv53_97) >> (HwReadEl3yolov8s/conv62_97 | hw_frame_size: 30720) >> (PullQEl_nms3yolov8s/conv62_97) >> (HwReadEl2yolov8s/conv63_97 | hw_frame_size: 38400) >> (PullQEl_nms2yolov8s/conv63_97) >> (NmsPPMuxEl0YOLOV8-Post-Process | Op YOLOV8, Name: YOLOV8-Post-Process, Score threshold: 0.200, IoU threshold: 0.70, Classes: 80, Max bboxes per class: 100, Image height: 640, Image width: 640) >> (UserBufQEl_post_infer0yolov8s/yolov8_nms_postprocess | timeout: 10s)
[2026-06-09 13:18:30.727] [5865] [HailoRT] [info] [vdevice_native_stream.cpp:331] [read_impl] Failed read from stream HAILO_STREAM_ABORT(63) (device: 0001:01:00.0)
[2026-06-09 13:18:30.727] [5865] [HailoRT] [info] [edge_elements.cpp:396] [run_pull] Reading from stream was aborted!
[2026-06-09 13:18:30.727] [5868] [HailoRT] [info] [queue_elements.cpp:734] [run_in_thread] Shutdown event was signaled in run_pull of queue element PullQEl_nms0yolov8s/conv53_97!
[2026-06-09 13:18:30.727] [5865] [HailoRT] [info] [queue_elements.cpp:738] [run_in_thread] run_pull of queue element PullQEl_nms9yolov8s/conv41_97 was aborted!
[2026-06-09 13:18:30.727] [5867] [HailoRT] [info] [vdevice_native_stream.cpp:331] [read_impl] Failed read from stream HAILO_STREAM_ABORT(63) (device: 0001:01:00.0)
[2026-06-09 13:18:30.727] [5866] [HailoRT] [info] [vdevice_native_stream.cpp:331] [read_impl] Failed read from stream HAILO_STREAM_ABORT(63) (device: 0001:01:00.0)
[2026-06-09 13:18:30.727] [5869] [HailoRT] [info] [queue_elements.cpp:734] [run_in_thread] Shutdown event was signaled in run_pull of queue element PullQEl_nms3yolov8s/conv62_97!
[2026-06-09 13:18:30.727] [5866] [HailoRT] [info] [edge_elements.cpp:396] [run_pull] Reading from stream was aborted!
[2026-06-09 13:18:30.727] [5867] [HailoRT] [info] [edge_elements.cpp:396] [run_pull] Reading from stream was aborted!
[2026-06-09 13:18:30.727] [5870] [HailoRT] [info] [vdevice_native_stream.cpp:331] [read_impl] Failed read from stream HAILO_STREAM_ABORT(63) (device: 0001:01:00.0)
[2026-06-09 13:18:30.727] [5866] [HailoRT] [info] [queue_elements.cpp:738] [run_in_thread] run_pull of queue element PullQEl_nms7yolov8s/conv42_97 was aborted!
[2026-06-09 13:18:30.727] [5867] [HailoRT] [info] [queue_elements.cpp:738] [run_in_thread] run_pull of queue element PullQEl_nms1yolov8s/conv52_97 was aborted!
[2026-06-09 13:18:30.727] [5870] [HailoRT] [info] [edge_elements.cpp:396] [run_pull] Reading from stream was aborted!
[2026-06-09 13:18:30.727] [5870] [HailoRT] [info] [queue_elements.cpp:738] [run_in_thread] run_pull of queue element PullQEl_nms2yolov8s/conv63_97 was aborted!
[2026-06-09 13:18:30.727] [5871] [HailoRT] [info] [queue_elements.cpp:68] [operator()] Thread in element UserBufQEl_post_infer0yolov8s/yolov8_nms_postprocess is not running anymore, exiting..
[2026-06-09 13:18:30.727] [2224] [HailoRT] [info] [queue_elements.cpp:46] [~BaseQueueElement] Queue element UserBufQEl_post_infer0yolov8s/yolov8_nms_postprocess has 0 frames in his Queue on destruction
[2026-06-09 13:18:30.727] [5870] [HailoRT] [info] [queue_elements.cpp:68] [operator()] Thread in element PullQEl_nms2yolov8s/conv63_97 is not running anymore, exiting..
[2026-06-09 13:18:30.727] [2224] [HailoRT] [info] [queue_elements.cpp:46] [~BaseQueueElement] Queue element PullQEl_nms2yolov8s/conv63_97 has 0 frames in his Queue on destruction
[2026-06-09 13:18:30.727] [5869] [HailoRT] [info] [queue_elements.cpp:68] [operator()] Thread in element PullQEl_nms3yolov8s/conv62_97 is not running anymore, exiting..
[2026-06-09 13:18:30.727] [2224] [HailoRT] [info] [queue_elements.cpp:46] [~BaseQueueElement] Queue element PullQEl_nms3yolov8s/conv62_97 has 0 frames in his Queue on destruction
[2026-06-09 13:18:30.727] [5868] [HailoRT] [info] [queue_elements.cpp:68] [operator()] Thread in element PullQEl_nms0yolov8s/conv53_97 is not running anymore, exiting..
[2026-06-09 13:18:30.727] [2224] [HailoRT] [info] [queue_elements.cpp:46] [~BaseQueueElement] Queue element PullQEl_nms0yolov8s/conv53_97 has 0 frames in his Queue on destruction
[2026-06-09 13:18:30.727] [5867] [HailoRT] [info] [queue_elements.cpp:68] [operator()] Thread in element PullQEl_nms1yolov8s/conv52_97 is not running anymore, exiting..
[2026-06-09 13:18:30.727] [2224] [HailoRT] [info] [queue_elements.cpp:46] [~BaseQueueElement] Queue element PullQEl_nms1yolov8s/conv52_97 has 0 frames in his Queue on destruction
[2026-06-09 13:18:30.727] [5866] [HailoRT] [info] [queue_elements.cpp:68] [operator()] Thread in element PullQEl_nms7yolov8s/conv42_97 is not running anymore, exiting..
[2026-06-09 13:18:30.727] [2224] [HailoRT] [info] [queue_elements.cpp:46] [~BaseQueueElement] Queue element PullQEl_nms7yolov8s/conv42_97 has 0 frames in his Queue on destruction
[2026-06-09 13:18:30.727] [5865] [HailoRT] [info] [queue_elements.cpp:68] [operator()] Thread in element PullQEl_nms9yolov8s/conv41_97 is not running anymore, exiting..
[2026-06-09 13:18:30.727] [2224] [HailoRT] [info] [queue_elements.cpp:46] [~BaseQueueElement] Queue element PullQEl_nms9yolov8s/conv41_97 has 0 frames in his Queue on destruction
[2026-06-09 13:18:30.728] [5864] [HailoRT] [info] [queue_elements.cpp:68] [operator()] Thread in element PushQEl3yolov8s/input_layer1 is not running anymore, exiting..
[2026-06-09 13:18:30.728] [2224] [HailoRT] [info] [queue_elements.cpp:46] [~BaseQueueElement] Queue element PushQEl3yolov8s/input_layer1 has 0 frames in his Queue on destruction
[2026-06-09 13:18:30.728] [2224] [HailoRT] [info] [core_op.cpp:186] [deactivate] Deactivating took 0.595332 ms
[2026-06-09 13:18:30.728] [2224] [HailoRT] [info] [core_op.cpp:186] [deactivate] Deactivating took 0.605531 ms
[2026-06-09 13:18:33.458] [2224] [HailoRT] [info] [core_op.cpp:156] [activate] Activating yolov8s took 0.876054 milliseconds. Note that the function is asynchronous and thus the network is not fully activated yet.
[2026-06-09 13:18:33.458] [2224] [HailoRT] [info] [core_op.cpp:156] [activate] Activating yolov8s took 0.907116 milliseconds. Note that the function is asynchronous and thus the network is not fully activated yet.
[2026-06-09 13:18:33.458] [2224] [HailoRT] [info] [edge_elements.cpp:52] [create] Created (HwWriteEl3yolov8s/input_layer1 | hw_frame_size: 1228800)
[2026-06-09 13:18:33.458] [2224] [HailoRT] [info] [queue_elements.cpp:284] [create] Created (PushQEl3yolov8s/input_layer1 | timeout: 10s)
[2026-06-09 13:18:33.458] [2224] [HailoRT] [info] [filter_elements.cpp:101] [create] Created (PreInferEl3yolov8s/input_layer1 | Reorder - src_order: NHWC, src_shape: (640, 640, 3), dst_order: NHCW, dst_shape: (640, 640, 3))
[2026-06-09 13:18:33.458] [2224] [HailoRT] [info] [vstream.cpp:754] [InputVStreamImpl] Creating yolov8s/input_layer1...
[2026-06-09 13:18:33.458] [2224] [HailoRT] [info] [vstream_builder.cpp:102] [create_inputs] Input pipeline 'yolov8s/input_layer1': (PreInferEl3yolov8s/input_layer1 | Reorder - src_order: NHWC, src_shape: (640, 640, 3), dst_order: NHCW, dst_shape: (640, 640, 3)) >> (PushQEl3yolov8s/input_layer1 | timeout: 10s) >> (HwWriteEl3yolov8s/input_layer1 | hw_frame_size: 1228800) >> HW
[2026-06-09 13:18:33.458] [2224] [HailoRT] [info] [multi_io_elements.cpp:135] [create] Created (NmsPPMuxEl0YOLOV8-Post-Process | Op YOLOV8, Name: YOLOV8-Post-Process, Score threshold: 0.200, IoU threshold: 0.70, Classes: 80, Max bboxes per class: 100, Image height: 640, Image width: 640)
[2026-06-09 13:18:33.458] [2224] [HailoRT] [info] [edge_elements.cpp:287] [create] Created (HwReadEl9yolov8s/conv41_97 | hw_frame_size: 409600)
[2026-06-09 13:18:33.459] [2224] [HailoRT] [info] [queue_elements.cpp:657] [create] Created (PullQEl_nms9yolov8s/conv41_97 | timeout: 10s)
[2026-06-09 13:18:33.459] [2224] [HailoRT] [info] [edge_elements.cpp:287] [create] Created (HwReadEl7yolov8s/conv42_97 | hw_frame_size: 512000)
[2026-06-09 13:18:33.459] [2224] [HailoRT] [info] [queue_elements.cpp:657] [create] Created (PullQEl_nms7yolov8s/conv42_97 | timeout: 10s)
[2026-06-09 13:18:33.459] [2224] [HailoRT] [info] [edge_elements.cpp:287] [create] Created (HwReadEl1yolov8s/conv52_97 | hw_frame_size: 102400)
[2026-06-09 13:18:33.459] [2224] [HailoRT] [info] [queue_elements.cpp:657] [create] Created (PullQEl_nms1yolov8s/conv52_97 | timeout: 10s)
[2026-06-09 13:18:33.459] [2224] [HailoRT] [info] [edge_elements.cpp:287] [create] Created (HwReadEl0yolov8s/conv53_97 | hw_frame_size: 128000)
[2026-06-09 13:18:33.459] [2224] [HailoRT] [info] [queue_elements.cpp:657] [create] Created (PullQEl_nms0yolov8s/conv53_97 | timeout: 10s)
[2026-06-09 13:18:33.459] [2224] [HailoRT] [info] [edge_elements.cpp:287] [create] Created (HwReadEl3yolov8s/conv62_97 | hw_frame_size: 30720)
[2026-06-09 13:18:33.459] [2224] [HailoRT] [info] [queue_elements.cpp:657] [create] Created (PullQEl_nms3yolov8s/conv62_97 | timeout: 10s)
[2026-06-09 13:18:33.459] [2224] [HailoRT] [info] [edge_elements.cpp:287] [create] Created (HwReadEl2yolov8s/conv63_97 | hw_frame_size: 38400)
[2026-06-09 13:18:33.459] [2224] [HailoRT] [info] [queue_elements.cpp:657] [create] Created (PullQEl_nms2yolov8s/conv63_97 | timeout: 10s)
[2026-06-09 13:18:33.459] [2224] [HailoRT] [info] [queue_elements.cpp:800] [create] Created (UserBufQEl_post_infer0yolov8s/yolov8_nms_postprocess | timeout: 10s)
[2026-06-09 13:18:33.459] [2224] [HailoRT] [info] [vstream.cpp:1114] [OutputVStreamImpl] Creating yolov8s/yolov8_nms_postprocess...
[2026-06-09 13:18:33.459] [2224] [HailoRT] [info] [vstream_builder.cpp:622] [create_output_post_process_nms] Output pipeline 'yolov8s/yolov8_nms_postprocess': HW >> (HwReadEl9yolov8s/conv41_97 | hw_frame_size: 409600) >> (PullQEl_nms9yolov8s/conv41_97) >> (HwReadEl7yolov8s/conv42_97 | hw_frame_size: 512000) >> (PullQEl_nms7yolov8s/conv42_97) >> (HwReadEl1yolov8s/conv52_97 | hw_frame_size: 102400) >> (PullQEl_nms1yolov8s/conv52_97) >> (HwReadEl0yolov8s/conv53_97 | hw_frame_size: 128000) >> (PullQEl_nms0yolov8s/conv53_97) >> (HwReadEl3yolov8s/conv62_97 | hw_frame_size: 30720) >> (PullQEl_nms3yolov8s/conv62_97) >> (HwReadEl2yolov8s/conv63_97 | hw_frame_size: 38400) >> (PullQEl_nms2yolov8s/conv63_97) >> (NmsPPMuxEl0YOLOV8-Post-Process | Op YOLOV8, Name: YOLOV8-Post-Process, Score threshold: 0.200, IoU threshold: 0.70, Classes: 80, Max bboxes per class: 100, Image height: 640, Image width: 640) >> (UserBufQEl_post_infer0yolov8s/yolov8_nms_postprocess | timeout: 10s)
[2026-06-09 13:18:33.459] [5885] [HailoRT] [info] [vdevice_native_stream.cpp:331] [read_impl] Failed read from stream HAILO_STREAM_ABORT(63) (device: 0001:01:00.0)
[2026-06-09 13:18:33.459] [5889] [HailoRT] [info] [vdevice_native_stream.cpp:331] [read_impl] Failed read from stream HAILO_STREAM_ABORT(63) (device: 0001:01:00.0)
[2026-06-09 13:18:33.459] [5888] [HailoRT] [info] [queue_elements.cpp:734] [run_in_thread] Shutdown event was signaled in run_pull of queue element PullQEl_nms0yolov8s/conv53_97!
[2026-06-09 13:18:33.459] [5889] [HailoRT] [info] [edge_elements.cpp:396] [run_pull] Reading from stream was aborted!
[2026-06-09 13:18:33.459] [5885] [HailoRT] [info] [edge_elements.cpp:396] [run_pull] Reading from stream was aborted!
[2026-06-09 13:18:33.459] [5887] [HailoRT] [info] [vdevice_native_stream.cpp:331] [read_impl] Failed read from stream HAILO_STREAM_ABORT(63) (device: 0001:01:00.0)
[2026-06-09 13:18:33.459] [5885] [HailoRT] [info] [queue_elements.cpp:738] [run_in_thread] run_pull of queue element PullQEl_nms9yolov8s/conv41_97 was aborted!
[2026-06-09 13:18:33.459] [5889] [HailoRT] [info] [queue_elements.cpp:738] [run_in_thread] run_pull of queue element PullQEl_nms3yolov8s/conv62_97 was aborted!
[2026-06-09 13:18:33.459] [5890] [HailoRT] [info] [queue_elements.cpp:734] [run_in_thread] Shutdown event was signaled in run_pull of queue element PullQEl_nms2yolov8s/conv63_97!
[2026-06-09 13:18:33.459] [5886] [HailoRT] [info] [vdevice_native_stream.cpp:331] [read_impl] Failed read from stream HAILO_STREAM_ABORT(63) (device: 0001:01:00.0)
[2026-06-09 13:18:33.459] [5886] [HailoRT] [info] [edge_elements.cpp:396] [run_pull] Reading from stream was aborted!
[2026-06-09 13:18:33.459] [5887] [HailoRT] [info] [edge_elements.cpp:396] [run_pull] Reading from stream was aborted!
[2026-06-09 13:18:33.459] [5886] [HailoRT] [info] [queue_elements.cpp:738] [run_in_thread] run_pull of queue element PullQEl_nms7yolov8s/conv42_97 was aborted!
[2026-06-09 13:18:33.459] [5887] [HailoRT] [info] [queue_elements.cpp:738] [run_in_thread] run_pull of queue element PullQEl_nms1yolov8s/conv52_97 was aborted!
[2026-06-09 13:18:33.459] [5891] [HailoRT] [info] [queue_elements.cpp:68] [operator()] Thread in element UserBufQEl_post_infer0yolov8s/yolov8_nms_postprocess is not running anymore, exiting..
[2026-06-09 13:18:33.459] [2224] [HailoRT] [info] [queue_elements.cpp:46] [~BaseQueueElement] Queue element UserBufQEl_post_infer0yolov8s/yolov8_nms_postprocess has 0 frames in his Queue on destruction
[2026-06-09 13:18:33.459] [5890] [HailoRT] [info] [queue_elements.cpp:68] [operator()] Thread in element PullQEl_nms2yolov8s/conv63_97 is not running anymore, exiting..
[2026-06-09 13:18:33.459] [2224] [HailoRT] [info] [queue_elements.cpp:46] [~BaseQueueElement] Queue element PullQEl_nms2yolov8s/conv63_97 has 0 frames in his Queue on destruction
[2026-06-09 13:18:33.459] [5889] [HailoRT] [info] [queue_elements.cpp:68] [operator()] Thread in element PullQEl_nms3yolov8s/conv62_97 is not running anymore, exiting..
[2026-06-09 13:18:33.459] [2224] [HailoRT] [info] [queue_elements.cpp:46] [~BaseQueueElement] Queue element PullQEl_nms3yolov8s/conv62_97 has 0 frames in his Queue on destruction
[2026-06-09 13:18:33.459] [5888] [HailoRT] [info] [queue_elements.cpp:68] [operator()] Thread in element PullQEl_nms0yolov8s/conv53_97 is not running anymore, exiting..
[2026-06-09 13:18:33.460] [2224] [HailoRT] [info] [queue_elements.cpp:46] [~BaseQueueElement] Queue element PullQEl_nms0yolov8s/conv53_97 has 0 frames in his Queue on destruction
[2026-06-09 13:18:33.460] [5887] [HailoRT] [info] [queue_elements.cpp:68] [operator()] Thread in element PullQEl_nms1yolov8s/conv52_97 is not running anymore, exiting..
[2026-06-09 13:18:33.460] [2224] [HailoRT] [info] [queue_elements.cpp:46] [~BaseQueueElement] Queue element PullQEl_nms1yolov8s/conv52_97 has 0 frames in his Queue on destruction
[2026-06-09 13:18:33.460] [5886] [HailoRT] [info] [queue_elements.cpp:68] [operator()] Thread in element PullQEl_nms7yolov8s/conv42_97 is not running anymore, exiting..
[2026-06-09 13:18:33.460] [2224] [HailoRT] [info] [queue_elements.cpp:46] [~BaseQueueElement] Queue element PullQEl_nms7yolov8s/conv42_97 has 0 frames in his Queue on destruction
[2026-06-09 13:18:33.460] [5885] [HailoRT] [info] [queue_elements.cpp:68] [operator()] Thread in element PullQEl_nms9yolov8s/conv41_97 is not running anymore, exiting..
[2026-06-09 13:18:33.460] [2224] [HailoRT] [info] [queue_elements.cpp:46] [~BaseQueueElement] Queue element PullQEl_nms9yolov8s/conv41_97 has 0 frames in his Queue on destruction
[2026-06-09 13:18:33.460] [5884] [HailoRT] [info] [queue_elements.cpp:68] [operator()] Thread in element PushQEl3yolov8s/input_layer1 is not running anymore, exiting..
[2026-06-09 13:18:33.460] [2224] [HailoRT] [info] [queue_elements.cpp:46] [~BaseQueueElement] Queue element PushQEl3yolov8s/input_layer1 has 0 frames in his Queue on destruction
[2026-06-09 13:18:33.460] [2224] [HailoRT] [info] [core_op.cpp:186] [deactivate] Deactivating took 0.592021 ms
[2026-06-09 13:18:33.460] [2224] [HailoRT] [info] [core_op.cpp:186] [deactivate] Deactivating took 0.603349 ms
[2026-06-09 13:18:36.342] [2224] [HailoRT] [info] [core_op.cpp:156] [activate] Activating yolov8s took 0.732465 milliseconds. Note that the function is asynchronous and thus the network is not fully activated yet.
[2026-06-09 13:18:36.342] [2224] [HailoRT] [info] [core_op.cpp:156] [activate] Activating yolov8s took 0.759084 milliseconds. Note that the function is asynchronous and thus the network is not fully activated yet.
[2026-06-09 13:18:36.342] [2224] [HailoRT] [info] [edge_elements.cpp:52] [create] Created (HwWriteEl3yolov8s/input_layer1 | hw_frame_size: 1228800)
[2026-06-09 13:18:36.342] [2224] [HailoRT] [info] [queue_elements.cpp:284] [create] Created (PushQEl3yolov8s/input_layer1 | timeout: 10s)
[2026-06-09 13:18:36.342] [2224] [HailoRT] [info] [filter_elements.cpp:101] [create] Created (PreInferEl3yolov8s/input_layer1 | Reorder - src_order: NHWC, src_shape: (640, 640, 3), dst_order: NHCW, dst_shape: (640, 640, 3))
[2026-06-09 13:18:36.342] [2224] [HailoRT] [info] [vstream.cpp:754] [InputVStreamImpl] Creating yolov8s/input_layer1...
[2026-06-09 13:18:36.342] [2224] [HailoRT] [info] [vstream_builder.cpp:102] [create_inputs] Input pipeline 'yolov8s/input_layer1': (PreInferEl3yolov8s/input_layer1 | Reorder - src_order: NHWC, src_shape: (640, 640, 3), dst_order: NHCW, dst_shape: (640, 640, 3)) >> (PushQEl3yolov8s/input_layer1 | timeout: 10s) >> (HwWriteEl3yolov8s/input_layer1 | hw_frame_size: 1228800) >> HW
[2026-06-09 13:18:36.342] [2224] [HailoRT] [info] [multi_io_elements.cpp:135] [create] Created (NmsPPMuxEl0YOLOV8-Post-Process | Op YOLOV8, Name: YOLOV8-Post-Process, Score threshold: 0.200, IoU threshold: 0.70, Classes: 80, Max bboxes per class: 100, Image height: 640, Image width: 640)
[2026-06-09 13:18:36.342] [2224] [HailoRT] [info] [edge_elements.cpp:287] [create] Created (HwReadEl9yolov8s/conv41_97 | hw_frame_size: 409600)
[2026-06-09 13:18:36.342] [2224] [HailoRT] [info] [queue_elements.cpp:657] [create] Created (PullQEl_nms9yolov8s/conv41_97 | timeout: 10s)
[2026-06-09 13:18:36.342] [2224] [HailoRT] [info] [edge_elements.cpp:287] [create] Created (HwReadEl7yolov8s/conv42_97 | hw_frame_size: 512000)
[2026-06-09 13:18:36.342] [2224] [HailoRT] [info] [queue_elements.cpp:657] [create] Created (PullQEl_nms7yolov8s/conv42_97 | timeout: 10s)
[2026-06-09 13:18:36.342] [2224] [HailoRT] [info] [edge_elements.cpp:287] [create] Created (HwReadEl1yolov8s/conv52_97 | hw_frame_size: 102400)
[2026-06-09 13:18:36.342] [2224] [HailoRT] [info] [queue_elements.cpp:657] [create] Created (PullQEl_nms1yolov8s/conv52_97 | timeout: 10s)
[2026-06-09 13:18:36.342] [2224] [HailoRT] [info] [edge_elements.cpp:287] [create] Created (HwReadEl0yolov8s/conv53_97 | hw_frame_size: 128000)
[2026-06-09 13:18:36.342] [2224] [HailoRT] [info] [queue_elements.cpp:657] [create] Created (PullQEl_nms0yolov8s/conv53_97 | timeout: 10s)
[2026-06-09 13:18:36.342] [2224] [HailoRT] [info] [edge_elements.cpp:287] [create] Created (HwReadEl3yolov8s/conv62_97 | hw_frame_size: 30720)
[2026-06-09 13:18:36.342] [2224] [HailoRT] [info] [queue_elements.cpp:657] [create] Created (PullQEl_nms3yolov8s/conv62_97 | timeout: 10s)
[2026-06-09 13:18:36.342] [2224] [HailoRT] [info] [edge_elements.cpp:287] [create] Created (HwReadEl2yolov8s/conv63_97 | hw_frame_size: 38400)
[2026-06-09 13:18:36.343] [2224] [HailoRT] [info] [queue_elements.cpp:657] [create] Created (PullQEl_nms2yolov8s/conv63_97 | timeout: 10s)
[2026-06-09 13:18:36.343] [2224] [HailoRT] [info] [queue_elements.cpp:800] [create] Created (UserBufQEl_post_infer0yolov8s/yolov8_nms_postprocess | timeout: 10s)
[2026-06-09 13:18:36.343] [2224] [HailoRT] [info] [vstream.cpp:1114] [OutputVStreamImpl] Creating yolov8s/yolov8_nms_postprocess...
[2026-06-09 13:18:36.343] [2224] [HailoRT] [info] [vstream_builder.cpp:622] [create_output_post_process_nms] Output pipeline 'yolov8s/yolov8_nms_postprocess': HW >> (HwReadEl9yolov8s/conv41_97 | hw_frame_size: 409600) >> (PullQEl_nms9yolov8s/conv41_97) >> (HwReadEl7yolov8s/conv42_97 | hw_frame_size: 512000) >> (PullQEl_nms7yolov8s/conv42_97) >> (HwReadEl1yolov8s/conv52_97 | hw_frame_size: 102400) >> (PullQEl_nms1yolov8s/conv52_97) >> (HwReadEl0yolov8s/conv53_97 | hw_frame_size: 128000) >> (PullQEl_nms0yolov8s/conv53_97) >> (HwReadEl3yolov8s/conv62_97 | hw_frame_size: 30720) >> (PullQEl_nms3yolov8s/conv62_97) >> (HwReadEl2yolov8s/conv63_97 | hw_frame_size: 38400) >> (PullQEl_nms2yolov8s/conv63_97) >> (NmsPPMuxEl0YOLOV8-Post-Process | Op YOLOV8, Name: YOLOV8-Post-Process, Score threshold: 0.200, IoU threshold: 0.70, Classes: 80, Max bboxes per class: 100, Image height: 640, Image width: 640) >> (UserBufQEl_post_infer0yolov8s/yolov8_nms_postprocess | timeout: 10s)
[2026-06-09 13:18:36.343] [5918] [HailoRT] [info] [vdevice_native_stream.cpp:331] [read_impl] Failed read from stream HAILO_STREAM_ABORT(63) (device: 0001:01:00.0)
[2026-06-09 13:18:36.343] [5918] [HailoRT] [info] [edge_elements.cpp:396] [run_pull] Reading from stream was aborted!
[2026-06-09 13:18:36.343] [5921] [HailoRT] [info] [queue_elements.cpp:734] [run_in_thread] Shutdown event was signaled in run_pull of queue element PullQEl_nms0yolov8s/conv53_97!
[2026-06-09 13:18:36.343] [5920] [HailoRT] [info] [vdevice_native_stream.cpp:331] [read_impl] Failed read from stream HAILO_STREAM_ABORT(63) (device: 0001:01:00.0)
[2026-06-09 13:18:36.343] [5919] [HailoRT] [info] [vdevice_native_stream.cpp:331] [read_impl] Failed read from stream HAILO_STREAM_ABORT(63) (device: 0001:01:00.0)
[2026-06-09 13:18:36.343] [5923] [HailoRT] [info] [queue_elements.cpp:734] [run_in_thread] Shutdown event was signaled in run_pull of queue element PullQEl_nms2yolov8s/conv63_97!
[2026-06-09 13:18:36.343] [5920] [HailoRT] [info] [edge_elements.cpp:396] [run_pull] Reading from stream was aborted!
[2026-06-09 13:18:36.343] [5922] [HailoRT] [info] [vdevice_native_stream.cpp:331] [read_impl] Failed read from stream HAILO_STREAM_ABORT(63) (device: 0001:01:00.0)
[2026-06-09 13:18:36.343] [5918] [HailoRT] [info] [queue_elements.cpp:738] [run_in_thread] run_pull of queue element PullQEl_nms9yolov8s/conv41_97 was aborted!
[2026-06-09 13:18:36.343] [5920] [HailoRT] [info] [queue_elements.cpp:738] [run_in_thread] run_pull of queue element PullQEl_nms1yolov8s/conv52_97 was aborted!
[2026-06-09 13:18:36.343] [5922] [HailoRT] [info] [edge_elements.cpp:396] [run_pull] Reading from stream was aborted!
[2026-06-09 13:18:36.343] [5919] [HailoRT] [info] [edge_elements.cpp:396] [run_pull] Reading from stream was aborted!
[2026-06-09 13:18:36.343] [5922] [HailoRT] [info] [queue_elements.cpp:738] [run_in_thread] run_pull of queue element PullQEl_nms3yolov8s/conv62_97 was aborted!
[2026-06-09 13:18:36.343] [5919] [HailoRT] [info] [queue_elements.cpp:738] [run_in_thread] run_pull of queue element PullQEl_nms7yolov8s/conv42_97 was aborted!
[2026-06-09 13:18:36.343] [5924] [HailoRT] [info] [queue_elements.cpp:68] [operator()] Thread in element UserBufQEl_post_infer0yolov8s/yolov8_nms_postprocess is not running anymore, exiting..
[2026-06-09 13:18:36.343] [2224] [HailoRT] [info] [queue_elements.cpp:46] [~BaseQueueElement] Queue element UserBufQEl_post_infer0yolov8s/yolov8_nms_postprocess has 0 frames in his Queue on destruction
[2026-06-09 13:18:36.343] [5923] [HailoRT] [info] [queue_elements.cpp:68] [operator()] Thread in element PullQEl_nms2yolov8s/conv63_97 is not running anymore, exiting..
[2026-06-09 13:18:36.343] [2224] [HailoRT] [info] [queue_elements.cpp:46] [~BaseQueueElement] Queue element PullQEl_nms2yolov8s/conv63_97 has 0 frames in his Queue on destruction
[2026-06-09 13:18:36.343] [5922] [HailoRT] [info] [queue_elements.cpp:68] [operator()] Thread in element PullQEl_nms3yolov8s/conv62_97 is not running anymore, exiting..
[2026-06-09 13:18:36.343] [2224] [HailoRT] [info] [queue_elements.cpp:46] [~BaseQueueElement] Queue element PullQEl_nms3yolov8s/conv62_97 has 0 frames in his Queue on destruction
[2026-06-09 13:18:36.343] [5921] [HailoRT] [info] [queue_elements.cpp:68] [operator()] Thread in element PullQEl_nms0yolov8s/conv53_97 is not running anymore, exiting..
[2026-06-09 13:18:36.343] [2224] [HailoRT] [info] [queue_elements.cpp:46] [~BaseQueueElement] Queue element PullQEl_nms0yolov8s/conv53_97 has 0 frames in his Queue on destruction
[2026-06-09 13:18:36.343] [5920] [HailoRT] [info] [queue_elements.cpp:68] [operator()] Thread in element PullQEl_nms1yolov8s/conv52_97 is not running anymore, exiting..
[2026-06-09 13:18:36.343] [2224] [HailoRT] [info] [queue_elements.cpp:46] [~BaseQueueElement] Queue element PullQEl_nms1yolov8s/conv52_97 has 0 frames in his Queue on destruction
[2026-06-09 13:18:36.343] [5919] [HailoRT] [info] [queue_elements.cpp:68] [operator()] Thread in element PullQEl_nms7yolov8s/conv42_97 is not running anymore, exiting..
[2026-06-09 13:18:36.343] [2224] [HailoRT] [info] [queue_elements.cpp:46] [~BaseQueueElement] Queue element PullQEl_nms7yolov8s/conv42_97 has 0 frames in his Queue on destruction
[2026-06-09 13:18:36.343] [5918] [HailoRT] [info] [queue_elements.cpp:68] [operator()] Thread in element PullQEl_nms9yolov8s/conv41_97 is not running anymore, exiting..
[2026-06-09 13:18:36.343] [2224] [HailoRT] [info] [queue_elements.cpp:46] [~BaseQueueElement] Queue element PullQEl_nms9yolov8s/conv41_97 has 0 frames in his Queue on destruction
[2026-06-09 13:18:36.343] [5917] [HailoRT] [info] [queue_elements.cpp:68] [operator()] Thread in element PushQEl3yolov8s/input_layer1 is not running anymore, exiting..
[2026-06-09 13:18:36.343] [2224] [HailoRT] [info] [queue_elements.cpp:46] [~BaseQueueElement] Queue element PushQEl3yolov8s/input_layer1 has 0 frames in his Queue on destruction
[2026-06-09 13:18:36.344] [2224] [HailoRT] [info] [core_op.cpp:186] [deactivate] Deactivating took 0.646667 ms
[2026-06-09 13:18:36.344] [2224] [HailoRT] [info] [core_op.cpp:186] [deactivate] Deactivating took 0.654126 ms
[2026-06-09 13:18:39.035] [2224] [HailoRT] [info] [core_op.cpp:156] [activate] Activating yolov8s took 0.752496 milliseconds. Note that the function is asynchronous and thus the network is not fully activated yet.
[2026-06-09 13:18:39.035] [2224] [HailoRT] [info] [core_op.cpp:156] [activate] Activating yolov8s took 0.780522 milliseconds. Note that the function is asynchronous and thus the network is not fully activated yet.
[2026-06-09 13:18:39.035] [2224] [HailoRT] [info] [edge_elements.cpp:52] [create] Created (HwWriteEl3yolov8s/input_layer1 | hw_frame_size: 1228800)
[2026-06-09 13:18:39.035] [2224] [HailoRT] [info] [queue_elements.cpp:284] [create] Created (PushQEl3yolov8s/input_layer1 | timeout: 10s)
[2026-06-09 13:18:39.035] [2224] [HailoRT] [info] [filter_elements.cpp:101] [create] Created (PreInferEl3yolov8s/input_layer1 | Reorder - src_order: NHWC, src_shape: (640, 640, 3), dst_order: NHCW, dst_shape: (640, 640, 3))
[2026-06-09 13:18:39.035] [2224] [HailoRT] [info] [vstream.cpp:754] [InputVStreamImpl] Creating yolov8s/input_layer1...
[2026-06-09 13:18:39.035] [2224] [HailoRT] [info] [vstream_builder.cpp:102] [create_inputs] Input pipeline 'yolov8s/input_layer1': (PreInferEl3yolov8s/input_layer1 | Reorder - src_order: NHWC, src_shape: (640, 640, 3), dst_order: NHCW, dst_shape: (640, 640, 3)) >> (PushQEl3yolov8s/input_layer1 | timeout: 10s) >> (HwWriteEl3yolov8s/input_layer1 | hw_frame_size: 1228800) >> HW
[2026-06-09 13:18:39.035] [2224] [HailoRT] [info] [multi_io_elements.cpp:135] [create] Created (NmsPPMuxEl0YOLOV8-Post-Process | Op YOLOV8, Name: YOLOV8-Post-Process, Score threshold: 0.200, IoU threshold: 0.70, Classes: 80, Max bboxes per class: 100, Image height: 640, Image width: 640)
[2026-06-09 13:18:39.035] [2224] [HailoRT] [info] [edge_elements.cpp:287] [create] Created (HwReadEl9yolov8s/conv41_97 | hw_frame_size: 409600)
[2026-06-09 13:18:39.035] [2224] [HailoRT] [info] [queue_elements.cpp:657] [create] Created (PullQEl_nms9yolov8s/conv41_97 | timeout: 10s)
[2026-06-09 13:18:39.035] [2224] [HailoRT] [info] [edge_elements.cpp:287] [create] Created (HwReadEl7yolov8s/conv42_97 | hw_frame_size: 512000)
[2026-06-09 13:18:39.035] [2224] [HailoRT] [info] [queue_elements.cpp:657] [create] Created (PullQEl_nms7yolov8s/conv42_97 | timeout: 10s)
[2026-06-09 13:18:39.035] [2224] [HailoRT] [info] [edge_elements.cpp:287] [create] Created (HwReadEl1yolov8s/conv52_97 | hw_frame_size: 102400)
[2026-06-09 13:18:39.035] [2224] [HailoRT] [info] [queue_elements.cpp:657] [create] Created (PullQEl_nms1yolov8s/conv52_97 | timeout: 10s)
[2026-06-09 13:18:39.035] [2224] [HailoRT] [info] [edge_elements.cpp:287] [create] Created (HwReadEl0yolov8s/conv53_97 | hw_frame_size: 128000)
[2026-06-09 13:18:39.035] [2224] [HailoRT] [info] [queue_elements.cpp:657] [create] Created (PullQEl_nms0yolov8s/conv53_97 | timeout: 10s)
[2026-06-09 13:18:39.035] [2224] [HailoRT] [info] [edge_elements.cpp:287] [create] Created (HwReadEl3yolov8s/conv62_97 | hw_frame_size: 30720)
[2026-06-09 13:18:39.035] [2224] [HailoRT] [info] [queue_elements.cpp:657] [create] Created (PullQEl_nms3yolov8s/conv62_97 | timeout: 10s)
[2026-06-09 13:18:39.035] [2224] [HailoRT] [info] [edge_elements.cpp:287] [create] Created (HwReadEl2yolov8s/conv63_97 | hw_frame_size: 38400)
[2026-06-09 13:18:39.035] [2224] [HailoRT] [info] [queue_elements.cpp:657] [create] Created (PullQEl_nms2yolov8s/conv63_97 | timeout: 10s)
[2026-06-09 13:18:39.036] [2224] [HailoRT] [info] [queue_elements.cpp:800] [create] Created (UserBufQEl_post_infer0yolov8s/yolov8_nms_postprocess | timeout: 10s)
[2026-06-09 13:18:39.036] [2224] [HailoRT] [info] [vstream.cpp:1114] [OutputVStreamImpl] Creating yolov8s/yolov8_nms_postprocess...
[2026-06-09 13:18:39.036] [2224] [HailoRT] [info] [vstream_builder.cpp:622] [create_output_post_process_nms] Output pipeline 'yolov8s/yolov8_nms_postprocess': HW >> (HwReadEl9yolov8s/conv41_97 | hw_frame_size: 409600) >> (PullQEl_nms9yolov8s/conv41_97) >> (HwReadEl7yolov8s/conv42_97 | hw_frame_size: 512000) >> (PullQEl_nms7yolov8s/conv42_97) >> (HwReadEl1yolov8s/conv52_97 | hw_frame_size: 102400) >> (PullQEl_nms1yolov8s/conv52_97) >> (HwReadEl0yolov8s/conv53_97 | hw_frame_size: 128000) >> (PullQEl_nms0yolov8s/conv53_97) >> (HwReadEl3yolov8s/conv62_97 | hw_frame_size: 30720) >> (PullQEl_nms3yolov8s/conv62_97) >> (HwReadEl2yolov8s/conv63_97 | hw_frame_size: 38400) >> (PullQEl_nms2yolov8s/conv63_97) >> (NmsPPMuxEl0YOLOV8-Post-Process | Op YOLOV8, Name: YOLOV8-Post-Process, Score threshold: 0.200, IoU threshold: 0.70, Classes: 80, Max bboxes per class: 100, Image height: 640, Image width: 640) >> (UserBufQEl_post_infer0yolov8s/yolov8_nms_postprocess | timeout: 10s)
[2026-06-09 13:18:39.036] [5939] [HailoRT] [info] [vdevice_native_stream.cpp:331] [read_impl] Failed read from stream HAILO_STREAM_ABORT(63) (device: 0001:01:00.0)
[2026-06-09 13:18:39.036] [5942] [HailoRT] [info] [queue_elements.cpp:734] [run_in_thread] Shutdown event was signaled in run_pull of queue element PullQEl_nms0yolov8s/conv53_97!
[2026-06-09 13:18:39.036] [5940] [HailoRT] [info] [vdevice_native_stream.cpp:331] [read_impl] Failed read from stream HAILO_STREAM_ABORT(63) (device: 0001:01:00.0)
[2026-06-09 13:18:39.036] [5940] [HailoRT] [info] [edge_elements.cpp:396] [run_pull] Reading from stream was aborted!
[2026-06-09 13:18:39.036] [5941] [HailoRT] [info] [vdevice_native_stream.cpp:331] [read_impl] Failed read from stream HAILO_STREAM_ABORT(63) (device: 0001:01:00.0)
[2026-06-09 13:18:39.036] [5943] [HailoRT] [info] [queue_elements.cpp:734] [run_in_thread] Shutdown event was signaled in run_pull of queue element PullQEl_nms3yolov8s/conv62_97!
[2026-06-09 13:18:39.036] [5941] [HailoRT] [info] [edge_elements.cpp:396] [run_pull] Reading from stream was aborted!
[2026-06-09 13:18:39.036] [5940] [HailoRT] [info] [queue_elements.cpp:738] [run_in_thread] run_pull of queue element PullQEl_nms7yolov8s/conv42_97 was aborted!
[2026-06-09 13:18:39.036] [5939] [HailoRT] [info] [edge_elements.cpp:396] [run_pull] Reading from stream was aborted!
[2026-06-09 13:18:39.036] [5941] [HailoRT] [info] [queue_elements.cpp:738] [run_in_thread] run_pull of queue element PullQEl_nms1yolov8s/conv52_97 was aborted!
[2026-06-09 13:18:39.036] [5939] [HailoRT] [info] [queue_elements.cpp:738] [run_in_thread] run_pull of queue element PullQEl_nms9yolov8s/conv41_97 was aborted!
[2026-06-09 13:18:39.036] [5944] [HailoRT] [info] [queue_elements.cpp:734] [run_in_thread] Shutdown event was signaled in run_pull of queue element PullQEl_nms2yolov8s/conv63_97!
[2026-06-09 13:18:39.036] [5945] [HailoRT] [info] [queue_elements.cpp:68] [operator()] Thread in element UserBufQEl_post_infer0yolov8s/yolov8_nms_postprocess is not running anymore, exiting..
[2026-06-09 13:18:39.036] [2224] [HailoRT] [info] [queue_elements.cpp:46] [~BaseQueueElement] Queue element UserBufQEl_post_infer0yolov8s/yolov8_nms_postprocess has 0 frames in his Queue on destruction
[2026-06-09 13:18:39.036] [5944] [HailoRT] [info] [queue_elements.cpp:68] [operator()] Thread in element PullQEl_nms2yolov8s/conv63_97 is not running anymore, exiting..
[2026-06-09 13:18:39.036] [2224] [HailoRT] [info] [queue_elements.cpp:46] [~BaseQueueElement] Queue element PullQEl_nms2yolov8s/conv63_97 has 0 frames in his Queue on destruction
[2026-06-09 13:18:39.036] [5943] [HailoRT] [info] [queue_elements.cpp:68] [operator()] Thread in element PullQEl_nms3yolov8s/conv62_97 is not running anymore, exiting..
[2026-06-09 13:18:39.036] [2224] [HailoRT] [info] [queue_elements.cpp:46] [~BaseQueueElement] Queue element PullQEl_nms3yolov8s/conv62_97 has 0 frames in his Queue on destruction
[2026-06-09 13:18:39.036] [5942] [HailoRT] [info] [queue_elements.cpp:68] [operator()] Thread in element PullQEl_nms0yolov8s/conv53_97 is not running anymore, exiting..
[2026-06-09 13:18:39.036] [2224] [HailoRT] [info] [queue_elements.cpp:46] [~BaseQueueElement] Queue element PullQEl_nms0yolov8s/conv53_97 has 0 frames in his Queue on destruction
[2026-06-09 13:18:39.036] [5941] [HailoRT] [info] [queue_elements.cpp:68] [operator()] Thread in element PullQEl_nms1yolov8s/conv52_97 is not running anymore, exiting..
[2026-06-09 13:18:39.036] [2224] [HailoRT] [info] [queue_elements.cpp:46] [~BaseQueueElement] Queue element PullQEl_nms1yolov8s/conv52_97 has 0 frames in his Queue on destruction
[2026-06-09 13:18:39.036] [5940] [HailoRT] [info] [queue_elements.cpp:68] [operator()] Thread in element PullQEl_nms7yolov8s/conv42_97 is not running anymore, exiting..
[2026-06-09 13:18:39.036] [2224] [HailoRT] [info] [queue_elements.cpp:46] [~BaseQueueElement] Queue element PullQEl_nms7yolov8s/conv42_97 has 0 frames in his Queue on destruction
[2026-06-09 13:18:39.036] [5939] [HailoRT] [info] [queue_elements.cpp:68] [operator()] Thread in element PullQEl_nms9yolov8s/conv41_97 is not running anymore, exiting..
[2026-06-09 13:18:39.036] [2224] [HailoRT] [info] [queue_elements.cpp:46] [~BaseQueueElement] Queue element PullQEl_nms9yolov8s/conv41_97 has 0 frames in his Queue on destruction
[2026-06-09 13:18:39.036] [5938] [HailoRT] [info] [queue_elements.cpp:68] [operator()] Thread in element PushQEl3yolov8s/input_layer1 is not running anymore, exiting..
[2026-06-09 13:18:39.036] [2224] [HailoRT] [info] [queue_elements.cpp:46] [~BaseQueueElement] Queue element PushQEl3yolov8s/input_layer1 has 0 frames in his Queue on destruction
[2026-06-09 13:18:39.037] [2224] [HailoRT] [info] [core_op.cpp:186] [deactivate] Deactivating took 0.654849 ms
[2026-06-09 13:18:39.037] [2224] [HailoRT] [info] [core_op.cpp:186] [deactivate] Deactivating took 0.66231 ms
[2026-06-09 13:18:41.731] [2224] [HailoRT] [info] [core_op.cpp:156] [activate] Activating yolov8s took 0.905343 milliseconds. Note that the function is asynchronous and thus the network is not fully activated yet.
[2026-06-09 13:18:41.731] [2224] [HailoRT] [info] [core_op.cpp:156] [activate] Activating yolov8s took 0.93685 milliseconds. Note that the function is asynchronous and thus the network is not fully activated yet.
[2026-06-09 13:18:41.731] [2224] [HailoRT] [info] [edge_elements.cpp:52] [create] Created (HwWriteEl3yolov8s/input_layer1 | hw_frame_size: 1228800)
[2026-06-09 13:18:41.731] [2224] [HailoRT] [info] [queue_elements.cpp:284] [create] Created (PushQEl3yolov8s/input_layer1 | timeout: 10s)
[2026-06-09 13:18:41.731] [2224] [HailoRT] [info] [filter_elements.cpp:101] [create] Created (PreInferEl3yolov8s/input_layer1 | Reorder - src_order: NHWC, src_shape: (640, 640, 3), dst_order: NHCW, dst_shape: (640, 640, 3))
[2026-06-09 13:18:41.731] [2224] [HailoRT] [info] [vstream.cpp:754] [InputVStreamImpl] Creating yolov8s/input_layer1...
[2026-06-09 13:18:41.731] [2224] [HailoRT] [info] [vstream_builder.cpp:102] [create_inputs] Input pipeline 'yolov8s/input_layer1': (PreInferEl3yolov8s/input_layer1 | Reorder - src_order: NHWC, src_shape: (640, 640, 3), dst_order: NHCW, dst_shape: (640, 640, 3)) >> (PushQEl3yolov8s/input_layer1 | timeout: 10s) >> (HwWriteEl3yolov8s/input_layer1 | hw_frame_size: 1228800) >> HW
[2026-06-09 13:18:41.731] [2224] [HailoRT] [info] [multi_io_elements.cpp:135] [create] Created (NmsPPMuxEl0YOLOV8-Post-Process | Op YOLOV8, Name: YOLOV8-Post-Process, Score threshold: 0.200, IoU threshold: 0.70, Classes: 80, Max bboxes per class: 100, Image height: 640, Image width: 640)
[2026-06-09 13:18:41.732] [2224] [HailoRT] [info] [edge_elements.cpp:287] [create] Created (HwReadEl9yolov8s/conv41_97 | hw_frame_size: 409600)
[2026-06-09 13:18:41.732] [2224] [HailoRT] [info] [queue_elements.cpp:657] [create] Created (PullQEl_nms9yolov8s/conv41_97 | timeout: 10s)
[2026-06-09 13:18:41.732] [2224] [HailoRT] [info] [edge_elements.cpp:287] [create] Created (HwReadEl7yolov8s/conv42_97 | hw_frame_size: 512000)
[2026-06-09 13:18:41.732] [2224] [HailoRT] [info] [queue_elements.cpp:657] [create] Created (PullQEl_nms7yolov8s/conv42_97 | timeout: 10s)
[2026-06-09 13:18:41.732] [2224] [HailoRT] [info] [edge_elements.cpp:287] [create] Created (HwReadEl1yolov8s/conv52_97 | hw_frame_size: 102400)
[2026-06-09 13:18:41.732] [2224] [HailoRT] [info] [queue_elements.cpp:657] [create] Created (PullQEl_nms1yolov8s/conv52_97 | timeout: 10s)
[2026-06-09 13:18:41.732] [2224] [HailoRT] [info] [edge_elements.cpp:287] [create] Created (HwReadEl0yolov8s/conv53_97 | hw_frame_size: 128000)
[2026-06-09 13:18:41.732] [2224] [HailoRT] [info] [queue_elements.cpp:657] [create] Created (PullQEl_nms0yolov8s/conv53_97 | timeout: 10s)
[2026-06-09 13:18:41.732] [2224] [HailoRT] [info] [edge_elements.cpp:287] [create] Created (HwReadEl3yolov8s/conv62_97 | hw_frame_size: 30720)
[2026-06-09 13:18:41.732] [2224] [HailoRT] [info] [queue_elements.cpp:657] [create] Created (PullQEl_nms3yolov8s/conv62_97 | timeout: 10s)
[2026-06-09 13:18:41.732] [2224] [HailoRT] [info] [edge_elements.cpp:287] [create] Created (HwReadEl2yolov8s/conv63_97 | hw_frame_size: 38400)
[2026-06-09 13:18:41.732] [2224] [HailoRT] [info] [queue_elements.cpp:657] [create] Created (PullQEl_nms2yolov8s/conv63_97 | timeout: 10s)
[2026-06-09 13:18:41.732] [2224] [HailoRT] [info] [queue_elements.cpp:800] [create] Created (UserBufQEl_post_infer0yolov8s/yolov8_nms_postprocess | timeout: 10s)
[2026-06-09 13:18:41.732] [2224] [HailoRT] [info] [vstream.cpp:1114] [OutputVStreamImpl] Creating yolov8s/yolov8_nms_postprocess...
[2026-06-09 13:18:41.732] [2224] [HailoRT] [info] [vstream_builder.cpp:622] [create_output_post_process_nms] Output pipeline 'yolov8s/yolov8_nms_postprocess': HW >> (HwReadEl9yolov8s/conv41_97 | hw_frame_size: 409600) >> (PullQEl_nms9yolov8s/conv41_97) >> (HwReadEl7yolov8s/conv42_97 | hw_frame_size: 512000) >> (PullQEl_nms7yolov8s/conv42_97) >> (HwReadEl1yolov8s/conv52_97 | hw_frame_size: 102400) >> (PullQEl_nms1yolov8s/conv52_97) >> (HwReadEl0yolov8s/conv53_97 | hw_frame_size: 128000) >> (PullQEl_nms0yolov8s/conv53_97) >> (HwReadEl3yolov8s/conv62_97 | hw_frame_size: 30720) >> (PullQEl_nms3yolov8s/conv62_97) >> (HwReadEl2yolov8s/conv63_97 | hw_frame_size: 38400) >> (PullQEl_nms2yolov8s/conv63_97) >> (NmsPPMuxEl0YOLOV8-Post-Process | Op YOLOV8, Name: YOLOV8-Post-Process, Score threshold: 0.200, IoU threshold: 0.70, Classes: 80, Max bboxes per class: 100, Image height: 640, Image width: 640) >> (UserBufQEl_post_infer0yolov8s/yolov8_nms_postprocess | timeout: 10s)
[2026-06-09 13:18:41.732] [5959] [HailoRT] [info] [vdevice_native_stream.cpp:331] [read_impl] Failed read from stream HAILO_STREAM_ABORT(63) (device: 0001:01:00.0)
[2026-06-09 13:18:41.732] [5959] [HailoRT] [info] [edge_elements.cpp:396] [run_pull] Reading from stream was aborted!
[2026-06-09 13:18:41.732] [5962] [HailoRT] [info] [queue_elements.cpp:734] [run_in_thread] Shutdown event was signaled in run_pull of queue element PullQEl_nms0yolov8s/conv53_97!
[2026-06-09 13:18:41.732] [5961] [HailoRT] [info] [vdevice_native_stream.cpp:331] [read_impl] Failed read from stream HAILO_STREAM_ABORT(63) (device: 0001:01:00.0)
[2026-06-09 13:18:41.732] [5960] [HailoRT] [info] [vdevice_native_stream.cpp:331] [read_impl] Failed read from stream HAILO_STREAM_ABORT(63) (device: 0001:01:00.0)
[2026-06-09 13:18:41.732] [5959] [HailoRT] [info] [queue_elements.cpp:738] [run_in_thread] run_pull of queue element PullQEl_nms9yolov8s/conv41_97 was aborted!
[2026-06-09 13:18:41.732] [5960] [HailoRT] [info] [edge_elements.cpp:396] [run_pull] Reading from stream was aborted!
[2026-06-09 13:18:41.732] [5964] [HailoRT] [info] [queue_elements.cpp:734] [run_in_thread] Shutdown event was signaled in run_pull of queue element PullQEl_nms2yolov8s/conv63_97!
[2026-06-09 13:18:41.732] [5961] [HailoRT] [info] [edge_elements.cpp:396] [run_pull] Reading from stream was aborted!
[2026-06-09 13:18:41.732] [5960] [HailoRT] [info] [queue_elements.cpp:738] [run_in_thread] run_pull of queue element PullQEl_nms7yolov8s/conv42_97 was aborted!
[2026-06-09 13:18:41.732] [5963] [HailoRT] [info] [queue_elements.cpp:734] [run_in_thread] Shutdown event was signaled in run_pull of queue element PullQEl_nms3yolov8s/conv62_97!
[2026-06-09 13:18:41.732] [5961] [HailoRT] [info] [queue_elements.cpp:738] [run_in_thread] run_pull of queue element PullQEl_nms1yolov8s/conv52_97 was aborted!
[2026-06-09 13:18:41.732] [5965] [HailoRT] [info] [queue_elements.cpp:68] [operator()] Thread in element UserBufQEl_post_infer0yolov8s/yolov8_nms_postprocess is not running anymore, exiting..
[2026-06-09 13:18:41.732] [2224] [HailoRT] [info] [queue_elements.cpp:46] [~BaseQueueElement] Queue element UserBufQEl_post_infer0yolov8s/yolov8_nms_postprocess has 0 frames in his Queue on destruction
[2026-06-09 13:18:41.732] [5964] [HailoRT] [info] [queue_elements.cpp:68] [operator()] Thread in element PullQEl_nms2yolov8s/conv63_97 is not running anymore, exiting..
[2026-06-09 13:18:41.732] [2224] [HailoRT] [info] [queue_elements.cpp:46] [~BaseQueueElement] Queue element PullQEl_nms2yolov8s/conv63_97 has 0 frames in his Queue on destruction
[2026-06-09 13:18:41.732] [5963] [HailoRT] [info] [queue_elements.cpp:68] [operator()] Thread in element PullQEl_nms3yolov8s/conv62_97 is not running anymore, exiting..
[2026-06-09 13:18:41.732] [2224] [HailoRT] [info] [queue_elements.cpp:46] [~BaseQueueElement] Queue element PullQEl_nms3yolov8s/conv62_97 has 0 frames in his Queue on destruction
[2026-06-09 13:18:41.732] [5962] [HailoRT] [info] [queue_elements.cpp:68] [operator()] Thread in element PullQEl_nms0yolov8s/conv53_97 is not running anymore, exiting..
[2026-06-09 13:18:41.732] [2224] [HailoRT] [info] [queue_elements.cpp:46] [~BaseQueueElement] Queue element PullQEl_nms0yolov8s/conv53_97 has 0 frames in his Queue on destruction
[2026-06-09 13:18:41.733] [5961] [HailoRT] [info] [queue_elements.cpp:68] [operator()] Thread in element PullQEl_nms1yolov8s/conv52_97 is not running anymore, exiting..
[2026-06-09 13:18:41.733] [2224] [HailoRT] [info] [queue_elements.cpp:46] [~BaseQueueElement] Queue element PullQEl_nms1yolov8s/conv52_97 has 0 frames in his Queue on destruction
[2026-06-09 13:18:41.733] [5960] [HailoRT] [info] [queue_elements.cpp:68] [operator()] Thread in element PullQEl_nms7yolov8s/conv42_97 is not running anymore, exiting..
[2026-06-09 13:18:41.733] [2224] [HailoRT] [info] [queue_elements.cpp:46] [~BaseQueueElement] Queue element PullQEl_nms7yolov8s/conv42_97 has 0 frames in his Queue on destruction
[2026-06-09 13:18:41.733] [5959] [HailoRT] [info] [queue_elements.cpp:68] [operator()] Thread in element PullQEl_nms9yolov8s/conv41_97 is not running anymore, exiting..
[2026-06-09 13:18:41.733] [2224] [HailoRT] [info] [queue_elements.cpp:46] [~BaseQueueElement] Queue element PullQEl_nms9yolov8s/conv41_97 has 0 frames in his Queue on destruction
[2026-06-09 13:18:41.733] [5958] [HailoRT] [info] [queue_elements.cpp:68] [operator()] Thread in element PushQEl3yolov8s/input_layer1 is not running anymore, exiting..
[2026-06-09 13:18:41.733] [2224] [HailoRT] [info] [queue_elements.cpp:46] [~BaseQueueElement] Queue element PushQEl3yolov8s/input_layer1 has 0 frames in his Queue on destruction
[2026-06-09 13:18:41.733] [2224] [HailoRT] [info] [core_op.cpp:186] [deactivate] Deactivating took 0.59219 ms
[2026-06-09 13:18:41.733] [2224] [HailoRT] [info] [core_op.cpp:186] [deactivate] Deactivating took 0.602038 ms
[2026-06-09 13:18:44.682] [2224] [HailoRT] [info] [core_op.cpp:156] [activate] Activating yolov8s took 0.733023 milliseconds. Note that the function is asynchronous and thus the network is not fully activated yet.
[2026-06-09 13:18:44.682] [2224] [HailoRT] [info] [core_op.cpp:156] [activate] Activating yolov8s took 0.761679 milliseconds. Note that the function is asynchronous and thus the network is not fully activated yet.
[2026-06-09 13:18:44.683] [2224] [HailoRT] [info] [edge_elements.cpp:52] [create] Created (HwWriteEl3yolov8s/input_layer1 | hw_frame_size: 1228800)
[2026-06-09 13:18:44.683] [2224] [HailoRT] [info] [queue_elements.cpp:284] [create] Created (PushQEl3yolov8s/input_layer1 | timeout: 10s)
[2026-06-09 13:18:44.683] [2224] [HailoRT] [info] [filter_elements.cpp:101] [create] Created (PreInferEl3yolov8s/input_layer1 | Reorder - src_order: NHWC, src_shape: (640, 640, 3), dst_order: NHCW, dst_shape: (640, 640, 3))
[2026-06-09 13:18:44.683] [2224] [HailoRT] [info] [vstream.cpp:754] [InputVStreamImpl] Creating yolov8s/input_layer1...
[2026-06-09 13:18:44.683] [2224] [HailoRT] [info] [vstream_builder.cpp:102] [create_inputs] Input pipeline 'yolov8s/input_layer1': (PreInferEl3yolov8s/input_layer1 | Reorder - src_order: NHWC, src_shape: (640, 640, 3), dst_order: NHCW, dst_shape: (640, 640, 3)) >> (PushQEl3yolov8s/input_layer1 | timeout: 10s) >> (HwWriteEl3yolov8s/input_layer1 | hw_frame_size: 1228800) >> HW
[2026-06-09 13:18:44.683] [2224] [HailoRT] [info] [multi_io_elements.cpp:135] [create] Created (NmsPPMuxEl0YOLOV8-Post-Process | Op YOLOV8, Name: YOLOV8-Post-Process, Score threshold: 0.200, IoU threshold: 0.70, Classes: 80, Max bboxes per class: 100, Image height: 640, Image width: 640)
[2026-06-09 13:18:44.683] [2224] [HailoRT] [info] [edge_elements.cpp:287] [create] Created (HwReadEl9yolov8s/conv41_97 | hw_frame_size: 409600)
[2026-06-09 13:18:44.683] [2224] [HailoRT] [info] [queue_elements.cpp:657] [create] Created (PullQEl_nms9yolov8s/conv41_97 | timeout: 10s)
[2026-06-09 13:18:44.683] [2224] [HailoRT] [info] [edge_elements.cpp:287] [create] Created (HwReadEl7yolov8s/conv42_97 | hw_frame_size: 512000)
[2026-06-09 13:18:44.683] [2224] [HailoRT] [info] [queue_elements.cpp:657] [create] Created (PullQEl_nms7yolov8s/conv42_97 | timeout: 10s)
[2026-06-09 13:18:44.683] [2224] [HailoRT] [info] [edge_elements.cpp:287] [create] Created (HwReadEl1yolov8s/conv52_97 | hw_frame_size: 102400)
[2026-06-09 13:18:44.683] [2224] [HailoRT] [info] [queue_elements.cpp:657] [create] Created (PullQEl_nms1yolov8s/conv52_97 | timeout: 10s)
[2026-06-09 13:18:44.683] [2224] [HailoRT] [info] [edge_elements.cpp:287] [create] Created (HwReadEl0yolov8s/conv53_97 | hw_frame_size: 128000)
[2026-06-09 13:18:44.683] [2224] [HailoRT] [info] [queue_elements.cpp:657] [create] Created (PullQEl_nms0yolov8s/conv53_97 | timeout: 10s)
[2026-06-09 13:18:44.683] [2224] [HailoRT] [info] [edge_elements.cpp:287] [create] Created (HwReadEl3yolov8s/conv62_97 | hw_frame_size: 30720)
[2026-06-09 13:18:44.683] [2224] [HailoRT] [info] [queue_elements.cpp:657] [create] Created (PullQEl_nms3yolov8s/conv62_97 | timeout: 10s)
[2026-06-09 13:18:44.683] [2224] [HailoRT] [info] [edge_elements.cpp:287] [create] Created (HwReadEl2yolov8s/conv63_97 | hw_frame_size: 38400)
[2026-06-09 13:18:44.683] [2224] [HailoRT] [info] [queue_elements.cpp:657] [create] Created (PullQEl_nms2yolov8s/conv63_97 | timeout: 10s)
[2026-06-09 13:18:44.683] [2224] [HailoRT] [info] [queue_elements.cpp:800] [create] Created (UserBufQEl_post_infer0yolov8s/yolov8_nms_postprocess | timeout: 10s)
[2026-06-09 13:18:44.683] [2224] [HailoRT] [info] [vstream.cpp:1114] [OutputVStreamImpl] Creating yolov8s/yolov8_nms_postprocess...
[2026-06-09 13:18:44.683] [2224] [HailoRT] [info] [vstream_builder.cpp:622] [create_output_post_process_nms] Output pipeline 'yolov8s/yolov8_nms_postprocess': HW >> (HwReadEl9yolov8s/conv41_97 | hw_frame_size: 409600) >> (PullQEl_nms9yolov8s/conv41_97) >> (HwReadEl7yolov8s/conv42_97 | hw_frame_size: 512000) >> (PullQEl_nms7yolov8s/conv42_97) >> (HwReadEl1yolov8s/conv52_97 | hw_frame_size: 102400) >> (PullQEl_nms1yolov8s/conv52_97) >> (HwReadEl0yolov8s/conv53_97 | hw_frame_size: 128000) >> (PullQEl_nms0yolov8s/conv53_97) >> (HwReadEl3yolov8s/conv62_97 | hw_frame_size: 30720) >> (PullQEl_nms3yolov8s/conv62_97) >> (HwReadEl2yolov8s/conv63_97 | hw_frame_size: 38400) >> (PullQEl_nms2yolov8s/conv63_97) >> (NmsPPMuxEl0YOLOV8-Post-Process | Op YOLOV8, Name: YOLOV8-Post-Process, Score threshold: 0.200, IoU threshold: 0.70, Classes: 80, Max bboxes per class: 100, Image height: 640, Image width: 640) >> (UserBufQEl_post_infer0yolov8s/yolov8_nms_postprocess | timeout: 10s)
[2026-06-09 13:18:44.683] [5985] [HailoRT] [info] [vdevice_native_stream.cpp:331] [read_impl] Failed read from stream HAILO_STREAM_ABORT(63) (device: 0001:01:00.0)
[2026-06-09 13:18:44.683] [5985] [HailoRT] [info] [edge_elements.cpp:396] [run_pull] Reading from stream was aborted!
[2026-06-09 13:18:44.683] [5984] [HailoRT] [info] [vdevice_native_stream.cpp:331] [read_impl] Failed read from stream HAILO_STREAM_ABORT(63) (device: 0001:01:00.0)
[2026-06-09 13:18:44.683] [5985] [HailoRT] [info] [queue_elements.cpp:738] [run_in_thread] run_pull of queue element PullQEl_nms7yolov8s/conv42_97 was aborted!
[2026-06-09 13:18:44.683] [5986] [HailoRT] [info] [vdevice_native_stream.cpp:331] [read_impl] Failed read from stream HAILO_STREAM_ABORT(63) (device: 0001:01:00.0)
[2026-06-09 13:18:44.683] [5986] [HailoRT] [info] [edge_elements.cpp:396] [run_pull] Reading from stream was aborted!
[2026-06-09 13:18:44.683] [5988] [HailoRT] [info] [queue_elements.cpp:734] [run_in_thread] Shutdown event was signaled in run_pull of queue element PullQEl_nms3yolov8s/conv62_97!
[2026-06-09 13:18:44.683] [5987] [HailoRT] [info] [vdevice_native_stream.cpp:331] [read_impl] Failed read from stream HAILO_STREAM_ABORT(63) (device: 0001:01:00.0)
[2026-06-09 13:18:44.683] [5984] [HailoRT] [info] [edge_elements.cpp:396] [run_pull] Reading from stream was aborted!
[2026-06-09 13:18:44.683] [5986] [HailoRT] [info] [queue_elements.cpp:738] [run_in_thread] run_pull of queue element PullQEl_nms1yolov8s/conv52_97 was aborted!
[2026-06-09 13:18:44.683] [5984] [HailoRT] [info] [queue_elements.cpp:738] [run_in_thread] run_pull of queue element PullQEl_nms9yolov8s/conv41_97 was aborted!
[2026-06-09 13:18:44.683] [5987] [HailoRT] [info] [edge_elements.cpp:396] [run_pull] Reading from stream was aborted!
[2026-06-09 13:18:44.683] [5989] [HailoRT] [info] [vdevice_native_stream.cpp:331] [read_impl] Failed read from stream HAILO_STREAM_ABORT(63) (device: 0001:01:00.0)
[2026-06-09 13:18:44.683] [5989] [HailoRT] [info] [edge_elements.cpp:396] [run_pull] Reading from stream was aborted!
[2026-06-09 13:18:44.683] [5987] [HailoRT] [info] [queue_elements.cpp:738] [run_in_thread] run_pull of queue element PullQEl_nms0yolov8s/conv53_97 was aborted!
[2026-06-09 13:18:44.683] [5989] [HailoRT] [info] [queue_elements.cpp:738] [run_in_thread] run_pull of queue element PullQEl_nms2yolov8s/conv63_97 was aborted!
[2026-06-09 13:18:44.683] [5990] [HailoRT] [info] [queue_elements.cpp:68] [operator()] Thread in element UserBufQEl_post_infer0yolov8s/yolov8_nms_postprocess is not running anymore, exiting..
[2026-06-09 13:18:44.683] [2224] [HailoRT] [info] [queue_elements.cpp:46] [~BaseQueueElement] Queue element UserBufQEl_post_infer0yolov8s/yolov8_nms_postprocess has 0 frames in his Queue on destruction
[2026-06-09 13:18:44.683] [5989] [HailoRT] [info] [queue_elements.cpp:68] [operator()] Thread in element PullQEl_nms2yolov8s/conv63_97 is not running anymore, exiting..
[2026-06-09 13:18:44.683] [2224] [HailoRT] [info] [queue_elements.cpp:46] [~BaseQueueElement] Queue element PullQEl_nms2yolov8s/conv63_97 has 0 frames in his Queue on destruction
[2026-06-09 13:18:44.683] [5988] [HailoRT] [info] [queue_elements.cpp:68] [operator()] Thread in element PullQEl_nms3yolov8s/conv62_97 is not running anymore, exiting..
[2026-06-09 13:18:44.683] [2224] [HailoRT] [info] [queue_elements.cpp:46] [~BaseQueueElement] Queue element PullQEl_nms3yolov8s/conv62_97 has 0 frames in his Queue on destruction
[2026-06-09 13:18:44.684] [5987] [HailoRT] [info] [queue_elements.cpp:68] [operator()] Thread in element PullQEl_nms0yolov8s/conv53_97 is not running anymore, exiting..
[2026-06-09 13:18:44.684] [2224] [HailoRT] [info] [queue_elements.cpp:46] [~BaseQueueElement] Queue element PullQEl_nms0yolov8s/conv53_97 has 0 frames in his Queue on destruction
[2026-06-09 13:18:44.684] [5986] [HailoRT] [info] [queue_elements.cpp:68] [operator()] Thread in element PullQEl_nms1yolov8s/conv52_97 is not running anymore, exiting..
[2026-06-09 13:18:44.684] [2224] [HailoRT] [info] [queue_elements.cpp:46] [~BaseQueueElement] Queue element PullQEl_nms1yolov8s/conv52_97 has 0 frames in his Queue on destruction
[2026-06-09 13:18:44.684] [5985] [HailoRT] [info] [queue_elements.cpp:68] [operator()] Thread in element PullQEl_nms7yolov8s/conv42_97 is not running anymore, exiting..
[2026-06-09 13:18:44.684] [2224] [HailoRT] [info] [queue_elements.cpp:46] [~BaseQueueElement] Queue element PullQEl_nms7yolov8s/conv42_97 has 0 frames in his Queue on destruction
[2026-06-09 13:18:44.684] [5984] [HailoRT] [info] [queue_elements.cpp:68] [operator()] Thread in element PullQEl_nms9yolov8s/conv41_97 is not running anymore, exiting..
[2026-06-09 13:18:44.684] [2224] [HailoRT] [info] [queue_elements.cpp:46] [~BaseQueueElement] Queue element PullQEl_nms9yolov8s/conv41_97 has 0 frames in his Queue on destruction
[2026-06-09 13:18:44.684] [5983] [HailoRT] [info] [queue_elements.cpp:68] [operator()] Thread in element PushQEl3yolov8s/input_layer1 is not running anymore, exiting..
[2026-06-09 13:18:44.684] [2224] [HailoRT] [info] [queue_elements.cpp:46] [~BaseQueueElement] Queue element PushQEl3yolov8s/input_layer1 has 0 frames in his Queue on destruction
[2026-06-09 13:18:44.684] [2224] [HailoRT] [info] [core_op.cpp:186] [deactivate] Deactivating took 0.64976 ms
[2026-06-09 13:18:44.684] [2224] [HailoRT] [info] [core_op.cpp:186] [deactivate] Deactivating took 0.656795 ms
[2026-06-09 13:18:47.494] [2224] [HailoRT] [info] [core_op.cpp:156] [activate] Activating yolov8s took 0.739657 milliseconds. Note that the function is asynchronous and thus the network is not fully activated yet.
[2026-06-09 13:18:47.494] [2224] [HailoRT] [info] [core_op.cpp:156] [activate] Activating yolov8s took 0.773387 milliseconds. Note that the function is asynchronous and thus the network is not fully activated yet.
[2026-06-09 13:18:47.495] [2224] [HailoRT] [info] [edge_elements.cpp:52] [create] Created (HwWriteEl3yolov8s/input_layer1 | hw_frame_size: 1228800)
[2026-06-09 13:18:47.495] [2224] [HailoRT] [info] [queue_elements.cpp:284] [create] Created (PushQEl3yolov8s/input_layer1 | timeout: 10s)
[2026-06-09 13:18:47.495] [2224] [HailoRT] [info] [filter_elements.cpp:101] [create] Created (PreInferEl3yolov8s/input_layer1 | Reorder - src_order: NHWC, src_shape: (640, 640, 3), dst_order: NHCW, dst_shape: (640, 640, 3))
[2026-06-09 13:18:47.495] [2224] [HailoRT] [info] [vstream.cpp:754] [InputVStreamImpl] Creating yolov8s/input_layer1...
[2026-06-09 13:18:47.495] [2224] [HailoRT] [info] [vstream_builder.cpp:102] [create_inputs] Input pipeline 'yolov8s/input_layer1': (PreInferEl3yolov8s/input_layer1 | Reorder - src_order: NHWC, src_shape: (640, 640, 3), dst_order: NHCW, dst_shape: (640, 640, 3)) >> (PushQEl3yolov8s/input_layer1 | timeout: 10s) >> (HwWriteEl3yolov8s/input_layer1 | hw_frame_size: 1228800) >> HW
[2026-06-09 13:18:47.495] [2224] [HailoRT] [info] [multi_io_elements.cpp:135] [create] Created (NmsPPMuxEl0YOLOV8-Post-Process | Op YOLOV8, Name: YOLOV8-Post-Process, Score threshold: 0.200, IoU threshold: 0.70, Classes: 80, Max bboxes per class: 100, Image height: 640, Image width: 640)
[2026-06-09 13:18:47.495] [2224] [HailoRT] [info] [edge_elements.cpp:287] [create] Created (HwReadEl9yolov8s/conv41_97 | hw_frame_size: 409600)
[2026-06-09 13:18:47.495] [2224] [HailoRT] [info] [queue_elements.cpp:657] [create] Created (PullQEl_nms9yolov8s/conv41_97 | timeout: 10s)
[2026-06-09 13:18:47.495] [2224] [HailoRT] [info] [edge_elements.cpp:287] [create] Created (HwReadEl7yolov8s/conv42_97 | hw_frame_size: 512000)
[2026-06-09 13:18:47.495] [2224] [HailoRT] [info] [queue_elements.cpp:657] [create] Created (PullQEl_nms7yolov8s/conv42_97 | timeout: 10s)
[2026-06-09 13:18:47.495] [2224] [HailoRT] [info] [edge_elements.cpp:287] [create] Created (HwReadEl1yolov8s/conv52_97 | hw_frame_size: 102400)
[2026-06-09 13:18:47.495] [2224] [HailoRT] [info] [queue_elements.cpp:657] [create] Created (PullQEl_nms1yolov8s/conv52_97 | timeout: 10s)
[2026-06-09 13:18:47.495] [2224] [HailoRT] [info] [edge_elements.cpp:287] [create] Created (HwReadEl0yolov8s/conv53_97 | hw_frame_size: 128000)
[2026-06-09 13:18:47.495] [2224] [HailoRT] [info] [queue_elements.cpp:657] [create] Created (PullQEl_nms0yolov8s/conv53_97 | timeout: 10s)
[2026-06-09 13:18:47.495] [2224] [HailoRT] [info] [edge_elements.cpp:287] [create] Created (HwReadEl3yolov8s/conv62_97 | hw_frame_size: 30720)
[2026-06-09 13:18:47.495] [2224] [HailoRT] [info] [queue_elements.cpp:657] [create] Created (PullQEl_nms3yolov8s/conv62_97 | timeout: 10s)
[2026-06-09 13:18:47.495] [2224] [HailoRT] [info] [edge_elements.cpp:287] [create] Created (HwReadEl2yolov8s/conv63_97 | hw_frame_size: 38400)
[2026-06-09 13:18:47.495] [2224] [HailoRT] [info] [queue_elements.cpp:657] [create] Created (PullQEl_nms2yolov8s/conv63_97 | timeout: 10s)
[2026-06-09 13:18:47.495] [2224] [HailoRT] [info] [queue_elements.cpp:800] [create] Created (UserBufQEl_post_infer0yolov8s/yolov8_nms_postprocess | timeout: 10s)
[2026-06-09 13:18:47.495] [2224] [HailoRT] [info] [vstream.cpp:1114] [OutputVStreamImpl] Creating yolov8s/yolov8_nms_postprocess...
[2026-06-09 13:18:47.495] [2224] [HailoRT] [info] [vstream_builder.cpp:622] [create_output_post_process_nms] Output pipeline 'yolov8s/yolov8_nms_postprocess': HW >> (HwReadEl9yolov8s/conv41_97 | hw_frame_size: 409600) >> (PullQEl_nms9yolov8s/conv41_97) >> (HwReadEl7yolov8s/conv42_97 | hw_frame_size: 512000) >> (PullQEl_nms7yolov8s/conv42_97) >> (HwReadEl1yolov8s/conv52_97 | hw_frame_size: 102400) >> (PullQEl_nms1yolov8s/conv52_97) >> (HwReadEl0yolov8s/conv53_97 | hw_frame_size: 128000) >> (PullQEl_nms0yolov8s/conv53_97) >> (HwReadEl3yolov8s/conv62_97 | hw_frame_size: 30720) >> (PullQEl_nms3yolov8s/conv62_97) >> (HwReadEl2yolov8s/conv63_97 | hw_frame_size: 38400) >> (PullQEl_nms2yolov8s/conv63_97) >> (NmsPPMuxEl0YOLOV8-Post-Process | Op YOLOV8, Name: YOLOV8-Post-Process, Score threshold: 0.200, IoU threshold: 0.70, Classes: 80, Max bboxes per class: 100, Image height: 640, Image width: 640) >> (UserBufQEl_post_infer0yolov8s/yolov8_nms_postprocess | timeout: 10s)
[2026-06-09 13:18:47.495] [6016] [HailoRT] [info] [vdevice_native_stream.cpp:331] [read_impl] Failed read from stream HAILO_STREAM_ABORT(63) (device: 0001:01:00.0)
[2026-06-09 13:18:47.495] [6015] [HailoRT] [info] [vdevice_native_stream.cpp:331] [read_impl] Failed read from stream HAILO_STREAM_ABORT(63) (device: 0001:01:00.0)
[2026-06-09 13:18:47.495] [6015] [HailoRT] [info] [edge_elements.cpp:396] [run_pull] Reading from stream was aborted!
[2026-06-09 13:18:47.495] [6019] [HailoRT] [info] [vdevice_native_stream.cpp:331] [read_impl] Failed read from stream HAILO_STREAM_ABORT(63) (device: 0001:01:00.0)
[2026-06-09 13:18:47.495] [6017] [HailoRT] [info] [vdevice_native_stream.cpp:331] [read_impl] Failed read from stream HAILO_STREAM_ABORT(63) (device: 0001:01:00.0)
[2026-06-09 13:18:47.495] [6016] [HailoRT] [info] [edge_elements.cpp:396] [run_pull] Reading from stream was aborted!
[2026-06-09 13:18:47.495] [6015] [HailoRT] [info] [queue_elements.cpp:738] [run_in_thread] run_pull of queue element PullQEl_nms9yolov8s/conv41_97 was aborted!
[2026-06-09 13:18:47.495] [6019] [HailoRT] [info] [edge_elements.cpp:396] [run_pull] Reading from stream was aborted!
[2026-06-09 13:18:47.495] [6019] [HailoRT] [info] [queue_elements.cpp:738] [run_in_thread] run_pull of queue element PullQEl_nms3yolov8s/conv62_97 was aborted!
[2026-06-09 13:18:47.495] [6017] [HailoRT] [info] [edge_elements.cpp:396] [run_pull] Reading from stream was aborted!
[2026-06-09 13:18:47.495] [6020] [HailoRT] [info] [vdevice_native_stream.cpp:331] [read_impl] Failed read from stream HAILO_STREAM_ABORT(63) (device: 0001:01:00.0)
[2026-06-09 13:18:47.495] [6017] [HailoRT] [info] [queue_elements.cpp:738] [run_in_thread] run_pull of queue element PullQEl_nms1yolov8s/conv52_97 was aborted!
[2026-06-09 13:18:47.495] [6018] [HailoRT] [info] [vdevice_native_stream.cpp:331] [read_impl] Failed read from stream HAILO_STREAM_ABORT(63) (device: 0001:01:00.0)
[2026-06-09 13:18:47.495] [6016] [HailoRT] [info] [queue_elements.cpp:738] [run_in_thread] run_pull of queue element PullQEl_nms7yolov8s/conv42_97 was aborted!
[2026-06-09 13:18:47.495] [6020] [HailoRT] [info] [edge_elements.cpp:396] [run_pull] Reading from stream was aborted!
[2026-06-09 13:18:47.495] [6018] [HailoRT] [info] [edge_elements.cpp:396] [run_pull] Reading from stream was aborted!
[2026-06-09 13:18:47.495] [6020] [HailoRT] [info] [queue_elements.cpp:738] [run_in_thread] run_pull of queue element PullQEl_nms2yolov8s/conv63_97 was aborted!
[2026-06-09 13:18:47.495] [6018] [HailoRT] [info] [queue_elements.cpp:738] [run_in_thread] run_pull of queue element PullQEl_nms0yolov8s/conv53_97 was aborted!
[2026-06-09 13:18:47.495] [6021] [HailoRT] [info] [queue_elements.cpp:68] [operator()] Thread in element UserBufQEl_post_infer0yolov8s/yolov8_nms_postprocess is not running anymore, exiting..
[2026-06-09 13:18:47.495] [2224] [HailoRT] [info] [queue_elements.cpp:46] [~BaseQueueElement] Queue element UserBufQEl_post_infer0yolov8s/yolov8_nms_postprocess has 0 frames in his Queue on destruction
[2026-06-09 13:18:47.496] [6020] [HailoRT] [info] [queue_elements.cpp:68] [operator()] Thread in element PullQEl_nms2yolov8s/conv63_97 is not running anymore, exiting..
[2026-06-09 13:18:47.496] [2224] [HailoRT] [info] [queue_elements.cpp:46] [~BaseQueueElement] Queue element PullQEl_nms2yolov8s/conv63_97 has 0 frames in his Queue on destruction
[2026-06-09 13:18:47.496] [6019] [HailoRT] [info] [queue_elements.cpp:68] [operator()] Thread in element PullQEl_nms3yolov8s/conv62_97 is not running anymore, exiting..
[2026-06-09 13:18:47.496] [2224] [HailoRT] [info] [queue_elements.cpp:46] [~BaseQueueElement] Queue element PullQEl_nms3yolov8s/conv62_97 has 0 frames in his Queue on destruction
[2026-06-09 13:18:47.496] [6018] [HailoRT] [info] [queue_elements.cpp:68] [operator()] Thread in element PullQEl_nms0yolov8s/conv53_97 is not running anymore, exiting..
[2026-06-09 13:18:47.496] [2224] [HailoRT] [info] [queue_elements.cpp:46] [~BaseQueueElement] Queue element PullQEl_nms0yolov8s/conv53_97 has 0 frames in his Queue on destruction
[2026-06-09 13:18:47.496] [6017] [HailoRT] [info] [queue_elements.cpp:68] [operator()] Thread in element PullQEl_nms1yolov8s/conv52_97 is not running anymore, exiting..
[2026-06-09 13:18:47.496] [2224] [HailoRT] [info] [queue_elements.cpp:46] [~BaseQueueElement] Queue element PullQEl_nms1yolov8s/conv52_97 has 0 frames in his Queue on destruction
[2026-06-09 13:18:47.496] [6016] [HailoRT] [info] [queue_elements.cpp:68] [operator()] Thread in element PullQEl_nms7yolov8s/conv42_97 is not running anymore, exiting..
[2026-06-09 13:18:47.496] [2224] [HailoRT] [info] [queue_elements.cpp:46] [~BaseQueueElement] Queue element PullQEl_nms7yolov8s/conv42_97 has 0 frames in his Queue on destruction
[2026-06-09 13:18:47.496] [6015] [HailoRT] [info] [queue_elements.cpp:68] [operator()] Thread in element PullQEl_nms9yolov8s/conv41_97 is not running anymore, exiting..
[2026-06-09 13:18:47.496] [2224] [HailoRT] [info] [queue_elements.cpp:46] [~BaseQueueElement] Queue element PullQEl_nms9yolov8s/conv41_97 has 0 frames in his Queue on destruction
[2026-06-09 13:18:47.496] [6014] [HailoRT] [info] [queue_elements.cpp:68] [operator()] Thread in element PushQEl3yolov8s/input_layer1 is not running anymore, exiting..
[2026-06-09 13:18:47.496] [2224] [HailoRT] [info] [queue_elements.cpp:46] [~BaseQueueElement] Queue element PushQEl3yolov8s/input_layer1 has 0 frames in his Queue on destruction
[2026-06-09 13:18:47.496] [2224] [HailoRT] [info] [core_op.cpp:186] [deactivate] Deactivating took 0.570708 ms
[2026-06-09 13:18:47.496] [2224] [HailoRT] [info] [core_op.cpp:186] [deactivate] Deactivating took 0.578668 ms
[2026-06-09 13:18:50.189] [2224] [HailoRT] [info] [core_op.cpp:156] [activate] Activating yolov8s took 0.872319 milliseconds. Note that the function is asynchronous and thus the network is not fully activated yet.
[2026-06-09 13:18:50.189] [2224] [HailoRT] [info] [core_op.cpp:156] [activate] Activating yolov8s took 0.903458 milliseconds. Note that the function is asynchronous and thus the network is not fully activated yet.
[2026-06-09 13:18:50.190] [2224] [HailoRT] [info] [edge_elements.cpp:52] [create] Created (HwWriteEl3yolov8s/input_layer1 | hw_frame_size: 1228800)
[2026-06-09 13:18:50.190] [2224] [HailoRT] [info] [queue_elements.cpp:284] [create] Created (PushQEl3yolov8s/input_layer1 | timeout: 10s)
[2026-06-09 13:18:50.190] [2224] [HailoRT] [info] [filter_elements.cpp:101] [create] Created (PreInferEl3yolov8s/input_layer1 | Reorder - src_order: NHWC, src_shape: (640, 640, 3), dst_order: NHCW, dst_shape: (640, 640, 3))
[2026-06-09 13:18:50.190] [2224] [HailoRT] [info] [vstream.cpp:754] [InputVStreamImpl] Creating yolov8s/input_layer1...
[2026-06-09 13:18:50.190] [2224] [HailoRT] [info] [vstream_builder.cpp:102] [create_inputs] Input pipeline 'yolov8s/input_layer1': (PreInferEl3yolov8s/input_layer1 | Reorder - src_order: NHWC, src_shape: (640, 640, 3), dst_order: NHCW, dst_shape: (640, 640, 3)) >> (PushQEl3yolov8s/input_layer1 | timeout: 10s) >> (HwWriteEl3yolov8s/input_layer1 | hw_frame_size: 1228800) >> HW
[2026-06-09 13:18:50.190] [2224] [HailoRT] [info] [multi_io_elements.cpp:135] [create] Created (NmsPPMuxEl0YOLOV8-Post-Process | Op YOLOV8, Name: YOLOV8-Post-Process, Score threshold: 0.200, IoU threshold: 0.70, Classes: 80, Max bboxes per class: 100, Image height: 640, Image width: 640)
[2026-06-09 13:18:50.190] [2224] [HailoRT] [info] [edge_elements.cpp:287] [create] Created (HwReadEl9yolov8s/conv41_97 | hw_frame_size: 409600)
[2026-06-09 13:18:50.190] [2224] [HailoRT] [info] [queue_elements.cpp:657] [create] Created (PullQEl_nms9yolov8s/conv41_97 | timeout: 10s)
[2026-06-09 13:18:50.190] [2224] [HailoRT] [info] [edge_elements.cpp:287] [create] Created (HwReadEl7yolov8s/conv42_97 | hw_frame_size: 512000)
[2026-06-09 13:18:50.190] [2224] [HailoRT] [info] [queue_elements.cpp:657] [create] Created (PullQEl_nms7yolov8s/conv42_97 | timeout: 10s)
[2026-06-09 13:18:50.190] [2224] [HailoRT] [info] [edge_elements.cpp:287] [create] Created (HwReadEl1yolov8s/conv52_97 | hw_frame_size: 102400)
[2026-06-09 13:18:50.190] [2224] [HailoRT] [info] [queue_elements.cpp:657] [create] Created (PullQEl_nms1yolov8s/conv52_97 | timeout: 10s)
[2026-06-09 13:18:50.190] [2224] [HailoRT] [info] [edge_elements.cpp:287] [create] Created (HwReadEl0yolov8s/conv53_97 | hw_frame_size: 128000)
[2026-06-09 13:18:50.190] [2224] [HailoRT] [info] [queue_elements.cpp:657] [create] Created (PullQEl_nms0yolov8s/conv53_97 | timeout: 10s)
[2026-06-09 13:18:50.190] [2224] [HailoRT] [info] [edge_elements.cpp:287] [create] Created (HwReadEl3yolov8s/conv62_97 | hw_frame_size: 30720)
[2026-06-09 13:18:50.190] [2224] [HailoRT] [info] [queue_elements.cpp:657] [create] Created (PullQEl_nms3yolov8s/conv62_97 | timeout: 10s)
[2026-06-09 13:18:50.190] [2224] [HailoRT] [info] [edge_elements.cpp:287] [create] Created (HwReadEl2yolov8s/conv63_97 | hw_frame_size: 38400)
[2026-06-09 13:18:50.190] [2224] [HailoRT] [info] [queue_elements.cpp:657] [create] Created (PullQEl_nms2yolov8s/conv63_97 | timeout: 10s)
[2026-06-09 13:18:50.190] [2224] [HailoRT] [info] [queue_elements.cpp:800] [create] Created (UserBufQEl_post_infer0yolov8s/yolov8_nms_postprocess | timeout: 10s)
[2026-06-09 13:18:50.190] [2224] [HailoRT] [info] [vstream.cpp:1114] [OutputVStreamImpl] Creating yolov8s/yolov8_nms_postprocess...
[2026-06-09 13:18:50.190] [2224] [HailoRT] [info] [vstream_builder.cpp:622] [create_output_post_process_nms] Output pipeline 'yolov8s/yolov8_nms_postprocess': HW >> (HwReadEl9yolov8s/conv41_97 | hw_frame_size: 409600) >> (PullQEl_nms9yolov8s/conv41_97) >> (HwReadEl7yolov8s/conv42_97 | hw_frame_size: 512000) >> (PullQEl_nms7yolov8s/conv42_97) >> (HwReadEl1yolov8s/conv52_97 | hw_frame_size: 102400) >> (PullQEl_nms1yolov8s/conv52_97) >> (HwReadEl0yolov8s/conv53_97 | hw_frame_size: 128000) >> (PullQEl_nms0yolov8s/conv53_97) >> (HwReadEl3yolov8s/conv62_97 | hw_frame_size: 30720) >> (PullQEl_nms3yolov8s/conv62_97) >> (HwReadEl2yolov8s/conv63_97 | hw_frame_size: 38400) >> (PullQEl_nms2yolov8s/conv63_97) >> (NmsPPMuxEl0YOLOV8-Post-Process | Op YOLOV8, Name: YOLOV8-Post-Process, Score threshold: 0.200, IoU threshold: 0.70, Classes: 80, Max bboxes per class: 100, Image height: 640, Image width: 640) >> (UserBufQEl_post_infer0yolov8s/yolov8_nms_postprocess | timeout: 10s)
[2026-06-09 13:18:50.191] [6037] [HailoRT] [info] [vdevice_native_stream.cpp:331] [read_impl] Failed read from stream HAILO_STREAM_ABORT(63) (device: 0001:01:00.0)
[2026-06-09 13:18:50.191] [6037] [HailoRT] [info] [edge_elements.cpp:396] [run_pull] Reading from stream was aborted!
[2026-06-09 13:18:50.191] [6039] [HailoRT] [info] [vdevice_native_stream.cpp:331] [read_impl] Failed read from stream HAILO_STREAM_ABORT(63) (device: 0001:01:00.0)
[2026-06-09 13:18:50.191] [6037] [HailoRT] [info] [queue_elements.cpp:738] [run_in_thread] run_pull of queue element PullQEl_nms9yolov8s/conv41_97 was aborted!
[2026-06-09 13:18:50.191] [6038] [HailoRT] [info] [vdevice_native_stream.cpp:331] [read_impl] Failed read from stream HAILO_STREAM_ABORT(63) (device: 0001:01:00.0)
[2026-06-09 13:18:50.191] [6038] [HailoRT] [info] [edge_elements.cpp:396] [run_pull] Reading from stream was aborted!
[2026-06-09 13:18:50.191] [6041] [HailoRT] [info] [vdevice_native_stream.cpp:331] [read_impl] Failed read from stream HAILO_STREAM_ABORT(63) (device: 0001:01:00.0)
[2026-06-09 13:18:50.191] [6041] [HailoRT] [info] [edge_elements.cpp:396] [run_pull] Reading from stream was aborted!
[2026-06-09 13:18:50.191] [6042] [HailoRT] [info] [vdevice_native_stream.cpp:331] [read_impl] Failed read from stream HAILO_STREAM_ABORT(63) (device: 0001:01:00.0)
[2026-06-09 13:18:50.191] [6038] [HailoRT] [info] [queue_elements.cpp:738] [run_in_thread] run_pull of queue element PullQEl_nms7yolov8s/conv42_97 was aborted!
[2026-06-09 13:18:50.191] [6042] [HailoRT] [info] [edge_elements.cpp:396] [run_pull] Reading from stream was aborted!
[2026-06-09 13:18:50.191] [6041] [HailoRT] [info] [queue_elements.cpp:738] [run_in_thread] run_pull of queue element PullQEl_nms3yolov8s/conv62_97 was aborted!
[2026-06-09 13:18:50.191] [6042] [HailoRT] [info] [queue_elements.cpp:738] [run_in_thread] run_pull of queue element PullQEl_nms2yolov8s/conv63_97 was aborted!
[2026-06-09 13:18:50.191] [6039] [HailoRT] [info] [edge_elements.cpp:396] [run_pull] Reading from stream was aborted!
[2026-06-09 13:18:50.191] [6039] [HailoRT] [info] [queue_elements.cpp:738] [run_in_thread] run_pull of queue element PullQEl_nms1yolov8s/conv52_97 was aborted!
[2026-06-09 13:18:50.191] [6040] [HailoRT] [info] [vdevice_native_stream.cpp:331] [read_impl] Failed read from stream HAILO_STREAM_ABORT(63) (device: 0001:01:00.0)
[2026-06-09 13:18:50.191] [6040] [HailoRT] [info] [edge_elements.cpp:396] [run_pull] Reading from stream was aborted!
[2026-06-09 13:18:50.191] [6040] [HailoRT] [info] [queue_elements.cpp:738] [run_in_thread] run_pull of queue element PullQEl_nms0yolov8s/conv53_97 was aborted!
[2026-06-09 13:18:50.191] [6043] [HailoRT] [info] [queue_elements.cpp:68] [operator()] Thread in element UserBufQEl_post_infer0yolov8s/yolov8_nms_postprocess is not running anymore, exiting..
[2026-06-09 13:18:50.191] [2224] [HailoRT] [info] [queue_elements.cpp:46] [~BaseQueueElement] Queue element UserBufQEl_post_infer0yolov8s/yolov8_nms_postprocess has 0 frames in his Queue on destruction
[2026-06-09 13:18:50.191] [6042] [HailoRT] [info] [queue_elements.cpp:68] [operator()] Thread in element PullQEl_nms2yolov8s/conv63_97 is not running anymore, exiting..
[2026-06-09 13:18:50.191] [2224] [HailoRT] [info] [queue_elements.cpp:46] [~BaseQueueElement] Queue element PullQEl_nms2yolov8s/conv63_97 has 0 frames in his Queue on destruction
[2026-06-09 13:18:50.191] [6041] [HailoRT] [info] [queue_elements.cpp:68] [operator()] Thread in element PullQEl_nms3yolov8s/conv62_97 is not running anymore, exiting..
[2026-06-09 13:18:50.191] [2224] [HailoRT] [info] [queue_elements.cpp:46] [~BaseQueueElement] Queue element PullQEl_nms3yolov8s/conv62_97 has 0 frames in his Queue on destruction
[2026-06-09 13:18:50.191] [6040] [HailoRT] [info] [queue_elements.cpp:68] [operator()] Thread in element PullQEl_nms0yolov8s/conv53_97 is not running anymore, exiting..
[2026-06-09 13:18:50.191] [2224] [HailoRT] [info] [queue_elements.cpp:46] [~BaseQueueElement] Queue element PullQEl_nms0yolov8s/conv53_97 has 0 frames in his Queue on destruction
[2026-06-09 13:18:50.191] [6039] [HailoRT] [info] [queue_elements.cpp:68] [operator()] Thread in element PullQEl_nms1yolov8s/conv52_97 is not running anymore, exiting..
[2026-06-09 13:18:50.191] [2224] [HailoRT] [info] [queue_elements.cpp:46] [~BaseQueueElement] Queue element PullQEl_nms1yolov8s/conv52_97 has 0 frames in his Queue on destruction
[2026-06-09 13:18:50.191] [6038] [HailoRT] [info] [queue_elements.cpp:68] [operator()] Thread in element PullQEl_nms7yolov8s/conv42_97 is not running anymore, exiting..
[2026-06-09 13:18:50.191] [2224] [HailoRT] [info] [queue_elements.cpp:46] [~BaseQueueElement] Queue element PullQEl_nms7yolov8s/conv42_97 has 0 frames in his Queue on destruction
[2026-06-09 13:18:50.191] [6037] [HailoRT] [info] [queue_elements.cpp:68] [operator()] Thread in element PullQEl_nms9yolov8s/conv41_97 is not running anymore, exiting..
[2026-06-09 13:18:50.191] [2224] [HailoRT] [info] [queue_elements.cpp:46] [~BaseQueueElement] Queue element PullQEl_nms9yolov8s/conv41_97 has 0 frames in his Queue on destruction
[2026-06-09 13:18:50.191] [6036] [HailoRT] [info] [queue_elements.cpp:68] [operator()] Thread in element PushQEl3yolov8s/input_layer1 is not running anymore, exiting..
[2026-06-09 13:18:50.191] [2224] [HailoRT] [info] [queue_elements.cpp:46] [~BaseQueueElement] Queue element PushQEl3yolov8s/input_layer1 has 0 frames in his Queue on destruction
[2026-06-09 13:18:50.192] [2224] [HailoRT] [info] [core_op.cpp:186] [deactivate] Deactivating took 0.595765 ms
[2026-06-09 13:18:50.192] [2224] [HailoRT] [info] [core_op.cpp:186] [deactivate] Deactivating took 0.605632 ms
[2026-06-09 13:18:53.076] [2224] [HailoRT] [info] [core_op.cpp:156] [activate] Activating yolov8s took 0.733093 milliseconds. Note that the function is asynchronous and thus the network is not fully activated yet.
[2026-06-09 13:18:53.076] [2224] [HailoRT] [info] [core_op.cpp:156] [activate] Activating yolov8s took 0.761777 milliseconds. Note that the function is asynchronous and thus the network is not fully activated yet.
[2026-06-09 13:18:53.076] [2224] [HailoRT] [info] [edge_elements.cpp:52] [create] Created (HwWriteEl3yolov8s/input_layer1 | hw_frame_size: 1228800)
[2026-06-09 13:18:53.076] [2224] [HailoRT] [info] [queue_elements.cpp:284] [create] Created (PushQEl3yolov8s/input_layer1 | timeout: 10s)
[2026-06-09 13:18:53.076] [2224] [HailoRT] [info] [filter_elements.cpp:101] [create] Created (PreInferEl3yolov8s/input_layer1 | Reorder - src_order: NHWC, src_shape: (640, 640, 3), dst_order: NHCW, dst_shape: (640, 640, 3))
[2026-06-09 13:18:53.076] [2224] [HailoRT] [info] [vstream.cpp:754] [InputVStreamImpl] Creating yolov8s/input_layer1...
[2026-06-09 13:18:53.076] [2224] [HailoRT] [info] [vstream_builder.cpp:102] [create_inputs] Input pipeline 'yolov8s/input_layer1': (PreInferEl3yolov8s/input_layer1 | Reorder - src_order: NHWC, src_shape: (640, 640, 3), dst_order: NHCW, dst_shape: (640, 640, 3)) >> (PushQEl3yolov8s/input_layer1 | timeout: 10s) >> (HwWriteEl3yolov8s/input_layer1 | hw_frame_size: 1228800) >> HW
[2026-06-09 13:18:53.076] [2224] [HailoRT] [info] [multi_io_elements.cpp:135] [create] Created (NmsPPMuxEl0YOLOV8-Post-Process | Op YOLOV8, Name: YOLOV8-Post-Process, Score threshold: 0.200, IoU threshold: 0.70, Classes: 80, Max bboxes per class: 100, Image height: 640, Image width: 640)
[2026-06-09 13:18:53.076] [2224] [HailoRT] [info] [edge_elements.cpp:287] [create] Created (HwReadEl9yolov8s/conv41_97 | hw_frame_size: 409600)
[2026-06-09 13:18:53.076] [2224] [HailoRT] [info] [queue_elements.cpp:657] [create] Created (PullQEl_nms9yolov8s/conv41_97 | timeout: 10s)
[2026-06-09 13:18:53.076] [2224] [HailoRT] [info] [edge_elements.cpp:287] [create] Created (HwReadEl7yolov8s/conv42_97 | hw_frame_size: 512000)
[2026-06-09 13:18:53.077] [2224] [HailoRT] [info] [queue_elements.cpp:657] [create] Created (PullQEl_nms7yolov8s/conv42_97 | timeout: 10s)
[2026-06-09 13:18:53.077] [2224] [HailoRT] [info] [edge_elements.cpp:287] [create] Created (HwReadEl1yolov8s/conv52_97 | hw_frame_size: 102400)
[2026-06-09 13:18:53.077] [2224] [HailoRT] [info] [queue_elements.cpp:657] [create] Created (PullQEl_nms1yolov8s/conv52_97 | timeout: 10s)
[2026-06-09 13:18:53.077] [2224] [HailoRT] [info] [edge_elements.cpp:287] [create] Created (HwReadEl0yolov8s/conv53_97 | hw_frame_size: 128000)
[2026-06-09 13:18:53.077] [2224] [HailoRT] [info] [queue_elements.cpp:657] [create] Created (PullQEl_nms0yolov8s/conv53_97 | timeout: 10s)
[2026-06-09 13:18:53.077] [2224] [HailoRT] [info] [edge_elements.cpp:287] [create] Created (HwReadEl3yolov8s/conv62_97 | hw_frame_size: 30720)
[2026-06-09 13:18:53.077] [2224] [HailoRT] [info] [queue_elements.cpp:657] [create] Created (PullQEl_nms3yolov8s/conv62_97 | timeout: 10s)
[2026-06-09 13:18:53.077] [2224] [HailoRT] [info] [edge_elements.cpp:287] [create] Created (HwReadEl2yolov8s/conv63_97 | hw_frame_size: 38400)
[2026-06-09 13:18:53.077] [2224] [HailoRT] [info] [queue_elements.cpp:657] [create] Created (PullQEl_nms2yolov8s/conv63_97 | timeout: 10s)
[2026-06-09 13:18:53.077] [2224] [HailoRT] [info] [queue_elements.cpp:800] [create] Created (UserBufQEl_post_infer0yolov8s/yolov8_nms_postprocess | timeout: 10s)
[2026-06-09 13:18:53.077] [2224] [HailoRT] [info] [vstream.cpp:1114] [OutputVStreamImpl] Creating yolov8s/yolov8_nms_postprocess...
[2026-06-09 13:18:53.077] [2224] [HailoRT] [info] [vstream_builder.cpp:622] [create_output_post_process_nms] Output pipeline 'yolov8s/yolov8_nms_postprocess': HW >> (HwReadEl9yolov8s/conv41_97 | hw_frame_size: 409600) >> (PullQEl_nms9yolov8s/conv41_97) >> (HwReadEl7yolov8s/conv42_97 | hw_frame_size: 512000) >> (PullQEl_nms7yolov8s/conv42_97) >> (HwReadEl1yolov8s/conv52_97 | hw_frame_size: 102400) >> (PullQEl_nms1yolov8s/conv52_97) >> (HwReadEl0yolov8s/conv53_97 | hw_frame_size: 128000) >> (PullQEl_nms0yolov8s/conv53_97) >> (HwReadEl3yolov8s/conv62_97 | hw_frame_size: 30720) >> (PullQEl_nms3yolov8s/conv62_97) >> (HwReadEl2yolov8s/conv63_97 | hw_frame_size: 38400) >> (PullQEl_nms2yolov8s/conv63_97) >> (NmsPPMuxEl0YOLOV8-Post-Process | Op YOLOV8, Name: YOLOV8-Post-Process, Score threshold: 0.200, IoU threshold: 0.70, Classes: 80, Max bboxes per class: 100, Image height: 640, Image width: 640) >> (UserBufQEl_post_infer0yolov8s/yolov8_nms_postprocess | timeout: 10s)
[2026-06-09 13:18:53.077] [6062] [HailoRT] [info] [vdevice_native_stream.cpp:331] [read_impl] Failed read from stream HAILO_STREAM_ABORT(63) (device: 0001:01:00.0)
[2026-06-09 13:18:53.077] [6062] [HailoRT] [info] [edge_elements.cpp:396] [run_pull] Reading from stream was aborted!
[2026-06-09 13:18:53.077] [6066] [HailoRT] [info] [vdevice_native_stream.cpp:331] [read_impl] Failed read from stream HAILO_STREAM_ABORT(63) (device: 0001:01:00.0)
[2026-06-09 13:18:53.077] [6062] [HailoRT] [info] [queue_elements.cpp:738] [run_in_thread] run_pull of queue element PullQEl_nms7yolov8s/conv42_97 was aborted!
[2026-06-09 13:18:53.077] [6063] [HailoRT] [info] [vdevice_native_stream.cpp:331] [read_impl] Failed read from stream HAILO_STREAM_ABORT(63) (device: 0001:01:00.0)
[2026-06-09 13:18:53.077] [6063] [HailoRT] [info] [edge_elements.cpp:396] [run_pull] Reading from stream was aborted!
[2026-06-09 13:18:53.077] [6065] [HailoRT] [info] [queue_elements.cpp:734] [run_in_thread] Shutdown event was signaled in run_pull of queue element PullQEl_nms3yolov8s/conv62_97!
[2026-06-09 13:18:53.077] [6063] [HailoRT] [info] [queue_elements.cpp:738] [run_in_thread] run_pull of queue element PullQEl_nms1yolov8s/conv52_97 was aborted!
[2026-06-09 13:18:53.077] [6066] [HailoRT] [info] [edge_elements.cpp:396] [run_pull] Reading from stream was aborted!
[2026-06-09 13:18:53.077] [6061] [HailoRT] [info] [vdevice_native_stream.cpp:331] [read_impl] Failed read from stream HAILO_STREAM_ABORT(63) (device: 0001:01:00.0)
[2026-06-09 13:18:53.077] [6064] [HailoRT] [info] [vdevice_native_stream.cpp:331] [read_impl] Failed read from stream HAILO_STREAM_ABORT(63) (device: 0001:01:00.0)
[2026-06-09 13:18:53.077] [6061] [HailoRT] [info] [edge_elements.cpp:396] [run_pull] Reading from stream was aborted!
[2026-06-09 13:18:53.077] [6064] [HailoRT] [info] [edge_elements.cpp:396] [run_pull] Reading from stream was aborted!
[2026-06-09 13:18:53.077] [6066] [HailoRT] [info] [queue_elements.cpp:738] [run_in_thread] run_pull of queue element PullQEl_nms2yolov8s/conv63_97 was aborted!
[2026-06-09 13:18:53.077] [6061] [HailoRT] [info] [queue_elements.cpp:738] [run_in_thread] run_pull of queue element PullQEl_nms9yolov8s/conv41_97 was aborted!
[2026-06-09 13:18:53.077] [6064] [HailoRT] [info] [queue_elements.cpp:738] [run_in_thread] run_pull of queue element PullQEl_nms0yolov8s/conv53_97 was aborted!
[2026-06-09 13:18:53.077] [6067] [HailoRT] [info] [queue_elements.cpp:68] [operator()] Thread in element UserBufQEl_post_infer0yolov8s/yolov8_nms_postprocess is not running anymore, exiting..
[2026-06-09 13:18:53.077] [2224] [HailoRT] [info] [queue_elements.cpp:46] [~BaseQueueElement] Queue element UserBufQEl_post_infer0yolov8s/yolov8_nms_postprocess has 0 frames in his Queue on destruction
[2026-06-09 13:18:53.077] [6066] [HailoRT] [info] [queue_elements.cpp:68] [operator()] Thread in element PullQEl_nms2yolov8s/conv63_97 is not running anymore, exiting..
[2026-06-09 13:18:53.077] [2224] [HailoRT] [info] [queue_elements.cpp:46] [~BaseQueueElement] Queue element PullQEl_nms2yolov8s/conv63_97 has 0 frames in his Queue on destruction
[2026-06-09 13:18:53.077] [6065] [HailoRT] [info] [queue_elements.cpp:68] [operator()] Thread in element PullQEl_nms3yolov8s/conv62_97 is not running anymore, exiting..
[2026-06-09 13:18:53.077] [2224] [HailoRT] [info] [queue_elements.cpp:46] [~BaseQueueElement] Queue element PullQEl_nms3yolov8s/conv62_97 has 0 frames in his Queue on destruction
[2026-06-09 13:18:53.077] [6064] [HailoRT] [info] [queue_elements.cpp:68] [operator()] Thread in element PullQEl_nms0yolov8s/conv53_97 is not running anymore, exiting..
[2026-06-09 13:18:53.077] [2224] [HailoRT] [info] [queue_elements.cpp:46] [~BaseQueueElement] Queue element PullQEl_nms0yolov8s/conv53_97 has 0 frames in his Queue on destruction
[2026-06-09 13:18:53.077] [6063] [HailoRT] [info] [queue_elements.cpp:68] [operator()] Thread in element PullQEl_nms1yolov8s/conv52_97 is not running anymore, exiting..
[2026-06-09 13:18:53.077] [2224] [HailoRT] [info] [queue_elements.cpp:46] [~BaseQueueElement] Queue element PullQEl_nms1yolov8s/conv52_97 has 0 frames in his Queue on destruction
[2026-06-09 13:18:53.077] [6062] [HailoRT] [info] [queue_elements.cpp:68] [operator()] Thread in element PullQEl_nms7yolov8s/conv42_97 is not running anymore, exiting..
[2026-06-09 13:18:53.077] [2224] [HailoRT] [info] [queue_elements.cpp:46] [~BaseQueueElement] Queue element PullQEl_nms7yolov8s/conv42_97 has 0 frames in his Queue on destruction
[2026-06-09 13:18:53.077] [6061] [HailoRT] [info] [queue_elements.cpp:68] [operator()] Thread in element PullQEl_nms9yolov8s/conv41_97 is not running anymore, exiting..
[2026-06-09 13:18:53.077] [2224] [HailoRT] [info] [queue_elements.cpp:46] [~BaseQueueElement] Queue element PullQEl_nms9yolov8s/conv41_97 has 0 frames in his Queue on destruction
[2026-06-09 13:18:53.077] [6060] [HailoRT] [info] [queue_elements.cpp:68] [operator()] Thread in element PushQEl3yolov8s/input_layer1 is not running anymore, exiting..
[2026-06-09 13:18:53.077] [2224] [HailoRT] [info] [queue_elements.cpp:46] [~BaseQueueElement] Queue element PushQEl3yolov8s/input_layer1 has 0 frames in his Queue on destruction
[2026-06-09 13:18:53.078] [2224] [HailoRT] [info] [core_op.cpp:186] [deactivate] Deactivating took 0.64504 ms
[2026-06-09 13:18:53.078] [2224] [HailoRT] [info] [core_op.cpp:186] [deactivate] Deactivating took 0.652494 ms
[2026-06-09 13:18:55.771] [2224] [HailoRT] [info] [core_op.cpp:156] [activate] Activating yolov8s took 0.741146 milliseconds. Note that the function is asynchronous and thus the network is not fully activated yet.
[2026-06-09 13:18:55.771] [2224] [HailoRT] [info] [core_op.cpp:156] [activate] Activating yolov8s took 0.766711 milliseconds. Note that the function is asynchronous and thus the network is not fully activated yet.
[2026-06-09 13:18:55.771] [2224] [HailoRT] [info] [edge_elements.cpp:52] [create] Created (HwWriteEl3yolov8s/input_layer1 | hw_frame_size: 1228800)
[2026-06-09 13:18:55.771] [2224] [HailoRT] [info] [queue_elements.cpp:284] [create] Created (PushQEl3yolov8s/input_layer1 | timeout: 10s)
[2026-06-09 13:18:55.771] [2224] [HailoRT] [info] [filter_elements.cpp:101] [create] Created (PreInferEl3yolov8s/input_layer1 | Reorder - src_order: NHWC, src_shape: (640, 640, 3), dst_order: NHCW, dst_shape: (640, 640, 3))
[2026-06-09 13:18:55.771] [2224] [HailoRT] [info] [vstream.cpp:754] [InputVStreamImpl] Creating yolov8s/input_layer1...
[2026-06-09 13:18:55.771] [2224] [HailoRT] [info] [vstream_builder.cpp:102] [create_inputs] Input pipeline 'yolov8s/input_layer1': (PreInferEl3yolov8s/input_layer1 | Reorder - src_order: NHWC, src_shape: (640, 640, 3), dst_order: NHCW, dst_shape: (640, 640, 3)) >> (PushQEl3yolov8s/input_layer1 | timeout: 10s) >> (HwWriteEl3yolov8s/input_layer1 | hw_frame_size: 1228800) >> HW
[2026-06-09 13:18:55.771] [2224] [HailoRT] [info] [multi_io_elements.cpp:135] [create] Created (NmsPPMuxEl0YOLOV8-Post-Process | Op YOLOV8, Name: YOLOV8-Post-Process, Score threshold: 0.200, IoU threshold: 0.70, Classes: 80, Max bboxes per class: 100, Image height: 640, Image width: 640)
[2026-06-09 13:18:55.771] [2224] [HailoRT] [info] [edge_elements.cpp:287] [create] Created (HwReadEl9yolov8s/conv41_97 | hw_frame_size: 409600)
[2026-06-09 13:18:55.771] [2224] [HailoRT] [info] [queue_elements.cpp:657] [create] Created (PullQEl_nms9yolov8s/conv41_97 | timeout: 10s)
[2026-06-09 13:18:55.771] [2224] [HailoRT] [info] [edge_elements.cpp:287] [create] Created (HwReadEl7yolov8s/conv42_97 | hw_frame_size: 512000)
[2026-06-09 13:18:55.771] [2224] [HailoRT] [info] [queue_elements.cpp:657] [create] Created (PullQEl_nms7yolov8s/conv42_97 | timeout: 10s)
[2026-06-09 13:18:55.771] [2224] [HailoRT] [info] [edge_elements.cpp:287] [create] Created (HwReadEl1yolov8s/conv52_97 | hw_frame_size: 102400)
[2026-06-09 13:18:55.771] [2224] [HailoRT] [info] [queue_elements.cpp:657] [create] Created (PullQEl_nms1yolov8s/conv52_97 | timeout: 10s)
[2026-06-09 13:18:55.771] [2224] [HailoRT] [info] [edge_elements.cpp:287] [create] Created (HwReadEl0yolov8s/conv53_97 | hw_frame_size: 128000)
[2026-06-09 13:18:55.771] [2224] [HailoRT] [info] [queue_elements.cpp:657] [create] Created (PullQEl_nms0yolov8s/conv53_97 | timeout: 10s)
[2026-06-09 13:18:55.771] [2224] [HailoRT] [info] [edge_elements.cpp:287] [create] Created (HwReadEl3yolov8s/conv62_97 | hw_frame_size: 30720)
[2026-06-09 13:18:55.771] [2224] [HailoRT] [info] [queue_elements.cpp:657] [create] Created (PullQEl_nms3yolov8s/conv62_97 | timeout: 10s)
[2026-06-09 13:18:55.771] [2224] [HailoRT] [info] [edge_elements.cpp:287] [create] Created (HwReadEl2yolov8s/conv63_97 | hw_frame_size: 38400)
[2026-06-09 13:18:55.771] [2224] [HailoRT] [info] [queue_elements.cpp:657] [create] Created (PullQEl_nms2yolov8s/conv63_97 | timeout: 10s)
[2026-06-09 13:18:55.771] [2224] [HailoRT] [info] [queue_elements.cpp:800] [create] Created (UserBufQEl_post_infer0yolov8s/yolov8_nms_postprocess | timeout: 10s)
[2026-06-09 13:18:55.771] [2224] [HailoRT] [info] [vstream.cpp:1114] [OutputVStreamImpl] Creating yolov8s/yolov8_nms_postprocess...
[2026-06-09 13:18:55.771] [2224] [HailoRT] [info] [vstream_builder.cpp:622] [create_output_post_process_nms] Output pipeline 'yolov8s/yolov8_nms_postprocess': HW >> (HwReadEl9yolov8s/conv41_97 | hw_frame_size: 409600) >> (PullQEl_nms9yolov8s/conv41_97) >> (HwReadEl7yolov8s/conv42_97 | hw_frame_size: 512000) >> (PullQEl_nms7yolov8s/conv42_97) >> (HwReadEl1yolov8s/conv52_97 | hw_frame_size: 102400) >> (PullQEl_nms1yolov8s/conv52_97) >> (HwReadEl0yolov8s/conv53_97 | hw_frame_size: 128000) >> (PullQEl_nms0yolov8s/conv53_97) >> (HwReadEl3yolov8s/conv62_97 | hw_frame_size: 30720) >> (PullQEl_nms3yolov8s/conv62_97) >> (HwReadEl2yolov8s/conv63_97 | hw_frame_size: 38400) >> (PullQEl_nms2yolov8s/conv63_97) >> (NmsPPMuxEl0YOLOV8-Post-Process | Op YOLOV8, Name: YOLOV8-Post-Process, Score threshold: 0.200, IoU threshold: 0.70, Classes: 80, Max bboxes per class: 100, Image height: 640, Image width: 640) >> (UserBufQEl_post_infer0yolov8s/yolov8_nms_postprocess | timeout: 10s)
[2026-06-09 13:18:55.771] [6082] [HailoRT] [info] [vdevice_native_stream.cpp:331] [read_impl] Failed read from stream HAILO_STREAM_ABORT(63) (device: 0001:01:00.0)
[2026-06-09 13:18:55.771] [6087] [HailoRT] [info] [vdevice_native_stream.cpp:331] [read_impl] Failed read from stream HAILO_STREAM_ABORT(63) (device: 0001:01:00.0)
[2026-06-09 13:18:55.771] [6087] [HailoRT] [info] [edge_elements.cpp:396] [run_pull] Reading from stream was aborted!
[2026-06-09 13:18:55.771] [6084] [HailoRT] [info] [vdevice_native_stream.cpp:331] [read_impl] Failed read from stream HAILO_STREAM_ABORT(63) (device: 0001:01:00.0)
[2026-06-09 13:18:55.771] [6082] [HailoRT] [info] [edge_elements.cpp:396] [run_pull] Reading from stream was aborted!
[2026-06-09 13:18:55.771] [6086] [HailoRT] [info] [queue_elements.cpp:734] [run_in_thread] Shutdown event was signaled in run_pull of queue element PullQEl_nms3yolov8s/conv62_97!
[2026-06-09 13:18:55.771] [6087] [HailoRT] [info] [queue_elements.cpp:738] [run_in_thread] run_pull of queue element PullQEl_nms2yolov8s/conv63_97 was aborted!
[2026-06-09 13:18:55.771] [6084] [HailoRT] [info] [edge_elements.cpp:396] [run_pull] Reading from stream was aborted!
[2026-06-09 13:18:55.771] [6085] [HailoRT] [info] [queue_elements.cpp:734] [run_in_thread] Shutdown event was signaled in run_pull of queue element PullQEl_nms0yolov8s/conv53_97!
[2026-06-09 13:18:55.771] [6083] [HailoRT] [info] [vdevice_native_stream.cpp:331] [read_impl] Failed read from stream HAILO_STREAM_ABORT(63) (device: 0001:01:00.0)
[2026-06-09 13:18:55.771] [6083] [HailoRT] [info] [edge_elements.cpp:396] [run_pull] Reading from stream was aborted!
[2026-06-09 13:18:55.771] [6082] [HailoRT] [info] [queue_elements.cpp:738] [run_in_thread] run_pull of queue element PullQEl_nms9yolov8s/conv41_97 was aborted!
[2026-06-09 13:18:55.771] [6084] [HailoRT] [info] [queue_elements.cpp:738] [run_in_thread] run_pull of queue element PullQEl_nms1yolov8s/conv52_97 was aborted!
[2026-06-09 13:18:55.771] [6083] [HailoRT] [info] [queue_elements.cpp:738] [run_in_thread] run_pull of queue element PullQEl_nms7yolov8s/conv42_97 was aborted!
[2026-06-09 13:18:55.772] [6088] [HailoRT] [info] [queue_elements.cpp:68] [operator()] Thread in element UserBufQEl_post_infer0yolov8s/yolov8_nms_postprocess is not running anymore, exiting..
[2026-06-09 13:18:55.772] [2224] [HailoRT] [info] [queue_elements.cpp:46] [~BaseQueueElement] Queue element UserBufQEl_post_infer0yolov8s/yolov8_nms_postprocess has 0 frames in his Queue on destruction
[2026-06-09 13:18:55.772] [6087] [HailoRT] [info] [queue_elements.cpp:68] [operator()] Thread in element PullQEl_nms2yolov8s/conv63_97 is not running anymore, exiting..
[2026-06-09 13:18:55.772] [2224] [HailoRT] [info] [queue_elements.cpp:46] [~BaseQueueElement] Queue element PullQEl_nms2yolov8s/conv63_97 has 0 frames in his Queue on destruction
[2026-06-09 13:18:55.772] [6086] [HailoRT] [info] [queue_elements.cpp:68] [operator()] Thread in element PullQEl_nms3yolov8s/conv62_97 is not running anymore, exiting..
[2026-06-09 13:18:55.772] [2224] [HailoRT] [info] [queue_elements.cpp:46] [~BaseQueueElement] Queue element PullQEl_nms3yolov8s/conv62_97 has 0 frames in his Queue on destruction
[2026-06-09 13:18:55.772] [6085] [HailoRT] [info] [queue_elements.cpp:68] [operator()] Thread in element PullQEl_nms0yolov8s/conv53_97 is not running anymore, exiting..
[2026-06-09 13:18:55.772] [2224] [HailoRT] [info] [queue_elements.cpp:46] [~BaseQueueElement] Queue element PullQEl_nms0yolov8s/conv53_97 has 0 frames in his Queue on destruction
[2026-06-09 13:18:55.772] [6084] [HailoRT] [info] [queue_elements.cpp:68] [operator()] Thread in element PullQEl_nms1yolov8s/conv52_97 is not running anymore, exiting..
[2026-06-09 13:18:55.772] [2224] [HailoRT] [info] [queue_elements.cpp:46] [~BaseQueueElement] Queue element PullQEl_nms1yolov8s/conv52_97 has 0 frames in his Queue on destruction
[2026-06-09 13:18:55.772] [6083] [HailoRT] [info] [queue_elements.cpp:68] [operator()] Thread in element PullQEl_nms7yolov8s/conv42_97 is not running anymore, exiting..
[2026-06-09 13:18:55.772] [2224] [HailoRT] [info] [queue_elements.cpp:46] [~BaseQueueElement] Queue element PullQEl_nms7yolov8s/conv42_97 has 0 frames in his Queue on destruction
[2026-06-09 13:18:55.772] [6082] [HailoRT] [info] [queue_elements.cpp:68] [operator()] Thread in element PullQEl_nms9yolov8s/conv41_97 is not running anymore, exiting..
[2026-06-09 13:18:55.772] [2224] [HailoRT] [info] [queue_elements.cpp:46] [~BaseQueueElement] Queue element PullQEl_nms9yolov8s/conv41_97 has 0 frames in his Queue on destruction
[2026-06-09 13:18:55.772] [6081] [HailoRT] [info] [queue_elements.cpp:68] [operator()] Thread in element PushQEl3yolov8s/input_layer1 is not running anymore, exiting..
[2026-06-09 13:18:55.772] [2224] [HailoRT] [info] [queue_elements.cpp:46] [~BaseQueueElement] Queue element PushQEl3yolov8s/input_layer1 has 0 frames in his Queue on destruction
[2026-06-09 13:18:55.772] [2224] [HailoRT] [info] [core_op.cpp:186] [deactivate] Deactivating took 0.655091 ms
[2026-06-09 13:18:55.772] [2224] [HailoRT] [info] [core_op.cpp:186] [deactivate] Deactivating took 0.663433 ms
[2026-06-09 13:18:58.658] [2224] [HailoRT] [info] [core_op.cpp:156] [activate] Activating yolov8s took 0.737096 milliseconds. Note that the function is asynchronous and thus the network is not fully activated yet.
[2026-06-09 13:18:58.658] [2224] [HailoRT] [info] [core_op.cpp:156] [activate] Activating yolov8s took 0.765954 milliseconds. Note that the function is asynchronous and thus the network is not fully activated yet.
[2026-06-09 13:18:58.658] [2224] [HailoRT] [info] [edge_elements.cpp:52] [create] Created (HwWriteEl3yolov8s/input_layer1 | hw_frame_size: 1228800)
[2026-06-09 13:18:58.658] [2224] [HailoRT] [info] [queue_elements.cpp:284] [create] Created (PushQEl3yolov8s/input_layer1 | timeout: 10s)
[2026-06-09 13:18:58.658] [2224] [HailoRT] [info] [filter_elements.cpp:101] [create] Created (PreInferEl3yolov8s/input_layer1 | Reorder - src_order: NHWC, src_shape: (640, 640, 3), dst_order: NHCW, dst_shape: (640, 640, 3))
[2026-06-09 13:18:58.658] [2224] [HailoRT] [info] [vstream.cpp:754] [InputVStreamImpl] Creating yolov8s/input_layer1...
[2026-06-09 13:18:58.658] [2224] [HailoRT] [info] [vstream_builder.cpp:102] [create_inputs] Input pipeline 'yolov8s/input_layer1': (PreInferEl3yolov8s/input_layer1 | Reorder - src_order: NHWC, src_shape: (640, 640, 3), dst_order: NHCW, dst_shape: (640, 640, 3)) >> (PushQEl3yolov8s/input_layer1 | timeout: 10s) >> (HwWriteEl3yolov8s/input_layer1 | hw_frame_size: 1228800) >> HW
[2026-06-09 13:18:58.659] [2224] [HailoRT] [info] [multi_io_elements.cpp:135] [create] Created (NmsPPMuxEl0YOLOV8-Post-Process | Op YOLOV8, Name: YOLOV8-Post-Process, Score threshold: 0.200, IoU threshold: 0.70, Classes: 80, Max bboxes per class: 100, Image height: 640, Image width: 640)
[2026-06-09 13:18:58.659] [2224] [HailoRT] [info] [edge_elements.cpp:287] [create] Created (HwReadEl9yolov8s/conv41_97 | hw_frame_size: 409600)
[2026-06-09 13:18:58.659] [2224] [HailoRT] [info] [queue_elements.cpp:657] [create] Created (PullQEl_nms9yolov8s/conv41_97 | timeout: 10s)
[2026-06-09 13:18:58.659] [2224] [HailoRT] [info] [edge_elements.cpp:287] [create] Created (HwReadEl7yolov8s/conv42_97 | hw_frame_size: 512000)
[2026-06-09 13:18:58.659] [2224] [HailoRT] [info] [queue_elements.cpp:657] [create] Created (PullQEl_nms7yolov8s/conv42_97 | timeout: 10s)
[2026-06-09 13:18:58.659] [2224] [HailoRT] [info] [edge_elements.cpp:287] [create] Created (HwReadEl1yolov8s/conv52_97 | hw_frame_size: 102400)
[2026-06-09 13:18:58.659] [2224] [HailoRT] [info] [queue_elements.cpp:657] [create] Created (PullQEl_nms1yolov8s/conv52_97 | timeout: 10s)
[2026-06-09 13:18:58.659] [2224] [HailoRT] [info] [edge_elements.cpp:287] [create] Created (HwReadEl0yolov8s/conv53_97 | hw_frame_size: 128000)
[2026-06-09 13:18:58.659] [2224] [HailoRT] [info] [queue_elements.cpp:657] [create] Created (PullQEl_nms0yolov8s/conv53_97 | timeout: 10s)
[2026-06-09 13:18:58.659] [2224] [HailoRT] [info] [edge_elements.cpp:287] [create] Created (HwReadEl3yolov8s/conv62_97 | hw_frame_size: 30720)
[2026-06-09 13:18:58.659] [2224] [HailoRT] [info] [queue_elements.cpp:657] [create] Created (PullQEl_nms3yolov8s/conv62_97 | timeout: 10s)
[2026-06-09 13:18:58.659] [2224] [HailoRT] [info] [edge_elements.cpp:287] [create] Created (HwReadEl2yolov8s/conv63_97 | hw_frame_size: 38400)
[2026-06-09 13:18:58.659] [2224] [HailoRT] [info] [queue_elements.cpp:657] [create] Created (PullQEl_nms2yolov8s/conv63_97 | timeout: 10s)
[2026-06-09 13:18:58.659] [2224] [HailoRT] [info] [queue_elements.cpp:800] [create] Created (UserBufQEl_post_infer0yolov8s/yolov8_nms_postprocess | timeout: 10s)
[2026-06-09 13:18:58.659] [2224] [HailoRT] [info] [vstream.cpp:1114] [OutputVStreamImpl] Creating yolov8s/yolov8_nms_postprocess...
[2026-06-09 13:18:58.659] [2224] [HailoRT] [info] [vstream_builder.cpp:622] [create_output_post_process_nms] Output pipeline 'yolov8s/yolov8_nms_postprocess': HW >> (HwReadEl9yolov8s/conv41_97 | hw_frame_size: 409600) >> (PullQEl_nms9yolov8s/conv41_97) >> (HwReadEl7yolov8s/conv42_97 | hw_frame_size: 512000) >> (PullQEl_nms7yolov8s/conv42_97) >> (HwReadEl1yolov8s/conv52_97 | hw_frame_size: 102400) >> (PullQEl_nms1yolov8s/conv52_97) >> (HwReadEl0yolov8s/conv53_97 | hw_frame_size: 128000) >> (PullQEl_nms0yolov8s/conv53_97) >> (HwReadEl3yolov8s/conv62_97 | hw_frame_size: 30720) >> (PullQEl_nms3yolov8s/conv62_97) >> (HwReadEl2yolov8s/conv63_97 | hw_frame_size: 38400) >> (PullQEl_nms2yolov8s/conv63_97) >> (NmsPPMuxEl0YOLOV8-Post-Process | Op YOLOV8, Name: YOLOV8-Post-Process, Score threshold: 0.200, IoU threshold: 0.70, Classes: 80, Max bboxes per class: 100, Image height: 640, Image width: 640) >> (UserBufQEl_post_infer0yolov8s/yolov8_nms_postprocess | timeout: 10s)
[2026-06-09 13:18:58.659] [6118] [HailoRT] [info] [vdevice_native_stream.cpp:331] [read_impl] Failed read from stream HAILO_STREAM_ABORT(63) (device: 0001:01:00.0)
[2026-06-09 13:18:58.659] [6118] [HailoRT] [info] [edge_elements.cpp:396] [run_pull] Reading from stream was aborted!
[2026-06-09 13:18:58.659] [6120] [HailoRT] [info] [queue_elements.cpp:734] [run_in_thread] Shutdown event was signaled in run_pull of queue element PullQEl_nms0yolov8s/conv53_97!
[2026-06-09 13:18:58.659] [6119] [HailoRT] [info] [vdevice_native_stream.cpp:331] [read_impl] Failed read from stream HAILO_STREAM_ABORT(63) (device: 0001:01:00.0)
[2026-06-09 13:18:58.659] [6121] [HailoRT] [info] [vdevice_native_stream.cpp:331] [read_impl] Failed read from stream HAILO_STREAM_ABORT(63) (device: 0001:01:00.0)
[2026-06-09 13:18:58.659] [6119] [HailoRT] [info] [edge_elements.cpp:396] [run_pull] Reading from stream was aborted!
[2026-06-09 13:18:58.659] [6118] [HailoRT] [info] [queue_elements.cpp:738] [run_in_thread] run_pull of queue element PullQEl_nms7yolov8s/conv42_97 was aborted!
[2026-06-09 13:18:58.659] [6117] [HailoRT] [info] [vdevice_native_stream.cpp:331] [read_impl] Failed read from stream HAILO_STREAM_ABORT(63) (device: 0001:01:00.0)
[2026-06-09 13:18:58.659] [6117] [HailoRT] [info] [edge_elements.cpp:396] [run_pull] Reading from stream was aborted!
[2026-06-09 13:18:58.659] [6119] [HailoRT] [info] [queue_elements.cpp:738] [run_in_thread] run_pull of queue element PullQEl_nms1yolov8s/conv52_97 was aborted!
[2026-06-09 13:18:58.659] [6117] [HailoRT] [info] [queue_elements.cpp:738] [run_in_thread] run_pull of queue element PullQEl_nms9yolov8s/conv41_97 was aborted!
[2026-06-09 13:18:58.659] [6121] [HailoRT] [info] [edge_elements.cpp:396] [run_pull] Reading from stream was aborted!
[2026-06-09 13:18:58.659] [6121] [HailoRT] [info] [queue_elements.cpp:738] [run_in_thread] run_pull of queue element PullQEl_nms3yolov8s/conv62_97 was aborted!
[2026-06-09 13:18:58.659] [6122] [HailoRT] [info] [vdevice_native_stream.cpp:331] [read_impl] Failed read from stream HAILO_STREAM_ABORT(63) (device: 0001:01:00.0)
[2026-06-09 13:18:58.659] [6122] [HailoRT] [info] [edge_elements.cpp:396] [run_pull] Reading from stream was aborted!
[2026-06-09 13:18:58.659] [6122] [HailoRT] [info] [queue_elements.cpp:738] [run_in_thread] run_pull of queue element PullQEl_nms2yolov8s/conv63_97 was aborted!
[2026-06-09 13:18:58.659] [6123] [HailoRT] [info] [queue_elements.cpp:68] [operator()] Thread in element UserBufQEl_post_infer0yolov8s/yolov8_nms_postprocess is not running anymore, exiting..
[2026-06-09 13:18:58.659] [2224] [HailoRT] [info] [queue_elements.cpp:46] [~BaseQueueElement] Queue element UserBufQEl_post_infer0yolov8s/yolov8_nms_postprocess has 0 frames in his Queue on destruction
[2026-06-09 13:18:58.659] [6122] [HailoRT] [info] [queue_elements.cpp:68] [operator()] Thread in element PullQEl_nms2yolov8s/conv63_97 is not running anymore, exiting..
[2026-06-09 13:18:58.659] [2224] [HailoRT] [info] [queue_elements.cpp:46] [~BaseQueueElement] Queue element PullQEl_nms2yolov8s/conv63_97 has 0 frames in his Queue on destruction
[2026-06-09 13:18:58.659] [6121] [HailoRT] [info] [queue_elements.cpp:68] [operator()] Thread in element PullQEl_nms3yolov8s/conv62_97 is not running anymore, exiting..
[2026-06-09 13:18:58.659] [2224] [HailoRT] [info] [queue_elements.cpp:46] [~BaseQueueElement] Queue element PullQEl_nms3yolov8s/conv62_97 has 0 frames in his Queue on destruction
[2026-06-09 13:18:58.659] [6120] [HailoRT] [info] [queue_elements.cpp:68] [operator()] Thread in element PullQEl_nms0yolov8s/conv53_97 is not running anymore, exiting..
[2026-06-09 13:18:58.659] [2224] [HailoRT] [info] [queue_elements.cpp:46] [~BaseQueueElement] Queue element PullQEl_nms0yolov8s/conv53_97 has 0 frames in his Queue on destruction
[2026-06-09 13:18:58.659] [6119] [HailoRT] [info] [queue_elements.cpp:68] [operator()] Thread in element PullQEl_nms1yolov8s/conv52_97 is not running anymore, exiting..
[2026-06-09 13:18:58.659] [2224] [HailoRT] [info] [queue_elements.cpp:46] [~BaseQueueElement] Queue element PullQEl_nms1yolov8s/conv52_97 has 0 frames in his Queue on destruction
[2026-06-09 13:18:58.659] [6118] [HailoRT] [info] [queue_elements.cpp:68] [operator()] Thread in element PullQEl_nms7yolov8s/conv42_97 is not running anymore, exiting..
[2026-06-09 13:18:58.659] [2224] [HailoRT] [info] [queue_elements.cpp:46] [~BaseQueueElement] Queue element PullQEl_nms7yolov8s/conv42_97 has 0 frames in his Queue on destruction
[2026-06-09 13:18:58.659] [6117] [HailoRT] [info] [queue_elements.cpp:68] [operator()] Thread in element PullQEl_nms9yolov8s/conv41_97 is not running anymore, exiting..
[2026-06-09 13:18:58.659] [2224] [HailoRT] [info] [queue_elements.cpp:46] [~BaseQueueElement] Queue element PullQEl_nms9yolov8s/conv41_97 has 0 frames in his Queue on destruction
[2026-06-09 13:18:58.659] [6116] [HailoRT] [info] [queue_elements.cpp:68] [operator()] Thread in element PushQEl3yolov8s/input_layer1 is not running anymore, exiting..
[2026-06-09 13:18:58.659] [2224] [HailoRT] [info] [queue_elements.cpp:46] [~BaseQueueElement] Queue element PushQEl3yolov8s/input_layer1 has 0 frames in his Queue on destruction
[2026-06-09 13:18:58.660] [2224] [HailoRT] [info] [core_op.cpp:186] [deactivate] Deactivating took 0.638493 ms
[2026-06-09 13:18:58.660] [2224] [HailoRT] [info] [core_op.cpp:186] [deactivate] Deactivating took 0.645554 ms
[2026-06-09 13:19:01.481] [2224] [HailoRT] [info] [core_op.cpp:156] [activate] Activating yolov8s took 0.757944 milliseconds. Note that the function is asynchronous and thus the network is not fully activated yet.
[2026-06-09 13:19:01.481] [2224] [HailoRT] [info] [core_op.cpp:156] [activate] Activating yolov8s took 0.784202 milliseconds. Note that the function is asynchronous and thus the network is not fully activated yet.
[2026-06-09 13:19:01.481] [2224] [HailoRT] [info] [edge_elements.cpp:52] [create] Created (HwWriteEl3yolov8s/input_layer1 | hw_frame_size: 1228800)
[2026-06-09 13:19:01.481] [2224] [HailoRT] [info] [queue_elements.cpp:284] [create] Created (PushQEl3yolov8s/input_layer1 | timeout: 10s)
[2026-06-09 13:19:01.481] [2224] [HailoRT] [info] [filter_elements.cpp:101] [create] Created (PreInferEl3yolov8s/input_layer1 | Reorder - src_order: NHWC, src_shape: (640, 640, 3), dst_order: NHCW, dst_shape: (640, 640, 3))
[2026-06-09 13:19:01.481] [2224] [HailoRT] [info] [vstream.cpp:754] [InputVStreamImpl] Creating yolov8s/input_layer1...
[2026-06-09 13:19:01.481] [2224] [HailoRT] [info] [vstream_builder.cpp:102] [create_inputs] Input pipeline 'yolov8s/input_layer1': (PreInferEl3yolov8s/input_layer1 | Reorder - src_order: NHWC, src_shape: (640, 640, 3), dst_order: NHCW, dst_shape: (640, 640, 3)) >> (PushQEl3yolov8s/input_layer1 | timeout: 10s) >> (HwWriteEl3yolov8s/input_layer1 | hw_frame_size: 1228800) >> HW
[2026-06-09 13:19:01.481] [2224] [HailoRT] [info] [multi_io_elements.cpp:135] [create] Created (NmsPPMuxEl0YOLOV8-Post-Process | Op YOLOV8, Name: YOLOV8-Post-Process, Score threshold: 0.200, IoU threshold: 0.70, Classes: 80, Max bboxes per class: 100, Image height: 640, Image width: 640)
[2026-06-09 13:19:01.481] [2224] [HailoRT] [info] [edge_elements.cpp:287] [create] Created (HwReadEl9yolov8s/conv41_97 | hw_frame_size: 409600)
[2026-06-09 13:19:01.481] [2224] [HailoRT] [info] [queue_elements.cpp:657] [create] Created (PullQEl_nms9yolov8s/conv41_97 | timeout: 10s)
[2026-06-09 13:19:01.481] [2224] [HailoRT] [info] [edge_elements.cpp:287] [create] Created (HwReadEl7yolov8s/conv42_97 | hw_frame_size: 512000)
[2026-06-09 13:19:01.481] [2224] [HailoRT] [info] [queue_elements.cpp:657] [create] Created (PullQEl_nms7yolov8s/conv42_97 | timeout: 10s)
[2026-06-09 13:19:01.481] [2224] [HailoRT] [info] [edge_elements.cpp:287] [create] Created (HwReadEl1yolov8s/conv52_97 | hw_frame_size: 102400)
[2026-06-09 13:19:01.481] [2224] [HailoRT] [info] [queue_elements.cpp:657] [create] Created (PullQEl_nms1yolov8s/conv52_97 | timeout: 10s)
[2026-06-09 13:19:01.481] [2224] [HailoRT] [info] [edge_elements.cpp:287] [create] Created (HwReadEl0yolov8s/conv53_97 | hw_frame_size: 128000)
[2026-06-09 13:19:01.481] [2224] [HailoRT] [info] [queue_elements.cpp:657] [create] Created (PullQEl_nms0yolov8s/conv53_97 | timeout: 10s)
[2026-06-09 13:19:01.481] [2224] [HailoRT] [info] [edge_elements.cpp:287] [create] Created (HwReadEl3yolov8s/conv62_97 | hw_frame_size: 30720)
[2026-06-09 13:19:01.481] [2224] [HailoRT] [info] [queue_elements.cpp:657] [create] Created (PullQEl_nms3yolov8s/conv62_97 | timeout: 10s)
[2026-06-09 13:19:01.481] [2224] [HailoRT] [info] [edge_elements.cpp:287] [create] Created (HwReadEl2yolov8s/conv63_97 | hw_frame_size: 38400)
[2026-06-09 13:19:01.481] [2224] [HailoRT] [info] [queue_elements.cpp:657] [create] Created (PullQEl_nms2yolov8s/conv63_97 | timeout: 10s)
[2026-06-09 13:19:01.481] [2224] [HailoRT] [info] [queue_elements.cpp:800] [create] Created (UserBufQEl_post_infer0yolov8s/yolov8_nms_postprocess | timeout: 10s)
[2026-06-09 13:19:01.481] [2224] [HailoRT] [info] [vstream.cpp:1114] [OutputVStreamImpl] Creating yolov8s/yolov8_nms_postprocess...
[2026-06-09 13:19:01.481] [2224] [HailoRT] [info] [vstream_builder.cpp:622] [create_output_post_process_nms] Output pipeline 'yolov8s/yolov8_nms_postprocess': HW >> (HwReadEl9yolov8s/conv41_97 | hw_frame_size: 409600) >> (PullQEl_nms9yolov8s/conv41_97) >> (HwReadEl7yolov8s/conv42_97 | hw_frame_size: 512000) >> (PullQEl_nms7yolov8s/conv42_97) >> (HwReadEl1yolov8s/conv52_97 | hw_frame_size: 102400) >> (PullQEl_nms1yolov8s/conv52_97) >> (HwReadEl0yolov8s/conv53_97 | hw_frame_size: 128000) >> (PullQEl_nms0yolov8s/conv53_97) >> (HwReadEl3yolov8s/conv62_97 | hw_frame_size: 30720) >> (PullQEl_nms3yolov8s/conv62_97) >> (HwReadEl2yolov8s/conv63_97 | hw_frame_size: 38400) >> (PullQEl_nms2yolov8s/conv63_97) >> (NmsPPMuxEl0YOLOV8-Post-Process | Op YOLOV8, Name: YOLOV8-Post-Process, Score threshold: 0.200, IoU threshold: 0.70, Classes: 80, Max bboxes per class: 100, Image height: 640, Image width: 640) >> (UserBufQEl_post_infer0yolov8s/yolov8_nms_postprocess | timeout: 10s)
[2026-06-09 13:19:01.482] [6149] [HailoRT] [info] [vdevice_native_stream.cpp:331] [read_impl] Failed read from stream HAILO_STREAM_ABORT(63) (device: 0001:01:00.0)
[2026-06-09 13:19:01.482] [6153] [HailoRT] [info] [vdevice_native_stream.cpp:331] [read_impl] Failed read from stream HAILO_STREAM_ABORT(63) (device: 0001:01:00.0)
[2026-06-09 13:19:01.482] [6150] [HailoRT] [info] [queue_elements.cpp:734] [run_in_thread] Shutdown event was signaled in run_pull of queue element PullQEl_nms1yolov8s/conv52_97!
[2026-06-09 13:19:01.482] [6153] [HailoRT] [info] [edge_elements.cpp:396] [run_pull] Reading from stream was aborted!
[2026-06-09 13:19:01.482] [6149] [HailoRT] [info] [edge_elements.cpp:396] [run_pull] Reading from stream was aborted!
[2026-06-09 13:19:01.482] [6153] [HailoRT] [info] [queue_elements.cpp:738] [run_in_thread] run_pull of queue element PullQEl_nms2yolov8s/conv63_97 was aborted!
[2026-06-09 13:19:01.482] [6151] [HailoRT] [info] [queue_elements.cpp:734] [run_in_thread] Shutdown event was signaled in run_pull of queue element PullQEl_nms0yolov8s/conv53_97!
[2026-06-09 13:19:01.482] [6149] [HailoRT] [info] [queue_elements.cpp:738] [run_in_thread] run_pull of queue element PullQEl_nms7yolov8s/conv42_97 was aborted!
[2026-06-09 13:19:01.482] [6148] [HailoRT] [info] [vdevice_native_stream.cpp:331] [read_impl] Failed read from stream HAILO_STREAM_ABORT(63) (device: 0001:01:00.0)
[2026-06-09 13:19:01.482] [6148] [HailoRT] [info] [edge_elements.cpp:396] [run_pull] Reading from stream was aborted!
[2026-06-09 13:19:01.482] [6152] [HailoRT] [info] [queue_elements.cpp:734] [run_in_thread] Shutdown event was signaled in run_pull of queue element PullQEl_nms3yolov8s/conv62_97!
[2026-06-09 13:19:01.482] [6148] [HailoRT] [info] [queue_elements.cpp:738] [run_in_thread] run_pull of queue element PullQEl_nms9yolov8s/conv41_97 was aborted!
[2026-06-09 13:19:01.482] [6154] [HailoRT] [info] [queue_elements.cpp:68] [operator()] Thread in element UserBufQEl_post_infer0yolov8s/yolov8_nms_postprocess is not running anymore, exiting..
[2026-06-09 13:19:01.482] [2224] [HailoRT] [info] [queue_elements.cpp:46] [~BaseQueueElement] Queue element UserBufQEl_post_infer0yolov8s/yolov8_nms_postprocess has 0 frames in his Queue on destruction
[2026-06-09 13:19:01.482] [6153] [HailoRT] [info] [queue_elements.cpp:68] [operator()] Thread in element PullQEl_nms2yolov8s/conv63_97 is not running anymore, exiting..
[2026-06-09 13:19:01.482] [2224] [HailoRT] [info] [queue_elements.cpp:46] [~BaseQueueElement] Queue element PullQEl_nms2yolov8s/conv63_97 has 0 frames in his Queue on destruction
[2026-06-09 13:19:01.482] [6152] [HailoRT] [info] [queue_elements.cpp:68] [operator()] Thread in element PullQEl_nms3yolov8s/conv62_97 is not running anymore, exiting..
[2026-06-09 13:19:01.482] [2224] [HailoRT] [info] [queue_elements.cpp:46] [~BaseQueueElement] Queue element PullQEl_nms3yolov8s/conv62_97 has 0 frames in his Queue on destruction
[2026-06-09 13:19:01.482] [6151] [HailoRT] [info] [queue_elements.cpp:68] [operator()] Thread in element PullQEl_nms0yolov8s/conv53_97 is not running anymore, exiting..
[2026-06-09 13:19:01.482] [2224] [HailoRT] [info] [queue_elements.cpp:46] [~BaseQueueElement] Queue element PullQEl_nms0yolov8s/conv53_97 has 0 frames in his Queue on destruction
[2026-06-09 13:19:01.482] [6150] [HailoRT] [info] [queue_elements.cpp:68] [operator()] Thread in element PullQEl_nms1yolov8s/conv52_97 is not running anymore, exiting..
[2026-06-09 13:19:01.482] [2224] [HailoRT] [info] [queue_elements.cpp:46] [~BaseQueueElement] Queue element PullQEl_nms1yolov8s/conv52_97 has 0 frames in his Queue on destruction
[2026-06-09 13:19:01.482] [6149] [HailoRT] [info] [queue_elements.cpp:68] [operator()] Thread in element PullQEl_nms7yolov8s/conv42_97 is not running anymore, exiting..
[2026-06-09 13:19:01.482] [2224] [HailoRT] [info] [queue_elements.cpp:46] [~BaseQueueElement] Queue element PullQEl_nms7yolov8s/conv42_97 has 0 frames in his Queue on destruction
[2026-06-09 13:19:01.482] [6148] [HailoRT] [info] [queue_elements.cpp:68] [operator()] Thread in element PullQEl_nms9yolov8s/conv41_97 is not running anymore, exiting..
[2026-06-09 13:19:01.482] [2224] [HailoRT] [info] [queue_elements.cpp:46] [~BaseQueueElement] Queue element PullQEl_nms9yolov8s/conv41_97 has 0 frames in his Queue on destruction
[2026-06-09 13:19:01.482] [6147] [HailoRT] [info] [queue_elements.cpp:68] [operator()] Thread in element PushQEl3yolov8s/input_layer1 is not running anymore, exiting..
[2026-06-09 13:19:01.482] [2224] [HailoRT] [info] [queue_elements.cpp:46] [~BaseQueueElement] Queue element PushQEl3yolov8s/input_layer1 has 0 frames in his Queue on destruction
[2026-06-09 13:19:01.483] [2224] [HailoRT] [info] [core_op.cpp:186] [deactivate] Deactivating took 0.588976 ms
[2026-06-09 13:19:01.483] [2224] [HailoRT] [info] [core_op.cpp:186] [deactivate] Deactivating took 0.598057 ms
[2026-06-09 13:19:04.345] [2224] [HailoRT] [info] [core_op.cpp:156] [activate] Activating yolov8s took 0.797373 milliseconds. Note that the function is asynchronous and thus the network is not fully activated yet.
[2026-06-09 13:19:04.345] [2224] [HailoRT] [info] [core_op.cpp:156] [activate] Activating yolov8s took 0.82498 milliseconds. Note that the function is asynchronous and thus the network is not fully activated yet.
[2026-06-09 13:19:04.345] [2224] [HailoRT] [info] [edge_elements.cpp:52] [create] Created (HwWriteEl3yolov8s/input_layer1 | hw_frame_size: 1228800)
[2026-06-09 13:19:04.345] [2224] [HailoRT] [info] [queue_elements.cpp:284] [create] Created (PushQEl3yolov8s/input_layer1 | timeout: 10s)
[2026-06-09 13:19:04.345] [2224] [HailoRT] [info] [filter_elements.cpp:101] [create] Created (PreInferEl3yolov8s/input_layer1 | Reorder - src_order: NHWC, src_shape: (640, 640, 3), dst_order: NHCW, dst_shape: (640, 640, 3))
[2026-06-09 13:19:04.345] [2224] [HailoRT] [info] [vstream.cpp:754] [InputVStreamImpl] Creating yolov8s/input_layer1...
[2026-06-09 13:19:04.345] [2224] [HailoRT] [info] [vstream_builder.cpp:102] [create_inputs] Input pipeline 'yolov8s/input_layer1': (PreInferEl3yolov8s/input_layer1 | Reorder - src_order: NHWC, src_shape: (640, 640, 3), dst_order: NHCW, dst_shape: (640, 640, 3)) >> (PushQEl3yolov8s/input_layer1 | timeout: 10s) >> (HwWriteEl3yolov8s/input_layer1 | hw_frame_size: 1228800) >> HW
[2026-06-09 13:19:04.345] [2224] [HailoRT] [info] [multi_io_elements.cpp:135] [create] Created (NmsPPMuxEl0YOLOV8-Post-Process | Op YOLOV8, Name: YOLOV8-Post-Process, Score threshold: 0.200, IoU threshold: 0.70, Classes: 80, Max bboxes per class: 100, Image height: 640, Image width: 640)
[2026-06-09 13:19:04.345] [2224] [HailoRT] [info] [edge_elements.cpp:287] [create] Created (HwReadEl9yolov8s/conv41_97 | hw_frame_size: 409600)
[2026-06-09 13:19:04.345] [2224] [HailoRT] [info] [queue_elements.cpp:657] [create] Created (PullQEl_nms9yolov8s/conv41_97 | timeout: 10s)
[2026-06-09 13:19:04.345] [2224] [HailoRT] [info] [edge_elements.cpp:287] [create] Created (HwReadEl7yolov8s/conv42_97 | hw_frame_size: 512000)
[2026-06-09 13:19:04.345] [2224] [HailoRT] [info] [queue_elements.cpp:657] [create] Created (PullQEl_nms7yolov8s/conv42_97 | timeout: 10s)
[2026-06-09 13:19:04.345] [2224] [HailoRT] [info] [edge_elements.cpp:287] [create] Created (HwReadEl1yolov8s/conv52_97 | hw_frame_size: 102400)
[2026-06-09 13:19:04.345] [2224] [HailoRT] [info] [queue_elements.cpp:657] [create] Created (PullQEl_nms1yolov8s/conv52_97 | timeout: 10s)
[2026-06-09 13:19:04.345] [2224] [HailoRT] [info] [edge_elements.cpp:287] [create] Created (HwReadEl0yolov8s/conv53_97 | hw_frame_size: 128000)
[2026-06-09 13:19:04.345] [2224] [HailoRT] [info] [queue_elements.cpp:657] [create] Created (PullQEl_nms0yolov8s/conv53_97 | timeout: 10s)
[2026-06-09 13:19:04.345] [2224] [HailoRT] [info] [edge_elements.cpp:287] [create] Created (HwReadEl3yolov8s/conv62_97 | hw_frame_size: 30720)
[2026-06-09 13:19:04.345] [2224] [HailoRT] [info] [queue_elements.cpp:657] [create] Created (PullQEl_nms3yolov8s/conv62_97 | timeout: 10s)
[2026-06-09 13:19:04.345] [2224] [HailoRT] [info] [edge_elements.cpp:287] [create] Created (HwReadEl2yolov8s/conv63_97 | hw_frame_size: 38400)
[2026-06-09 13:19:04.345] [2224] [HailoRT] [info] [queue_elements.cpp:657] [create] Created (PullQEl_nms2yolov8s/conv63_97 | timeout: 10s)
[2026-06-09 13:19:04.346] [2224] [HailoRT] [info] [queue_elements.cpp:800] [create] Created (UserBufQEl_post_infer0yolov8s/yolov8_nms_postprocess | timeout: 10s)
[2026-06-09 13:19:04.346] [2224] [HailoRT] [info] [vstream.cpp:1114] [OutputVStreamImpl] Creating yolov8s/yolov8_nms_postprocess...
[2026-06-09 13:19:04.346] [2224] [HailoRT] [info] [vstream_builder.cpp:622] [create_output_post_process_nms] Output pipeline 'yolov8s/yolov8_nms_postprocess': HW >> (HwReadEl9yolov8s/conv41_97 | hw_frame_size: 409600) >> (PullQEl_nms9yolov8s/conv41_97) >> (HwReadEl7yolov8s/conv42_97 | hw_frame_size: 512000) >> (PullQEl_nms7yolov8s/conv42_97) >> (HwReadEl1yolov8s/conv52_97 | hw_frame_size: 102400) >> (PullQEl_nms1yolov8s/conv52_97) >> (HwReadEl0yolov8s/conv53_97 | hw_frame_size: 128000) >> (PullQEl_nms0yolov8s/conv53_97) >> (HwReadEl3yolov8s/conv62_97 | hw_frame_size: 30720) >> (PullQEl_nms3yolov8s/conv62_97) >> (HwReadEl2yolov8s/conv63_97 | hw_frame_size: 38400) >> (PullQEl_nms2yolov8s/conv63_97) >> (NmsPPMuxEl0YOLOV8-Post-Process | Op YOLOV8, Name: YOLOV8-Post-Process, Score threshold: 0.200, IoU threshold: 0.70, Classes: 80, Max bboxes per class: 100, Image height: 640, Image width: 640) >> (UserBufQEl_post_infer0yolov8s/yolov8_nms_postprocess | timeout: 10s)
[2026-06-09 13:19:04.346] [6173] [HailoRT] [info] [vdevice_native_stream.cpp:331] [read_impl] Failed read from stream HAILO_STREAM_ABORT(63) (device: 0001:01:00.0)
[2026-06-09 13:19:04.346] [6173] [HailoRT] [info] [edge_elements.cpp:396] [run_pull] Reading from stream was aborted!
[2026-06-09 13:19:04.346] [6175] [HailoRT] [info] [vdevice_native_stream.cpp:331] [read_impl] Failed read from stream HAILO_STREAM_ABORT(63) (device: 0001:01:00.0)
[2026-06-09 13:19:04.346] [6173] [HailoRT] [info] [queue_elements.cpp:738] [run_in_thread] run_pull of queue element PullQEl_nms9yolov8s/conv41_97 was aborted!
[2026-06-09 13:19:04.346] [6175] [HailoRT] [info] [edge_elements.cpp:396] [run_pull] Reading from stream was aborted!
[2026-06-09 13:19:04.346] [6177] [HailoRT] [info] [vdevice_native_stream.cpp:331] [read_impl] Failed read from stream HAILO_STREAM_ABORT(63) (device: 0001:01:00.0)
[2026-06-09 13:19:04.346] [6177] [HailoRT] [info] [edge_elements.cpp:396] [run_pull] Reading from stream was aborted!
[2026-06-09 13:19:04.346] [6175] [HailoRT] [info] [queue_elements.cpp:738] [run_in_thread] run_pull of queue element PullQEl_nms1yolov8s/conv52_97 was aborted!
[2026-06-09 13:19:04.346] [6177] [HailoRT] [info] [queue_elements.cpp:738] [run_in_thread] run_pull of queue element PullQEl_nms3yolov8s/conv62_97 was aborted!
[2026-06-09 13:19:04.346] [6178] [HailoRT] [info] [vdevice_native_stream.cpp:331] [read_impl] Failed read from stream HAILO_STREAM_ABORT(63) (device: 0001:01:00.0)
[2026-06-09 13:19:04.346] [6178] [HailoRT] [info] [edge_elements.cpp:396] [run_pull] Reading from stream was aborted!
[2026-06-09 13:19:04.346] [6176] [HailoRT] [info] [vdevice_native_stream.cpp:331] [read_impl] Failed read from stream HAILO_STREAM_ABORT(63) (device: 0001:01:00.0)
[2026-06-09 13:19:04.346] [6176] [HailoRT] [info] [edge_elements.cpp:396] [run_pull] Reading from stream was aborted!
[2026-06-09 13:19:04.346] [6178] [HailoRT] [info] [queue_elements.cpp:738] [run_in_thread] run_pull of queue element PullQEl_nms2yolov8s/conv63_97 was aborted!
[2026-06-09 13:19:04.346] [6176] [HailoRT] [info] [queue_elements.cpp:738] [run_in_thread] run_pull of queue element PullQEl_nms0yolov8s/conv53_97 was aborted!
[2026-06-09 13:19:04.346] [6174] [HailoRT] [info] [vdevice_native_stream.cpp:331] [read_impl] Failed read from stream HAILO_STREAM_ABORT(63) (device: 0001:01:00.0)
[2026-06-09 13:19:04.346] [6174] [HailoRT] [info] [edge_elements.cpp:396] [run_pull] Reading from stream was aborted!
[2026-06-09 13:19:04.346] [6174] [HailoRT] [info] [queue_elements.cpp:738] [run_in_thread] run_pull of queue element PullQEl_nms7yolov8s/conv42_97 was aborted!
[2026-06-09 13:19:04.346] [6179] [HailoRT] [info] [queue_elements.cpp:68] [operator()] Thread in element UserBufQEl_post_infer0yolov8s/yolov8_nms_postprocess is not running anymore, exiting..
[2026-06-09 13:19:04.346] [2224] [HailoRT] [info] [queue_elements.cpp:46] [~BaseQueueElement] Queue element UserBufQEl_post_infer0yolov8s/yolov8_nms_postprocess has 0 frames in his Queue on destruction
[2026-06-09 13:19:04.346] [6178] [HailoRT] [info] [queue_elements.cpp:68] [operator()] Thread in element PullQEl_nms2yolov8s/conv63_97 is not running anymore, exiting..
[2026-06-09 13:19:04.346] [2224] [HailoRT] [info] [queue_elements.cpp:46] [~BaseQueueElement] Queue element PullQEl_nms2yolov8s/conv63_97 has 0 frames in his Queue on destruction
[2026-06-09 13:19:04.346] [6177] [HailoRT] [info] [queue_elements.cpp:68] [operator()] Thread in element PullQEl_nms3yolov8s/conv62_97 is not running anymore, exiting..
[2026-06-09 13:19:04.346] [2224] [HailoRT] [info] [queue_elements.cpp:46] [~BaseQueueElement] Queue element PullQEl_nms3yolov8s/conv62_97 has 0 frames in his Queue on destruction
[2026-06-09 13:19:04.346] [6176] [HailoRT] [info] [queue_elements.cpp:68] [operator()] Thread in element PullQEl_nms0yolov8s/conv53_97 is not running anymore, exiting..
[2026-06-09 13:19:04.346] [2224] [HailoRT] [info] [queue_elements.cpp:46] [~BaseQueueElement] Queue element PullQEl_nms0yolov8s/conv53_97 has 0 frames in his Queue on destruction
[2026-06-09 13:19:04.346] [6175] [HailoRT] [info] [queue_elements.cpp:68] [operator()] Thread in element PullQEl_nms1yolov8s/conv52_97 is not running anymore, exiting..
[2026-06-09 13:19:04.346] [2224] [HailoRT] [info] [queue_elements.cpp:46] [~BaseQueueElement] Queue element PullQEl_nms1yolov8s/conv52_97 has 0 frames in his Queue on destruction
[2026-06-09 13:19:04.346] [6174] [HailoRT] [info] [queue_elements.cpp:68] [operator()] Thread in element PullQEl_nms7yolov8s/conv42_97 is not running anymore, exiting..
[2026-06-09 13:19:04.346] [2224] [HailoRT] [info] [queue_elements.cpp:46] [~BaseQueueElement] Queue element PullQEl_nms7yolov8s/conv42_97 has 0 frames in his Queue on destruction
[2026-06-09 13:19:04.346] [6173] [HailoRT] [info] [queue_elements.cpp:68] [operator()] Thread in element PullQEl_nms9yolov8s/conv41_97 is not running anymore, exiting..
[2026-06-09 13:19:04.346] [2224] [HailoRT] [info] [queue_elements.cpp:46] [~BaseQueueElement] Queue element PullQEl_nms9yolov8s/conv41_97 has 0 frames in his Queue on destruction
[2026-06-09 13:19:04.346] [6172] [HailoRT] [info] [queue_elements.cpp:68] [operator()] Thread in element PushQEl3yolov8s/input_layer1 is not running anymore, exiting..
[2026-06-09 13:19:04.346] [2224] [HailoRT] [info] [queue_elements.cpp:46] [~BaseQueueElement] Queue element PushQEl3yolov8s/input_layer1 has 0 frames in his Queue on destruction
[2026-06-09 13:19:04.347] [2224] [HailoRT] [info] [core_op.cpp:186] [deactivate] Deactivating took 0.606641 ms
[2026-06-09 13:19:04.347] [2224] [HailoRT] [info] [core_op.cpp:186] [deactivate] Deactivating took 0.614571 ms
[2026-06-09 13:19:07.037] [2224] [HailoRT] [info] [core_op.cpp:156] [activate] Activating yolov8s took 0.716596 milliseconds. Note that the function is asynchronous and thus the network is not fully activated yet.
[2026-06-09 13:19:07.037] [2224] [HailoRT] [info] [core_op.cpp:156] [activate] Activating yolov8s took 0.742681 milliseconds. Note that the function is asynchronous and thus the network is not fully activated yet.
[2026-06-09 13:19:07.037] [2224] [HailoRT] [info] [edge_elements.cpp:52] [create] Created (HwWriteEl3yolov8s/input_layer1 | hw_frame_size: 1228800)
[2026-06-09 13:19:07.038] [2224] [HailoRT] [info] [queue_elements.cpp:284] [create] Created (PushQEl3yolov8s/input_layer1 | timeout: 10s)
[2026-06-09 13:19:07.038] [2224] [HailoRT] [info] [filter_elements.cpp:101] [create] Created (PreInferEl3yolov8s/input_layer1 | Reorder - src_order: NHWC, src_shape: (640, 640, 3), dst_order: NHCW, dst_shape: (640, 640, 3))
[2026-06-09 13:19:07.038] [2224] [HailoRT] [info] [vstream.cpp:754] [InputVStreamImpl] Creating yolov8s/input_layer1...
[2026-06-09 13:19:07.038] [2224] [HailoRT] [info] [vstream_builder.cpp:102] [create_inputs] Input pipeline 'yolov8s/input_layer1': (PreInferEl3yolov8s/input_layer1 | Reorder - src_order: NHWC, src_shape: (640, 640, 3), dst_order: NHCW, dst_shape: (640, 640, 3)) >> (PushQEl3yolov8s/input_layer1 | timeout: 10s) >> (HwWriteEl3yolov8s/input_layer1 | hw_frame_size: 1228800) >> HW
[2026-06-09 13:19:07.038] [2224] [HailoRT] [info] [multi_io_elements.cpp:135] [create] Created (NmsPPMuxEl0YOLOV8-Post-Process | Op YOLOV8, Name: YOLOV8-Post-Process, Score threshold: 0.200, IoU threshold: 0.70, Classes: 80, Max bboxes per class: 100, Image height: 640, Image width: 640)
[2026-06-09 13:19:07.038] [2224] [HailoRT] [info] [edge_elements.cpp:287] [create] Created (HwReadEl9yolov8s/conv41_97 | hw_frame_size: 409600)
[2026-06-09 13:19:07.038] [2224] [HailoRT] [info] [queue_elements.cpp:657] [create] Created (PullQEl_nms9yolov8s/conv41_97 | timeout: 10s)
[2026-06-09 13:19:07.038] [2224] [HailoRT] [info] [edge_elements.cpp:287] [create] Created (HwReadEl7yolov8s/conv42_97 | hw_frame_size: 512000)
[2026-06-09 13:19:07.038] [2224] [HailoRT] [info] [queue_elements.cpp:657] [create] Created (PullQEl_nms7yolov8s/conv42_97 | timeout: 10s)
[2026-06-09 13:19:07.038] [2224] [HailoRT] [info] [edge_elements.cpp:287] [create] Created (HwReadEl1yolov8s/conv52_97 | hw_frame_size: 102400)
[2026-06-09 13:19:07.038] [2224] [HailoRT] [info] [queue_elements.cpp:657] [create] Created (PullQEl_nms1yolov8s/conv52_97 | timeout: 10s)
[2026-06-09 13:19:07.038] [2224] [HailoRT] [info] [edge_elements.cpp:287] [create] Created (HwReadEl0yolov8s/conv53_97 | hw_frame_size: 128000)
[2026-06-09 13:19:07.038] [2224] [HailoRT] [info] [queue_elements.cpp:657] [create] Created (PullQEl_nms0yolov8s/conv53_97 | timeout: 10s)
[2026-06-09 13:19:07.038] [2224] [HailoRT] [info] [edge_elements.cpp:287] [create] Created (HwReadEl3yolov8s/conv62_97 | hw_frame_size: 30720)
[2026-06-09 13:19:07.038] [2224] [HailoRT] [info] [queue_elements.cpp:657] [create] Created (PullQEl_nms3yolov8s/conv62_97 | timeout: 10s)
[2026-06-09 13:19:07.038] [2224] [HailoRT] [info] [edge_elements.cpp:287] [create] Created (HwReadEl2yolov8s/conv63_97 | hw_frame_size: 38400)
[2026-06-09 13:19:07.038] [2224] [HailoRT] [info] [queue_elements.cpp:657] [create] Created (PullQEl_nms2yolov8s/conv63_97 | timeout: 10s)
[2026-06-09 13:19:07.038] [2224] [HailoRT] [info] [queue_elements.cpp:800] [create] Created (UserBufQEl_post_infer0yolov8s/yolov8_nms_postprocess | timeout: 10s)
[2026-06-09 13:19:07.038] [2224] [HailoRT] [info] [vstream.cpp:1114] [OutputVStreamImpl] Creating yolov8s/yolov8_nms_postprocess...
[2026-06-09 13:19:07.038] [2224] [HailoRT] [info] [vstream_builder.cpp:622] [create_output_post_process_nms] Output pipeline 'yolov8s/yolov8_nms_postprocess': HW >> (HwReadEl9yolov8s/conv41_97 | hw_frame_size: 409600) >> (PullQEl_nms9yolov8s/conv41_97) >> (HwReadEl7yolov8s/conv42_97 | hw_frame_size: 512000) >> (PullQEl_nms7yolov8s/conv42_97) >> (HwReadEl1yolov8s/conv52_97 | hw_frame_size: 102400) >> (PullQEl_nms1yolov8s/conv52_97) >> (HwReadEl0yolov8s/conv53_97 | hw_frame_size: 128000) >> (PullQEl_nms0yolov8s/conv53_97) >> (HwReadEl3yolov8s/conv62_97 | hw_frame_size: 30720) >> (PullQEl_nms3yolov8s/conv62_97) >> (HwReadEl2yolov8s/conv63_97 | hw_frame_size: 38400) >> (PullQEl_nms2yolov8s/conv63_97) >> (NmsPPMuxEl0YOLOV8-Post-Process | Op YOLOV8, Name: YOLOV8-Post-Process, Score threshold: 0.200, IoU threshold: 0.70, Classes: 80, Max bboxes per class: 100, Image height: 640, Image width: 640) >> (UserBufQEl_post_infer0yolov8s/yolov8_nms_postprocess | timeout: 10s)
[2026-06-09 13:19:07.038] [6195] [HailoRT] [info] [vdevice_native_stream.cpp:331] [read_impl] Failed read from stream HAILO_STREAM_ABORT(63) (device: 0001:01:00.0)
[2026-06-09 13:19:07.038] [6196] [HailoRT] [info] [vdevice_native_stream.cpp:331] [read_impl] Failed read from stream HAILO_STREAM_ABORT(63) (device: 0001:01:00.0)
[2026-06-09 13:19:07.038] [6196] [HailoRT] [info] [edge_elements.cpp:396] [run_pull] Reading from stream was aborted!
[2026-06-09 13:19:07.038] [6194] [HailoRT] [info] [vdevice_native_stream.cpp:331] [read_impl] Failed read from stream HAILO_STREAM_ABORT(63) (device: 0001:01:00.0)
[2026-06-09 13:19:07.038] [6195] [HailoRT] [info] [edge_elements.cpp:396] [run_pull] Reading from stream was aborted!
[2026-06-09 13:19:07.038] [6198] [HailoRT] [info] [vdevice_native_stream.cpp:331] [read_impl] Failed read from stream HAILO_STREAM_ABORT(63) (device: 0001:01:00.0)
[2026-06-09 13:19:07.038] [6195] [HailoRT] [info] [queue_elements.cpp:738] [run_in_thread] run_pull of queue element PullQEl_nms7yolov8s/conv42_97 was aborted!
[2026-06-09 13:19:07.038] [6199] [HailoRT] [info] [queue_elements.cpp:734] [run_in_thread] Shutdown event was signaled in run_pull of queue element PullQEl_nms2yolov8s/conv63_97!
[2026-06-09 13:19:07.038] [6194] [HailoRT] [info] [edge_elements.cpp:396] [run_pull] Reading from stream was aborted!
[2026-06-09 13:19:07.038] [6197] [HailoRT] [info] [queue_elements.cpp:734] [run_in_thread] Shutdown event was signaled in run_pull of queue element PullQEl_nms0yolov8s/conv53_97!
[2026-06-09 13:19:07.038] [6198] [HailoRT] [info] [edge_elements.cpp:396] [run_pull] Reading from stream was aborted!
[2026-06-09 13:19:07.038] [6194] [HailoRT] [info] [queue_elements.cpp:738] [run_in_thread] run_pull of queue element PullQEl_nms9yolov8s/conv41_97 was aborted!
[2026-06-09 13:19:07.038] [6198] [HailoRT] [info] [queue_elements.cpp:738] [run_in_thread] run_pull of queue element PullQEl_nms3yolov8s/conv62_97 was aborted!
[2026-06-09 13:19:07.038] [6196] [HailoRT] [info] [queue_elements.cpp:738] [run_in_thread] run_pull of queue element PullQEl_nms1yolov8s/conv52_97 was aborted!
[2026-06-09 13:19:07.038] [6200] [HailoRT] [info] [queue_elements.cpp:68] [operator()] Thread in element UserBufQEl_post_infer0yolov8s/yolov8_nms_postprocess is not running anymore, exiting..
[2026-06-09 13:19:07.038] [2224] [HailoRT] [info] [queue_elements.cpp:46] [~BaseQueueElement] Queue element UserBufQEl_post_infer0yolov8s/yolov8_nms_postprocess has 0 frames in his Queue on destruction
[2026-06-09 13:19:07.038] [6199] [HailoRT] [info] [queue_elements.cpp:68] [operator()] Thread in element PullQEl_nms2yolov8s/conv63_97 is not running anymore, exiting..
[2026-06-09 13:19:07.038] [2224] [HailoRT] [info] [queue_elements.cpp:46] [~BaseQueueElement] Queue element PullQEl_nms2yolov8s/conv63_97 has 0 frames in his Queue on destruction
[2026-06-09 13:19:07.038] [6198] [HailoRT] [info] [queue_elements.cpp:68] [operator()] Thread in element PullQEl_nms3yolov8s/conv62_97 is not running anymore, exiting..
[2026-06-09 13:19:07.038] [2224] [HailoRT] [info] [queue_elements.cpp:46] [~BaseQueueElement] Queue element PullQEl_nms3yolov8s/conv62_97 has 0 frames in his Queue on destruction
[2026-06-09 13:19:07.039] [6197] [HailoRT] [info] [queue_elements.cpp:68] [operator()] Thread in element PullQEl_nms0yolov8s/conv53_97 is not running anymore, exiting..
[2026-06-09 13:19:07.039] [2224] [HailoRT] [info] [queue_elements.cpp:46] [~BaseQueueElement] Queue element PullQEl_nms0yolov8s/conv53_97 has 0 frames in his Queue on destruction
[2026-06-09 13:19:07.039] [6196] [HailoRT] [info] [queue_elements.cpp:68] [operator()] Thread in element PullQEl_nms1yolov8s/conv52_97 is not running anymore, exiting..
[2026-06-09 13:19:07.039] [2224] [HailoRT] [info] [queue_elements.cpp:46] [~BaseQueueElement] Queue element PullQEl_nms1yolov8s/conv52_97 has 0 frames in his Queue on destruction
[2026-06-09 13:19:07.039] [6195] [HailoRT] [info] [queue_elements.cpp:68] [operator()] Thread in element PullQEl_nms7yolov8s/conv42_97 is not running anymore, exiting..
[2026-06-09 13:19:07.039] [2224] [HailoRT] [info] [queue_elements.cpp:46] [~BaseQueueElement] Queue element PullQEl_nms7yolov8s/conv42_97 has 0 frames in his Queue on destruction
[2026-06-09 13:19:07.039] [6194] [HailoRT] [info] [queue_elements.cpp:68] [operator()] Thread in element PullQEl_nms9yolov8s/conv41_97 is not running anymore, exiting..
[2026-06-09 13:19:07.039] [2224] [HailoRT] [info] [queue_elements.cpp:46] [~BaseQueueElement] Queue element PullQEl_nms9yolov8s/conv41_97 has 0 frames in his Queue on destruction
[2026-06-09 13:19:07.039] [6193] [HailoRT] [info] [queue_elements.cpp:68] [operator()] Thread in element PushQEl3yolov8s/input_layer1 is not running anymore, exiting..
[2026-06-09 13:19:07.039] [2224] [HailoRT] [info] [queue_elements.cpp:46] [~BaseQueueElement] Queue element PushQEl3yolov8s/input_layer1 has 0 frames in his Queue on destruction
[2026-06-09 13:19:07.039] [2224] [HailoRT] [info] [core_op.cpp:186] [deactivate] Deactivating took 0.57159 ms
[2026-06-09 13:19:07.039] [2224] [HailoRT] [info] [core_op.cpp:186] [deactivate] Deactivating took 0.580687 ms
[2026-06-09 13:19:09.889] [2224] [HailoRT] [info] [core_op.cpp:156] [activate] Activating yolov8s took 0.737888 milliseconds. Note that the function is asynchronous and thus the network is not fully activated yet.
[2026-06-09 13:19:09.889] [2224] [HailoRT] [info] [core_op.cpp:156] [activate] Activating yolov8s took 0.76562 milliseconds. Note that the function is asynchronous and thus the network is not fully activated yet.
[2026-06-09 13:19:09.889] [2224] [HailoRT] [info] [edge_elements.cpp:52] [create] Created (HwWriteEl3yolov8s/input_layer1 | hw_frame_size: 1228800)
[2026-06-09 13:19:09.890] [2224] [HailoRT] [info] [queue_elements.cpp:284] [create] Created (PushQEl3yolov8s/input_layer1 | timeout: 10s)
[2026-06-09 13:19:09.890] [2224] [HailoRT] [info] [filter_elements.cpp:101] [create] Created (PreInferEl3yolov8s/input_layer1 | Reorder - src_order: NHWC, src_shape: (640, 640, 3), dst_order: NHCW, dst_shape: (640, 640, 3))
[2026-06-09 13:19:09.890] [2224] [HailoRT] [info] [vstream.cpp:754] [InputVStreamImpl] Creating yolov8s/input_layer1...
[2026-06-09 13:19:09.890] [2224] [HailoRT] [info] [vstream_builder.cpp:102] [create_inputs] Input pipeline 'yolov8s/input_layer1': (PreInferEl3yolov8s/input_layer1 | Reorder - src_order: NHWC, src_shape: (640, 640, 3), dst_order: NHCW, dst_shape: (640, 640, 3)) >> (PushQEl3yolov8s/input_layer1 | timeout: 10s) >> (HwWriteEl3yolov8s/input_layer1 | hw_frame_size: 1228800) >> HW
[2026-06-09 13:19:09.890] [2224] [HailoRT] [info] [multi_io_elements.cpp:135] [create] Created (NmsPPMuxEl0YOLOV8-Post-Process | Op YOLOV8, Name: YOLOV8-Post-Process, Score threshold: 0.200, IoU threshold: 0.70, Classes: 80, Max bboxes per class: 100, Image height: 640, Image width: 640)
[2026-06-09 13:19:09.890] [2224] [HailoRT] [info] [edge_elements.cpp:287] [create] Created (HwReadEl9yolov8s/conv41_97 | hw_frame_size: 409600)
[2026-06-09 13:19:09.890] [2224] [HailoRT] [info] [queue_elements.cpp:657] [create] Created (PullQEl_nms9yolov8s/conv41_97 | timeout: 10s)
[2026-06-09 13:19:09.890] [2224] [HailoRT] [info] [edge_elements.cpp:287] [create] Created (HwReadEl7yolov8s/conv42_97 | hw_frame_size: 512000)
[2026-06-09 13:19:09.890] [2224] [HailoRT] [info] [queue_elements.cpp:657] [create] Created (PullQEl_nms7yolov8s/conv42_97 | timeout: 10s)
[2026-06-09 13:19:09.890] [2224] [HailoRT] [info] [edge_elements.cpp:287] [create] Created (HwReadEl1yolov8s/conv52_97 | hw_frame_size: 102400)
[2026-06-09 13:19:09.890] [2224] [HailoRT] [info] [queue_elements.cpp:657] [create] Created (PullQEl_nms1yolov8s/conv52_97 | timeout: 10s)
[2026-06-09 13:19:09.890] [2224] [HailoRT] [info] [edge_elements.cpp:287] [create] Created (HwReadEl0yolov8s/conv53_97 | hw_frame_size: 128000)
[2026-06-09 13:19:09.890] [2224] [HailoRT] [info] [queue_elements.cpp:657] [create] Created (PullQEl_nms0yolov8s/conv53_97 | timeout: 10s)
[2026-06-09 13:19:09.890] [2224] [HailoRT] [info] [edge_elements.cpp:287] [create] Created (HwReadEl3yolov8s/conv62_97 | hw_frame_size: 30720)
[2026-06-09 13:19:09.890] [2224] [HailoRT] [info] [queue_elements.cpp:657] [create] Created (PullQEl_nms3yolov8s/conv62_97 | timeout: 10s)
[2026-06-09 13:19:09.890] [2224] [HailoRT] [info] [edge_elements.cpp:287] [create] Created (HwReadEl2yolov8s/conv63_97 | hw_frame_size: 38400)
[2026-06-09 13:19:09.890] [2224] [HailoRT] [info] [queue_elements.cpp:657] [create] Created (PullQEl_nms2yolov8s/conv63_97 | timeout: 10s)
[2026-06-09 13:19:09.890] [2224] [HailoRT] [info] [queue_elements.cpp:800] [create] Created (UserBufQEl_post_infer0yolov8s/yolov8_nms_postprocess | timeout: 10s)
[2026-06-09 13:19:09.890] [2224] [HailoRT] [info] [vstream.cpp:1114] [OutputVStreamImpl] Creating yolov8s/yolov8_nms_postprocess...
[2026-06-09 13:19:09.890] [2224] [HailoRT] [info] [vstream_builder.cpp:622] [create_output_post_process_nms] Output pipeline 'yolov8s/yolov8_nms_postprocess': HW >> (HwReadEl9yolov8s/conv41_97 | hw_frame_size: 409600) >> (PullQEl_nms9yolov8s/conv41_97) >> (HwReadEl7yolov8s/conv42_97 | hw_frame_size: 512000) >> (PullQEl_nms7yolov8s/conv42_97) >> (HwReadEl1yolov8s/conv52_97 | hw_frame_size: 102400) >> (PullQEl_nms1yolov8s/conv52_97) >> (HwReadEl0yolov8s/conv53_97 | hw_frame_size: 128000) >> (PullQEl_nms0yolov8s/conv53_97) >> (HwReadEl3yolov8s/conv62_97 | hw_frame_size: 30720) >> (PullQEl_nms3yolov8s/conv62_97) >> (HwReadEl2yolov8s/conv63_97 | hw_frame_size: 38400) >> (PullQEl_nms2yolov8s/conv63_97) >> (NmsPPMuxEl0YOLOV8-Post-Process | Op YOLOV8, Name: YOLOV8-Post-Process, Score threshold: 0.200, IoU threshold: 0.70, Classes: 80, Max bboxes per class: 100, Image height: 640, Image width: 640) >> (UserBufQEl_post_infer0yolov8s/yolov8_nms_postprocess | timeout: 10s)
[2026-06-09 13:19:09.890] [6224] [HailoRT] [info] [vdevice_native_stream.cpp:331] [read_impl] Failed read from stream HAILO_STREAM_ABORT(63) (device: 0001:01:00.0)
[2026-06-09 13:19:09.890] [6223] [HailoRT] [info] [vdevice_native_stream.cpp:331] [read_impl] Failed read from stream HAILO_STREAM_ABORT(63) (device: 0001:01:00.0)
[2026-06-09 13:19:09.890] [6227] [HailoRT] [info] [queue_elements.cpp:734] [run_in_thread] Shutdown event was signaled in run_pull of queue element PullQEl_nms3yolov8s/conv62_97!
[2026-06-09 13:19:09.890] [6226] [HailoRT] [info] [vdevice_native_stream.cpp:331] [read_impl] Failed read from stream HAILO_STREAM_ABORT(63) (device: 0001:01:00.0)
[2026-06-09 13:19:09.890] [6223] [HailoRT] [info] [edge_elements.cpp:396] [run_pull] Reading from stream was aborted!
[2026-06-09 13:19:09.890] [6225] [HailoRT] [info] [vdevice_native_stream.cpp:331] [read_impl] Failed read from stream HAILO_STREAM_ABORT(63) (device: 0001:01:00.0)
[2026-06-09 13:19:09.890] [6225] [HailoRT] [info] [edge_elements.cpp:396] [run_pull] Reading from stream was aborted!
[2026-06-09 13:19:09.890] [6224] [HailoRT] [info] [edge_elements.cpp:396] [run_pull] Reading from stream was aborted!
[2026-06-09 13:19:09.890] [6226] [HailoRT] [info] [edge_elements.cpp:396] [run_pull] Reading from stream was aborted!
[2026-06-09 13:19:09.890] [6225] [HailoRT] [info] [queue_elements.cpp:738] [run_in_thread] run_pull of queue element PullQEl_nms1yolov8s/conv52_97 was aborted!
[2026-06-09 13:19:09.890] [6223] [HailoRT] [info] [queue_elements.cpp:738] [run_in_thread] run_pull of queue element PullQEl_nms9yolov8s/conv41_97 was aborted!
[2026-06-09 13:19:09.890] [6224] [HailoRT] [info] [queue_elements.cpp:738] [run_in_thread] run_pull of queue element PullQEl_nms7yolov8s/conv42_97 was aborted!
[2026-06-09 13:19:09.890] [6226] [HailoRT] [info] [queue_elements.cpp:738] [run_in_thread] run_pull of queue element PullQEl_nms0yolov8s/conv53_97 was aborted!
[2026-06-09 13:19:09.890] [6228] [HailoRT] [info] [vdevice_native_stream.cpp:331] [read_impl] Failed read from stream HAILO_STREAM_ABORT(63) (device: 0001:01:00.0)
[2026-06-09 13:19:09.890] [6228] [HailoRT] [info] [edge_elements.cpp:396] [run_pull] Reading from stream was aborted!
[2026-06-09 13:19:09.890] [6228] [HailoRT] [info] [queue_elements.cpp:738] [run_in_thread] run_pull of queue element PullQEl_nms2yolov8s/conv63_97 was aborted!
[2026-06-09 13:19:09.890] [6229] [HailoRT] [info] [queue_elements.cpp:68] [operator()] Thread in element UserBufQEl_post_infer0yolov8s/yolov8_nms_postprocess is not running anymore, exiting..
[2026-06-09 13:19:09.890] [2224] [HailoRT] [info] [queue_elements.cpp:46] [~BaseQueueElement] Queue element UserBufQEl_post_infer0yolov8s/yolov8_nms_postprocess has 0 frames in his Queue on destruction
[2026-06-09 13:19:09.890] [6228] [HailoRT] [info] [queue_elements.cpp:68] [operator()] Thread in element PullQEl_nms2yolov8s/conv63_97 is not running anymore, exiting..
[2026-06-09 13:19:09.890] [2224] [HailoRT] [info] [queue_elements.cpp:46] [~BaseQueueElement] Queue element PullQEl_nms2yolov8s/conv63_97 has 0 frames in his Queue on destruction
[2026-06-09 13:19:09.890] [6227] [HailoRT] [info] [queue_elements.cpp:68] [operator()] Thread in element PullQEl_nms3yolov8s/conv62_97 is not running anymore, exiting..
[2026-06-09 13:19:09.890] [2224] [HailoRT] [info] [queue_elements.cpp:46] [~BaseQueueElement] Queue element PullQEl_nms3yolov8s/conv62_97 has 0 frames in his Queue on destruction
[2026-06-09 13:19:09.890] [6226] [HailoRT] [info] [queue_elements.cpp:68] [operator()] Thread in element PullQEl_nms0yolov8s/conv53_97 is not running anymore, exiting..
[2026-06-09 13:19:09.890] [2224] [HailoRT] [info] [queue_elements.cpp:46] [~BaseQueueElement] Queue element PullQEl_nms0yolov8s/conv53_97 has 0 frames in his Queue on destruction
[2026-06-09 13:19:09.890] [6225] [HailoRT] [info] [queue_elements.cpp:68] [operator()] Thread in element PullQEl_nms1yolov8s/conv52_97 is not running anymore, exiting..
[2026-06-09 13:19:09.890] [2224] [HailoRT] [info] [queue_elements.cpp:46] [~BaseQueueElement] Queue element PullQEl_nms1yolov8s/conv52_97 has 0 frames in his Queue on destruction
[2026-06-09 13:19:09.890] [6224] [HailoRT] [info] [queue_elements.cpp:68] [operator()] Thread in element PullQEl_nms7yolov8s/conv42_97 is not running anymore, exiting..
[2026-06-09 13:19:09.890] [2224] [HailoRT] [info] [queue_elements.cpp:46] [~BaseQueueElement] Queue element PullQEl_nms7yolov8s/conv42_97 has 0 frames in his Queue on destruction
[2026-06-09 13:19:09.890] [6223] [HailoRT] [info] [queue_elements.cpp:68] [operator()] Thread in element PullQEl_nms9yolov8s/conv41_97 is not running anymore, exiting..
[2026-06-09 13:19:09.891] [2224] [HailoRT] [info] [queue_elements.cpp:46] [~BaseQueueElement] Queue element PullQEl_nms9yolov8s/conv41_97 has 0 frames in his Queue on destruction
[2026-06-09 13:19:09.891] [6222] [HailoRT] [info] [queue_elements.cpp:68] [operator()] Thread in element PushQEl3yolov8s/input_layer1 is not running anymore, exiting..
[2026-06-09 13:19:09.891] [2224] [HailoRT] [info] [queue_elements.cpp:46] [~BaseQueueElement] Queue element PushQEl3yolov8s/input_layer1 has 0 frames in his Queue on destruction
[2026-06-09 13:19:09.891] [2224] [HailoRT] [info] [core_op.cpp:186] [deactivate] Deactivating took 0.644337 ms
[2026-06-09 13:19:09.891] [2224] [HailoRT] [info] [core_op.cpp:186] [deactivate] Deactivating took 0.651654 ms
[2026-06-09 13:19:12.684] [2224] [HailoRT] [info] [core_op.cpp:156] [activate] Activating yolov8s took 0.745919 milliseconds. Note that the function is asynchronous and thus the network is not fully activated yet.
[2026-06-09 13:19:12.684] [2224] [HailoRT] [info] [core_op.cpp:156] [activate] Activating yolov8s took 0.774353 milliseconds. Note that the function is asynchronous and thus the network is not fully activated yet.
[2026-06-09 13:19:12.684] [2224] [HailoRT] [info] [edge_elements.cpp:52] [create] Created (HwWriteEl3yolov8s/input_layer1 | hw_frame_size: 1228800)
[2026-06-09 13:19:12.684] [2224] [HailoRT] [info] [queue_elements.cpp:284] [create] Created (PushQEl3yolov8s/input_layer1 | timeout: 10s)
[2026-06-09 13:19:12.684] [2224] [HailoRT] [info] [filter_elements.cpp:101] [create] Created (PreInferEl3yolov8s/input_layer1 | Reorder - src_order: NHWC, src_shape: (640, 640, 3), dst_order: NHCW, dst_shape: (640, 640, 3))
[2026-06-09 13:19:12.684] [2224] [HailoRT] [info] [vstream.cpp:754] [InputVStreamImpl] Creating yolov8s/input_layer1...
[2026-06-09 13:19:12.684] [2224] [HailoRT] [info] [vstream_builder.cpp:102] [create_inputs] Input pipeline 'yolov8s/input_layer1': (PreInferEl3yolov8s/input_layer1 | Reorder - src_order: NHWC, src_shape: (640, 640, 3), dst_order: NHCW, dst_shape: (640, 640, 3)) >> (PushQEl3yolov8s/input_layer1 | timeout: 10s) >> (HwWriteEl3yolov8s/input_layer1 | hw_frame_size: 1228800) >> HW
[2026-06-09 13:19:12.685] [2224] [HailoRT] [info] [multi_io_elements.cpp:135] [create] Created (NmsPPMuxEl0YOLOV8-Post-Process | Op YOLOV8, Name: YOLOV8-Post-Process, Score threshold: 0.200, IoU threshold: 0.70, Classes: 80, Max bboxes per class: 100, Image height: 640, Image width: 640)
[2026-06-09 13:19:12.685] [2224] [HailoRT] [info] [edge_elements.cpp:287] [create] Created (HwReadEl9yolov8s/conv41_97 | hw_frame_size: 409600)
[2026-06-09 13:19:12.685] [2224] [HailoRT] [info] [queue_elements.cpp:657] [create] Created (PullQEl_nms9yolov8s/conv41_97 | timeout: 10s)
[2026-06-09 13:19:12.685] [2224] [HailoRT] [info] [edge_elements.cpp:287] [create] Created (HwReadEl7yolov8s/conv42_97 | hw_frame_size: 512000)
[2026-06-09 13:19:12.685] [2224] [HailoRT] [info] [queue_elements.cpp:657] [create] Created (PullQEl_nms7yolov8s/conv42_97 | timeout: 10s)
[2026-06-09 13:19:12.685] [2224] [HailoRT] [info] [edge_elements.cpp:287] [create] Created (HwReadEl1yolov8s/conv52_97 | hw_frame_size: 102400)
[2026-06-09 13:19:12.685] [2224] [HailoRT] [info] [queue_elements.cpp:657] [create] Created (PullQEl_nms1yolov8s/conv52_97 | timeout: 10s)
[2026-06-09 13:19:12.685] [2224] [HailoRT] [info] [edge_elements.cpp:287] [create] Created (HwReadEl0yolov8s/conv53_97 | hw_frame_size: 128000)
[2026-06-09 13:19:12.685] [2224] [HailoRT] [info] [queue_elements.cpp:657] [create] Created (PullQEl_nms0yolov8s/conv53_97 | timeout: 10s)
[2026-06-09 13:19:12.685] [2224] [HailoRT] [info] [edge_elements.cpp:287] [create] Created (HwReadEl3yolov8s/conv62_97 | hw_frame_size: 30720)
[2026-06-09 13:19:12.685] [2224] [HailoRT] [info] [queue_elements.cpp:657] [create] Created (PullQEl_nms3yolov8s/conv62_97 | timeout: 10s)
[2026-06-09 13:19:12.685] [2224] [HailoRT] [info] [edge_elements.cpp:287] [create] Created (HwReadEl2yolov8s/conv63_97 | hw_frame_size: 38400)
[2026-06-09 13:19:12.685] [2224] [HailoRT] [info] [queue_elements.cpp:657] [create] Created (PullQEl_nms2yolov8s/conv63_97 | timeout: 10s)
[2026-06-09 13:19:12.685] [2224] [HailoRT] [info] [queue_elements.cpp:800] [create] Created (UserBufQEl_post_infer0yolov8s/yolov8_nms_postprocess | timeout: 10s)
[2026-06-09 13:19:12.685] [2224] [HailoRT] [info] [vstream.cpp:1114] [OutputVStreamImpl] Creating yolov8s/yolov8_nms_postprocess...
[2026-06-09 13:19:12.685] [2224] [HailoRT] [info] [vstream_builder.cpp:622] [create_output_post_process_nms] Output pipeline 'yolov8s/yolov8_nms_postprocess': HW >> (HwReadEl9yolov8s/conv41_97 | hw_frame_size: 409600) >> (PullQEl_nms9yolov8s/conv41_97) >> (HwReadEl7yolov8s/conv42_97 | hw_frame_size: 512000) >> (PullQEl_nms7yolov8s/conv42_97) >> (HwReadEl1yolov8s/conv52_97 | hw_frame_size: 102400) >> (PullQEl_nms1yolov8s/conv52_97) >> (HwReadEl0yolov8s/conv53_97 | hw_frame_size: 128000) >> (PullQEl_nms0yolov8s/conv53_97) >> (HwReadEl3yolov8s/conv62_97 | hw_frame_size: 30720) >> (PullQEl_nms3yolov8s/conv62_97) >> (HwReadEl2yolov8s/conv63_97 | hw_frame_size: 38400) >> (PullQEl_nms2yolov8s/conv63_97) >> (NmsPPMuxEl0YOLOV8-Post-Process | Op YOLOV8, Name: YOLOV8-Post-Process, Score threshold: 0.200, IoU threshold: 0.70, Classes: 80, Max bboxes per class: 100, Image height: 640, Image width: 640) >> (UserBufQEl_post_infer0yolov8s/yolov8_nms_postprocess | timeout: 10s)
[2026-06-09 13:19:12.685] [6259] [HailoRT] [info] [vdevice_native_stream.cpp:331] [read_impl] Failed read from stream HAILO_STREAM_ABORT(63) (device: 0001:01:00.0)
[2026-06-09 13:19:12.685] [6260] [HailoRT] [info] [vdevice_native_stream.cpp:331] [read_impl] Failed read from stream HAILO_STREAM_ABORT(63) (device: 0001:01:00.0)
[2026-06-09 13:19:12.685] [6262] [HailoRT] [info] [vdevice_native_stream.cpp:331] [read_impl] Failed read from stream HAILO_STREAM_ABORT(63) (device: 0001:01:00.0)
[2026-06-09 13:19:12.685] [6260] [HailoRT] [info] [edge_elements.cpp:396] [run_pull] Reading from stream was aborted!
[2026-06-09 13:19:12.685] [6261] [HailoRT] [info] [vdevice_native_stream.cpp:331] [read_impl] Failed read from stream HAILO_STREAM_ABORT(63) (device: 0001:01:00.0)
[2026-06-09 13:19:12.685] [6263] [HailoRT] [info] [vdevice_native_stream.cpp:331] [read_impl] Failed read from stream HAILO_STREAM_ABORT(63) (device: 0001:01:00.0)
[2026-06-09 13:19:12.685] [6264] [HailoRT] [info] [vdevice_native_stream.cpp:331] [read_impl] Failed read from stream HAILO_STREAM_ABORT(63) (device: 0001:01:00.0)
[2026-06-09 13:19:12.685] [6264] [HailoRT] [info] [edge_elements.cpp:396] [run_pull] Reading from stream was aborted!
[2026-06-09 13:19:12.685] [6260] [HailoRT] [info] [queue_elements.cpp:738] [run_in_thread] run_pull of queue element PullQEl_nms7yolov8s/conv42_97 was aborted!
[2026-06-09 13:19:12.685] [6261] [HailoRT] [info] [edge_elements.cpp:396] [run_pull] Reading from stream was aborted!
[2026-06-09 13:19:12.685] [6263] [HailoRT] [info] [edge_elements.cpp:396] [run_pull] Reading from stream was aborted!
[2026-06-09 13:19:12.685] [6261] [HailoRT] [info] [queue_elements.cpp:738] [run_in_thread] run_pull of queue element PullQEl_nms1yolov8s/conv52_97 was aborted!
[2026-06-09 13:19:12.685] [6259] [HailoRT] [info] [edge_elements.cpp:396] [run_pull] Reading from stream was aborted!
[2026-06-09 13:19:12.685] [6263] [HailoRT] [info] [queue_elements.cpp:738] [run_in_thread] run_pull of queue element PullQEl_nms3yolov8s/conv62_97 was aborted!
[2026-06-09 13:19:12.685] [6264] [HailoRT] [info] [queue_elements.cpp:738] [run_in_thread] run_pull of queue element PullQEl_nms2yolov8s/conv63_97 was aborted!
[2026-06-09 13:19:12.685] [6259] [HailoRT] [info] [queue_elements.cpp:738] [run_in_thread] run_pull of queue element PullQEl_nms9yolov8s/conv41_97 was aborted!
[2026-06-09 13:19:12.685] [6262] [HailoRT] [info] [edge_elements.cpp:396] [run_pull] Reading from stream was aborted!
[2026-06-09 13:19:12.685] [6262] [HailoRT] [info] [queue_elements.cpp:738] [run_in_thread] run_pull of queue element PullQEl_nms0yolov8s/conv53_97 was aborted!
[2026-06-09 13:19:12.685] [6265] [HailoRT] [info] [queue_elements.cpp:68] [operator()] Thread in element UserBufQEl_post_infer0yolov8s/yolov8_nms_postprocess is not running anymore, exiting..
[2026-06-09 13:19:12.685] [2224] [HailoRT] [info] [queue_elements.cpp:46] [~BaseQueueElement] Queue element UserBufQEl_post_infer0yolov8s/yolov8_nms_postprocess has 0 frames in his Queue on destruction
[2026-06-09 13:19:12.685] [6264] [HailoRT] [info] [queue_elements.cpp:68] [operator()] Thread in element PullQEl_nms2yolov8s/conv63_97 is not running anymore, exiting..
[2026-06-09 13:19:12.685] [2224] [HailoRT] [info] [queue_elements.cpp:46] [~BaseQueueElement] Queue element PullQEl_nms2yolov8s/conv63_97 has 0 frames in his Queue on destruction
[2026-06-09 13:19:12.685] [6263] [HailoRT] [info] [queue_elements.cpp:68] [operator()] Thread in element PullQEl_nms3yolov8s/conv62_97 is not running anymore, exiting..
[2026-06-09 13:19:12.685] [2224] [HailoRT] [info] [queue_elements.cpp:46] [~BaseQueueElement] Queue element PullQEl_nms3yolov8s/conv62_97 has 0 frames in his Queue on destruction
[2026-06-09 13:19:12.685] [6262] [HailoRT] [info] [queue_elements.cpp:68] [operator()] Thread in element PullQEl_nms0yolov8s/conv53_97 is not running anymore, exiting..
[2026-06-09 13:19:12.685] [2224] [HailoRT] [info] [queue_elements.cpp:46] [~BaseQueueElement] Queue element PullQEl_nms0yolov8s/conv53_97 has 0 frames in his Queue on destruction
[2026-06-09 13:19:12.685] [6261] [HailoRT] [info] [queue_elements.cpp:68] [operator()] Thread in element PullQEl_nms1yolov8s/conv52_97 is not running anymore, exiting..
[2026-06-09 13:19:12.685] [2224] [HailoRT] [info] [queue_elements.cpp:46] [~BaseQueueElement] Queue element PullQEl_nms1yolov8s/conv52_97 has 0 frames in his Queue on destruction
[2026-06-09 13:19:12.685] [6260] [HailoRT] [info] [queue_elements.cpp:68] [operator()] Thread in element PullQEl_nms7yolov8s/conv42_97 is not running anymore, exiting..
[2026-06-09 13:19:12.685] [2224] [HailoRT] [info] [queue_elements.cpp:46] [~BaseQueueElement] Queue element PullQEl_nms7yolov8s/conv42_97 has 0 frames in his Queue on destruction
[2026-06-09 13:19:12.685] [6259] [HailoRT] [info] [queue_elements.cpp:68] [operator()] Thread in element PullQEl_nms9yolov8s/conv41_97 is not running anymore, exiting..
[2026-06-09 13:19:12.685] [2224] [HailoRT] [info] [queue_elements.cpp:46] [~BaseQueueElement] Queue element PullQEl_nms9yolov8s/conv41_97 has 0 frames in his Queue on destruction
[2026-06-09 13:19:12.685] [6258] [HailoRT] [info] [queue_elements.cpp:68] [operator()] Thread in element PushQEl3yolov8s/input_layer1 is not running anymore, exiting..
[2026-06-09 13:19:12.685] [2224] [HailoRT] [info] [queue_elements.cpp:46] [~BaseQueueElement] Queue element PushQEl3yolov8s/input_layer1 has 0 frames in his Queue on destruction
[2026-06-09 13:19:12.686] [2224] [HailoRT] [info] [core_op.cpp:186] [deactivate] Deactivating took 0.621127 ms
[2026-06-09 13:19:12.686] [2224] [HailoRT] [info] [core_op.cpp:186] [deactivate] Deactivating took 0.628258 ms
[2026-06-09 13:19:15.519] [2224] [HailoRT] [info] [core_op.cpp:156] [activate] Activating yolov8s took 0.833105 milliseconds. Note that the function is asynchronous and thus the network is not fully activated yet.
[2026-06-09 13:19:15.519] [2224] [HailoRT] [info] [core_op.cpp:156] [activate] Activating yolov8s took 0.862481 milliseconds. Note that the function is asynchronous and thus the network is not fully activated yet.
[2026-06-09 13:19:15.519] [2224] [HailoRT] [info] [edge_elements.cpp:52] [create] Created (HwWriteEl3yolov8s/input_layer1 | hw_frame_size: 1228800)
[2026-06-09 13:19:15.519] [2224] [HailoRT] [info] [queue_elements.cpp:284] [create] Created (PushQEl3yolov8s/input_layer1 | timeout: 10s)
[2026-06-09 13:19:15.519] [2224] [HailoRT] [info] [filter_elements.cpp:101] [create] Created (PreInferEl3yolov8s/input_layer1 | Reorder - src_order: NHWC, src_shape: (640, 640, 3), dst_order: NHCW, dst_shape: (640, 640, 3))
[2026-06-09 13:19:15.519] [2224] [HailoRT] [info] [vstream.cpp:754] [InputVStreamImpl] Creating yolov8s/input_layer1...
[2026-06-09 13:19:15.519] [2224] [HailoRT] [info] [vstream_builder.cpp:102] [create_inputs] Input pipeline 'yolov8s/input_layer1': (PreInferEl3yolov8s/input_layer1 | Reorder - src_order: NHWC, src_shape: (640, 640, 3), dst_order: NHCW, dst_shape: (640, 640, 3)) >> (PushQEl3yolov8s/input_layer1 | timeout: 10s) >> (HwWriteEl3yolov8s/input_layer1 | hw_frame_size: 1228800) >> HW
[2026-06-09 13:19:15.519] [2224] [HailoRT] [info] [multi_io_elements.cpp:135] [create] Created (NmsPPMuxEl0YOLOV8-Post-Process | Op YOLOV8, Name: YOLOV8-Post-Process, Score threshold: 0.200, IoU threshold: 0.70, Classes: 80, Max bboxes per class: 100, Image height: 640, Image width: 640)
[2026-06-09 13:19:15.519] [2224] [HailoRT] [info] [edge_elements.cpp:287] [create] Created (HwReadEl9yolov8s/conv41_97 | hw_frame_size: 409600)
[2026-06-09 13:19:15.519] [2224] [HailoRT] [info] [queue_elements.cpp:657] [create] Created (PullQEl_nms9yolov8s/conv41_97 | timeout: 10s)
[2026-06-09 13:19:15.519] [2224] [HailoRT] [info] [edge_elements.cpp:287] [create] Created (HwReadEl7yolov8s/conv42_97 | hw_frame_size: 512000)
[2026-06-09 13:19:15.519] [2224] [HailoRT] [info] [queue_elements.cpp:657] [create] Created (PullQEl_nms7yolov8s/conv42_97 | timeout: 10s)
[2026-06-09 13:19:15.519] [2224] [HailoRT] [info] [edge_elements.cpp:287] [create] Created (HwReadEl1yolov8s/conv52_97 | hw_frame_size: 102400)
[2026-06-09 13:19:15.520] [2224] [HailoRT] [info] [queue_elements.cpp:657] [create] Created (PullQEl_nms1yolov8s/conv52_97 | timeout: 10s)
[2026-06-09 13:19:15.520] [2224] [HailoRT] [info] [edge_elements.cpp:287] [create] Created (HwReadEl0yolov8s/conv53_97 | hw_frame_size: 128000)
[2026-06-09 13:19:15.520] [2224] [HailoRT] [info] [queue_elements.cpp:657] [create] Created (PullQEl_nms0yolov8s/conv53_97 | timeout: 10s)
[2026-06-09 13:19:15.520] [2224] [HailoRT] [info] [edge_elements.cpp:287] [create] Created (HwReadEl3yolov8s/conv62_97 | hw_frame_size: 30720)
[2026-06-09 13:19:15.520] [2224] [HailoRT] [info] [queue_elements.cpp:657] [create] Created (PullQEl_nms3yolov8s/conv62_97 | timeout: 10s)
[2026-06-09 13:19:15.520] [2224] [HailoRT] [info] [edge_elements.cpp:287] [create] Created (HwReadEl2yolov8s/conv63_97 | hw_frame_size: 38400)
[2026-06-09 13:19:15.520] [2224] [HailoRT] [info] [queue_elements.cpp:657] [create] Created (PullQEl_nms2yolov8s/conv63_97 | timeout: 10s)
[2026-06-09 13:19:15.520] [2224] [HailoRT] [info] [queue_elements.cpp:800] [create] Created (UserBufQEl_post_infer0yolov8s/yolov8_nms_postprocess | timeout: 10s)
[2026-06-09 13:19:15.520] [2224] [HailoRT] [info] [vstream.cpp:1114] [OutputVStreamImpl] Creating yolov8s/yolov8_nms_postprocess...
[2026-06-09 13:19:15.520] [2224] [HailoRT] [info] [vstream_builder.cpp:622] [create_output_post_process_nms] Output pipeline 'yolov8s/yolov8_nms_postprocess': HW >> (HwReadEl9yolov8s/conv41_97 | hw_frame_size: 409600) >> (PullQEl_nms9yolov8s/conv41_97) >> (HwReadEl7yolov8s/conv42_97 | hw_frame_size: 512000) >> (PullQEl_nms7yolov8s/conv42_97) >> (HwReadEl1yolov8s/conv52_97 | hw_frame_size: 102400) >> (PullQEl_nms1yolov8s/conv52_97) >> (HwReadEl0yolov8s/conv53_97 | hw_frame_size: 128000) >> (PullQEl_nms0yolov8s/conv53_97) >> (HwReadEl3yolov8s/conv62_97 | hw_frame_size: 30720) >> (PullQEl_nms3yolov8s/conv62_97) >> (HwReadEl2yolov8s/conv63_97 | hw_frame_size: 38400) >> (PullQEl_nms2yolov8s/conv63_97) >> (NmsPPMuxEl0YOLOV8-Post-Process | Op YOLOV8, Name: YOLOV8-Post-Process, Score threshold: 0.200, IoU threshold: 0.70, Classes: 80, Max bboxes per class: 100, Image height: 640, Image width: 640) >> (UserBufQEl_post_infer0yolov8s/yolov8_nms_postprocess | timeout: 10s)
[2026-06-09 13:19:15.520] [6297] [HailoRT] [info] [vdevice_native_stream.cpp:331] [read_impl] Failed read from stream HAILO_STREAM_ABORT(63) (device: 0001:01:00.0)
[2026-06-09 13:19:15.520] [6297] [HailoRT] [info] [edge_elements.cpp:396] [run_pull] Reading from stream was aborted!
[2026-06-09 13:19:15.520] [6302] [HailoRT] [info] [vdevice_native_stream.cpp:331] [read_impl] Failed read from stream HAILO_STREAM_ABORT(63) (device: 0001:01:00.0)
[2026-06-09 13:19:15.520] [6300] [HailoRT] [info] [queue_elements.cpp:734] [run_in_thread] Shutdown event was signaled in run_pull of queue element PullQEl_nms0yolov8s/conv53_97!
[2026-06-09 13:19:15.520] [6302] [HailoRT] [info] [edge_elements.cpp:396] [run_pull] Reading from stream was aborted!
[2026-06-09 13:19:15.520] [6297] [HailoRT] [info] [queue_elements.cpp:738] [run_in_thread] run_pull of queue element PullQEl_nms9yolov8s/conv41_97 was aborted!
[2026-06-09 13:19:15.520] [6299] [HailoRT] [info] [vdevice_native_stream.cpp:331] [read_impl] Failed read from stream HAILO_STREAM_ABORT(63) (device: 0001:01:00.0)
[2026-06-09 13:19:15.520] [6299] [HailoRT] [info] [edge_elements.cpp:396] [run_pull] Reading from stream was aborted!
[2026-06-09 13:19:15.520] [6302] [HailoRT] [info] [queue_elements.cpp:738] [run_in_thread] run_pull of queue element PullQEl_nms2yolov8s/conv63_97 was aborted!
[2026-06-09 13:19:15.520] [6299] [HailoRT] [info] [queue_elements.cpp:738] [run_in_thread] run_pull of queue element PullQEl_nms1yolov8s/conv52_97 was aborted!
[2026-06-09 13:19:15.520] [6298] [HailoRT] [info] [vdevice_native_stream.cpp:331] [read_impl] Failed read from stream HAILO_STREAM_ABORT(63) (device: 0001:01:00.0)
[2026-06-09 13:19:15.520] [6301] [HailoRT] [info] [vdevice_native_stream.cpp:331] [read_impl] Failed read from stream HAILO_STREAM_ABORT(63) (device: 0001:01:00.0)
[2026-06-09 13:19:15.520] [6298] [HailoRT] [info] [edge_elements.cpp:396] [run_pull] Reading from stream was aborted!
[2026-06-09 13:19:15.520] [6301] [HailoRT] [info] [edge_elements.cpp:396] [run_pull] Reading from stream was aborted!
[2026-06-09 13:19:15.520] [6298] [HailoRT] [info] [queue_elements.cpp:738] [run_in_thread] run_pull of queue element PullQEl_nms7yolov8s/conv42_97 was aborted!
[2026-06-09 13:19:15.520] [6301] [HailoRT] [info] [queue_elements.cpp:738] [run_in_thread] run_pull of queue element PullQEl_nms3yolov8s/conv62_97 was aborted!
[2026-06-09 13:19:15.520] [6303] [HailoRT] [info] [queue_elements.cpp:68] [operator()] Thread in element UserBufQEl_post_infer0yolov8s/yolov8_nms_postprocess is not running anymore, exiting..
[2026-06-09 13:19:15.520] [2224] [HailoRT] [info] [queue_elements.cpp:46] [~BaseQueueElement] Queue element UserBufQEl_post_infer0yolov8s/yolov8_nms_postprocess has 0 frames in his Queue on destruction
[2026-06-09 13:19:15.520] [6302] [HailoRT] [info] [queue_elements.cpp:68] [operator()] Thread in element PullQEl_nms2yolov8s/conv63_97 is not running anymore, exiting..
[2026-06-09 13:19:15.520] [2224] [HailoRT] [info] [queue_elements.cpp:46] [~BaseQueueElement] Queue element PullQEl_nms2yolov8s/conv63_97 has 0 frames in his Queue on destruction
[2026-06-09 13:19:15.520] [6301] [HailoRT] [info] [queue_elements.cpp:68] [operator()] Thread in element PullQEl_nms3yolov8s/conv62_97 is not running anymore, exiting..
[2026-06-09 13:19:15.520] [2224] [HailoRT] [info] [queue_elements.cpp:46] [~BaseQueueElement] Queue element PullQEl_nms3yolov8s/conv62_97 has 0 frames in his Queue on destruction
[2026-06-09 13:19:15.520] [6300] [HailoRT] [info] [queue_elements.cpp:68] [operator()] Thread in element PullQEl_nms0yolov8s/conv53_97 is not running anymore, exiting..
[2026-06-09 13:19:15.520] [2224] [HailoRT] [info] [queue_elements.cpp:46] [~BaseQueueElement] Queue element PullQEl_nms0yolov8s/conv53_97 has 0 frames in his Queue on destruction
[2026-06-09 13:19:15.520] [6299] [HailoRT] [info] [queue_elements.cpp:68] [operator()] Thread in element PullQEl_nms1yolov8s/conv52_97 is not running anymore, exiting..
[2026-06-09 13:19:15.520] [2224] [HailoRT] [info] [queue_elements.cpp:46] [~BaseQueueElement] Queue element PullQEl_nms1yolov8s/conv52_97 has 0 frames in his Queue on destruction
[2026-06-09 13:19:15.520] [6298] [HailoRT] [info] [queue_elements.cpp:68] [operator()] Thread in element PullQEl_nms7yolov8s/conv42_97 is not running anymore, exiting..
[2026-06-09 13:19:15.520] [2224] [HailoRT] [info] [queue_elements.cpp:46] [~BaseQueueElement] Queue element PullQEl_nms7yolov8s/conv42_97 has 0 frames in his Queue on destruction
[2026-06-09 13:19:15.520] [6297] [HailoRT] [info] [queue_elements.cpp:68] [operator()] Thread in element PullQEl_nms9yolov8s/conv41_97 is not running anymore, exiting..
[2026-06-09 13:19:15.520] [2224] [HailoRT] [info] [queue_elements.cpp:46] [~BaseQueueElement] Queue element PullQEl_nms9yolov8s/conv41_97 has 0 frames in his Queue on destruction
[2026-06-09 13:19:15.520] [6296] [HailoRT] [info] [queue_elements.cpp:68] [operator()] Thread in element PushQEl3yolov8s/input_layer1 is not running anymore, exiting..
[2026-06-09 13:19:15.520] [2224] [HailoRT] [info] [queue_elements.cpp:46] [~BaseQueueElement] Queue element PushQEl3yolov8s/input_layer1 has 0 frames in his Queue on destruction
[2026-06-09 13:19:15.521] [2224] [HailoRT] [info] [core_op.cpp:186] [deactivate] Deactivating took 0.572369 ms
[2026-06-09 13:19:15.521] [2224] [HailoRT] [info] [core_op.cpp:186] [deactivate] Deactivating took 0.580667 ms
[2026-06-09 13:19:18.220] [2224] [HailoRT] [info] [core_op.cpp:156] [activate] Activating yolov8s took 0.72356 milliseconds. Note that the function is asynchronous and thus the network is not fully activated yet.
[2026-06-09 13:19:18.220] [2224] [HailoRT] [info] [core_op.cpp:156] [activate] Activating yolov8s took 0.750471 milliseconds. Note that the function is asynchronous and thus the network is not fully activated yet.
[2026-06-09 13:19:18.221] [2224] [HailoRT] [info] [edge_elements.cpp:52] [create] Created (HwWriteEl3yolov8s/input_layer1 | hw_frame_size: 1228800)
[2026-06-09 13:19:18.221] [2224] [HailoRT] [info] [queue_elements.cpp:284] [create] Created (PushQEl3yolov8s/input_layer1 | timeout: 10s)
[2026-06-09 13:19:18.221] [2224] [HailoRT] [info] [filter_elements.cpp:101] [create] Created (PreInferEl3yolov8s/input_layer1 | Reorder - src_order: NHWC, src_shape: (640, 640, 3), dst_order: NHCW, dst_shape: (640, 640, 3))
[2026-06-09 13:19:18.221] [2224] [HailoRT] [info] [vstream.cpp:754] [InputVStreamImpl] Creating yolov8s/input_layer1...
[2026-06-09 13:19:18.221] [2224] [HailoRT] [info] [vstream_builder.cpp:102] [create_inputs] Input pipeline 'yolov8s/input_layer1': (PreInferEl3yolov8s/input_layer1 | Reorder - src_order: NHWC, src_shape: (640, 640, 3), dst_order: NHCW, dst_shape: (640, 640, 3)) >> (PushQEl3yolov8s/input_layer1 | timeout: 10s) >> (HwWriteEl3yolov8s/input_layer1 | hw_frame_size: 1228800) >> HW
[2026-06-09 13:19:18.221] [2224] [HailoRT] [info] [multi_io_elements.cpp:135] [create] Created (NmsPPMuxEl0YOLOV8-Post-Process | Op YOLOV8, Name: YOLOV8-Post-Process, Score threshold: 0.200, IoU threshold: 0.70, Classes: 80, Max bboxes per class: 100, Image height: 640, Image width: 640)
[2026-06-09 13:19:18.221] [2224] [HailoRT] [info] [edge_elements.cpp:287] [create] Created (HwReadEl9yolov8s/conv41_97 | hw_frame_size: 409600)
[2026-06-09 13:19:18.221] [2224] [HailoRT] [info] [queue_elements.cpp:657] [create] Created (PullQEl_nms9yolov8s/conv41_97 | timeout: 10s)
[2026-06-09 13:19:18.221] [2224] [HailoRT] [info] [edge_elements.cpp:287] [create] Created (HwReadEl7yolov8s/conv42_97 | hw_frame_size: 512000)
[2026-06-09 13:19:18.221] [2224] [HailoRT] [info] [queue_elements.cpp:657] [create] Created (PullQEl_nms7yolov8s/conv42_97 | timeout: 10s)
[2026-06-09 13:19:18.221] [2224] [HailoRT] [info] [edge_elements.cpp:287] [create] Created (HwReadEl1yolov8s/conv52_97 | hw_frame_size: 102400)
[2026-06-09 13:19:18.221] [2224] [HailoRT] [info] [queue_elements.cpp:657] [create] Created (PullQEl_nms1yolov8s/conv52_97 | timeout: 10s)
[2026-06-09 13:19:18.221] [2224] [HailoRT] [info] [edge_elements.cpp:287] [create] Created (HwReadEl0yolov8s/conv53_97 | hw_frame_size: 128000)
[2026-06-09 13:19:18.221] [2224] [HailoRT] [info] [queue_elements.cpp:657] [create] Created (PullQEl_nms0yolov8s/conv53_97 | timeout: 10s)
[2026-06-09 13:19:18.221] [2224] [HailoRT] [info] [edge_elements.cpp:287] [create] Created (HwReadEl3yolov8s/conv62_97 | hw_frame_size: 30720)
[2026-06-09 13:19:18.221] [2224] [HailoRT] [info] [queue_elements.cpp:657] [create] Created (PullQEl_nms3yolov8s/conv62_97 | timeout: 10s)
[2026-06-09 13:19:18.221] [2224] [HailoRT] [info] [edge_elements.cpp:287] [create] Created (HwReadEl2yolov8s/conv63_97 | hw_frame_size: 38400)
[2026-06-09 13:19:18.221] [2224] [HailoRT] [info] [queue_elements.cpp:657] [create] Created (PullQEl_nms2yolov8s/conv63_97 | timeout: 10s)
[2026-06-09 13:19:18.221] [2224] [HailoRT] [info] [queue_elements.cpp:800] [create] Created (UserBufQEl_post_infer0yolov8s/yolov8_nms_postprocess | timeout: 10s)
[2026-06-09 13:19:18.221] [2224] [HailoRT] [info] [vstream.cpp:1114] [OutputVStreamImpl] Creating yolov8s/yolov8_nms_postprocess...
[2026-06-09 13:19:18.221] [2224] [HailoRT] [info] [vstream_builder.cpp:622] [create_output_post_process_nms] Output pipeline 'yolov8s/yolov8_nms_postprocess': HW >> (HwReadEl9yolov8s/conv41_97 | hw_frame_size: 409600) >> (PullQEl_nms9yolov8s/conv41_97) >> (HwReadEl7yolov8s/conv42_97 | hw_frame_size: 512000) >> (PullQEl_nms7yolov8s/conv42_97) >> (HwReadEl1yolov8s/conv52_97 | hw_frame_size: 102400) >> (PullQEl_nms1yolov8s/conv52_97) >> (HwReadEl0yolov8s/conv53_97 | hw_frame_size: 128000) >> (PullQEl_nms0yolov8s/conv53_97) >> (HwReadEl3yolov8s/conv62_97 | hw_frame_size: 30720) >> (PullQEl_nms3yolov8s/conv62_97) >> (HwReadEl2yolov8s/conv63_97 | hw_frame_size: 38400) >> (PullQEl_nms2yolov8s/conv63_97) >> (NmsPPMuxEl0YOLOV8-Post-Process | Op YOLOV8, Name: YOLOV8-Post-Process, Score threshold: 0.200, IoU threshold: 0.70, Classes: 80, Max bboxes per class: 100, Image height: 640, Image width: 640) >> (UserBufQEl_post_infer0yolov8s/yolov8_nms_postprocess | timeout: 10s)
[2026-06-09 13:19:18.221] [6324] [HailoRT] [info] [vdevice_native_stream.cpp:331] [read_impl] Failed read from stream HAILO_STREAM_ABORT(63) (device: 0001:01:00.0)
[2026-06-09 13:19:18.221] [6324] [HailoRT] [info] [edge_elements.cpp:396] [run_pull] Reading from stream was aborted!
[2026-06-09 13:19:18.221] [6325] [HailoRT] [info] [vdevice_native_stream.cpp:331] [read_impl] Failed read from stream HAILO_STREAM_ABORT(63) (device: 0001:01:00.0)
[2026-06-09 13:19:18.221] [6324] [HailoRT] [info] [queue_elements.cpp:738] [run_in_thread] run_pull of queue element PullQEl_nms9yolov8s/conv41_97 was aborted!
[2026-06-09 13:19:18.221] [6326] [HailoRT] [info] [vdevice_native_stream.cpp:331] [read_impl] Failed read from stream HAILO_STREAM_ABORT(63) (device: 0001:01:00.0)
[2026-06-09 13:19:18.221] [6327] [HailoRT] [info] [vdevice_native_stream.cpp:331] [read_impl] Failed read from stream HAILO_STREAM_ABORT(63) (device: 0001:01:00.0)
[2026-06-09 13:19:18.221] [6326] [HailoRT] [info] [edge_elements.cpp:396] [run_pull] Reading from stream was aborted!
[2026-06-09 13:19:18.221] [6325] [HailoRT] [info] [edge_elements.cpp:396] [run_pull] Reading from stream was aborted!
[2026-06-09 13:19:18.221] [6326] [HailoRT] [info] [queue_elements.cpp:738] [run_in_thread] run_pull of queue element PullQEl_nms1yolov8s/conv52_97 was aborted!
[2026-06-09 13:19:18.221] [6325] [HailoRT] [info] [queue_elements.cpp:738] [run_in_thread] run_pull of queue element PullQEl_nms7yolov8s/conv42_97 was aborted!
[2026-06-09 13:19:18.221] [6329] [HailoRT] [info] [vdevice_native_stream.cpp:331] [read_impl] Failed read from stream HAILO_STREAM_ABORT(63) (device: 0001:01:00.0)
[2026-06-09 13:19:18.221] [6327] [HailoRT] [info] [edge_elements.cpp:396] [run_pull] Reading from stream was aborted!
[2026-06-09 13:19:18.221] [6328] [HailoRT] [info] [queue_elements.cpp:734] [run_in_thread] Shutdown event was signaled in run_pull of queue element PullQEl_nms3yolov8s/conv62_97!
[2026-06-09 13:19:18.221] [6329] [HailoRT] [info] [edge_elements.cpp:396] [run_pull] Reading from stream was aborted!
[2026-06-09 13:19:18.221] [6327] [HailoRT] [info] [queue_elements.cpp:738] [run_in_thread] run_pull of queue element PullQEl_nms0yolov8s/conv53_97 was aborted!
[2026-06-09 13:19:18.221] [6329] [HailoRT] [info] [queue_elements.cpp:738] [run_in_thread] run_pull of queue element PullQEl_nms2yolov8s/conv63_97 was aborted!
[2026-06-09 13:19:18.221] [6330] [HailoRT] [info] [queue_elements.cpp:68] [operator()] Thread in element UserBufQEl_post_infer0yolov8s/yolov8_nms_postprocess is not running anymore, exiting..
[2026-06-09 13:19:18.221] [2224] [HailoRT] [info] [queue_elements.cpp:46] [~BaseQueueElement] Queue element UserBufQEl_post_infer0yolov8s/yolov8_nms_postprocess has 0 frames in his Queue on destruction
[2026-06-09 13:19:18.221] [6329] [HailoRT] [info] [queue_elements.cpp:68] [operator()] Thread in element PullQEl_nms2yolov8s/conv63_97 is not running anymore, exiting..
[2026-06-09 13:19:18.221] [2224] [HailoRT] [info] [queue_elements.cpp:46] [~BaseQueueElement] Queue element PullQEl_nms2yolov8s/conv63_97 has 0 frames in his Queue on destruction
[2026-06-09 13:19:18.221] [6328] [HailoRT] [info] [queue_elements.cpp:68] [operator()] Thread in element PullQEl_nms3yolov8s/conv62_97 is not running anymore, exiting..
[2026-06-09 13:19:18.221] [2224] [HailoRT] [info] [queue_elements.cpp:46] [~BaseQueueElement] Queue element PullQEl_nms3yolov8s/conv62_97 has 0 frames in his Queue on destruction
[2026-06-09 13:19:18.221] [6327] [HailoRT] [info] [queue_elements.cpp:68] [operator()] Thread in element PullQEl_nms0yolov8s/conv53_97 is not running anymore, exiting..
[2026-06-09 13:19:18.221] [2224] [HailoRT] [info] [queue_elements.cpp:46] [~BaseQueueElement] Queue element PullQEl_nms0yolov8s/conv53_97 has 0 frames in his Queue on destruction
[2026-06-09 13:19:18.222] [6326] [HailoRT] [info] [queue_elements.cpp:68] [operator()] Thread in element PullQEl_nms1yolov8s/conv52_97 is not running anymore, exiting..
[2026-06-09 13:19:18.222] [2224] [HailoRT] [info] [queue_elements.cpp:46] [~BaseQueueElement] Queue element PullQEl_nms1yolov8s/conv52_97 has 0 frames in his Queue on destruction
[2026-06-09 13:19:18.222] [6325] [HailoRT] [info] [queue_elements.cpp:68] [operator()] Thread in element PullQEl_nms7yolov8s/conv42_97 is not running anymore, exiting..
[2026-06-09 13:19:18.222] [2224] [HailoRT] [info] [queue_elements.cpp:46] [~BaseQueueElement] Queue element PullQEl_nms7yolov8s/conv42_97 has 0 frames in his Queue on destruction
[2026-06-09 13:19:18.222] [6324] [HailoRT] [info] [queue_elements.cpp:68] [operator()] Thread in element PullQEl_nms9yolov8s/conv41_97 is not running anymore, exiting..
[2026-06-09 13:19:18.222] [2224] [HailoRT] [info] [queue_elements.cpp:46] [~BaseQueueElement] Queue element PullQEl_nms9yolov8s/conv41_97 has 0 frames in his Queue on destruction
[2026-06-09 13:19:18.222] [6323] [HailoRT] [info] [queue_elements.cpp:68] [operator()] Thread in element PushQEl3yolov8s/input_layer1 is not running anymore, exiting..
[2026-06-09 13:19:18.222] [2224] [HailoRT] [info] [queue_elements.cpp:46] [~BaseQueueElement] Queue element PushQEl3yolov8s/input_layer1 has 0 frames in his Queue on destruction
[2026-06-09 13:19:18.222] [2224] [HailoRT] [info] [core_op.cpp:186] [deactivate] Deactivating took 0.648365 ms
[2026-06-09 13:19:18.222] [2224] [HailoRT] [info] [core_op.cpp:186] [deactivate] Deactivating took 0.655699 ms
[2026-06-09 13:19:21.082] [2224] [HailoRT] [info] [core_op.cpp:156] [activate] Activating yolov8s took 0.737656 milliseconds. Note that the function is asynchronous and thus the network is not fully activated yet.
[2026-06-09 13:19:21.082] [2224] [HailoRT] [info] [core_op.cpp:156] [activate] Activating yolov8s took 0.765084 milliseconds. Note that the function is asynchronous and thus the network is not fully activated yet.
[2026-06-09 13:19:21.083] [2224] [HailoRT] [info] [edge_elements.cpp:52] [create] Created (HwWriteEl3yolov8s/input_layer1 | hw_frame_size: 1228800)
[2026-06-09 13:19:21.083] [2224] [HailoRT] [info] [queue_elements.cpp:284] [create] Created (PushQEl3yolov8s/input_layer1 | timeout: 10s)
[2026-06-09 13:19:21.083] [2224] [HailoRT] [info] [filter_elements.cpp:101] [create] Created (PreInferEl3yolov8s/input_layer1 | Reorder - src_order: NHWC, src_shape: (640, 640, 3), dst_order: NHCW, dst_shape: (640, 640, 3))
[2026-06-09 13:19:21.083] [2224] [HailoRT] [info] [vstream.cpp:754] [InputVStreamImpl] Creating yolov8s/input_layer1...
[2026-06-09 13:19:21.083] [2224] [HailoRT] [info] [vstream_builder.cpp:102] [create_inputs] Input pipeline 'yolov8s/input_layer1': (PreInferEl3yolov8s/input_layer1 | Reorder - src_order: NHWC, src_shape: (640, 640, 3), dst_order: NHCW, dst_shape: (640, 640, 3)) >> (PushQEl3yolov8s/input_layer1 | timeout: 10s) >> (HwWriteEl3yolov8s/input_layer1 | hw_frame_size: 1228800) >> HW
[2026-06-09 13:19:21.083] [2224] [HailoRT] [info] [multi_io_elements.cpp:135] [create] Created (NmsPPMuxEl0YOLOV8-Post-Process | Op YOLOV8, Name: YOLOV8-Post-Process, Score threshold: 0.200, IoU threshold: 0.70, Classes: 80, Max bboxes per class: 100, Image height: 640, Image width: 640)
[2026-06-09 13:19:21.083] [2224] [HailoRT] [info] [edge_elements.cpp:287] [create] Created (HwReadEl9yolov8s/conv41_97 | hw_frame_size: 409600)
[2026-06-09 13:19:21.083] [2224] [HailoRT] [info] [queue_elements.cpp:657] [create] Created (PullQEl_nms9yolov8s/conv41_97 | timeout: 10s)
[2026-06-09 13:19:21.083] [2224] [HailoRT] [info] [edge_elements.cpp:287] [create] Created (HwReadEl7yolov8s/conv42_97 | hw_frame_size: 512000)
[2026-06-09 13:19:21.083] [2224] [HailoRT] [info] [queue_elements.cpp:657] [create] Created (PullQEl_nms7yolov8s/conv42_97 | timeout: 10s)
[2026-06-09 13:19:21.083] [2224] [HailoRT] [info] [edge_elements.cpp:287] [create] Created (HwReadEl1yolov8s/conv52_97 | hw_frame_size: 102400)
[2026-06-09 13:19:21.083] [2224] [HailoRT] [info] [queue_elements.cpp:657] [create] Created (PullQEl_nms1yolov8s/conv52_97 | timeout: 10s)
[2026-06-09 13:19:21.083] [2224] [HailoRT] [info] [edge_elements.cpp:287] [create] Created (HwReadEl0yolov8s/conv53_97 | hw_frame_size: 128000)
[2026-06-09 13:19:21.083] [2224] [HailoRT] [info] [queue_elements.cpp:657] [create] Created (PullQEl_nms0yolov8s/conv53_97 | timeout: 10s)
[2026-06-09 13:19:21.083] [2224] [HailoRT] [info] [edge_elements.cpp:287] [create] Created (HwReadEl3yolov8s/conv62_97 | hw_frame_size: 30720)
[2026-06-09 13:19:21.083] [2224] [HailoRT] [info] [queue_elements.cpp:657] [create] Created (PullQEl_nms3yolov8s/conv62_97 | timeout: 10s)
[2026-06-09 13:19:21.083] [2224] [HailoRT] [info] [edge_elements.cpp:287] [create] Created (HwReadEl2yolov8s/conv63_97 | hw_frame_size: 38400)
[2026-06-09 13:19:21.083] [2224] [HailoRT] [info] [queue_elements.cpp:657] [create] Created (PullQEl_nms2yolov8s/conv63_97 | timeout: 10s)
[2026-06-09 13:19:21.083] [2224] [HailoRT] [info] [queue_elements.cpp:800] [create] Created (UserBufQEl_post_infer0yolov8s/yolov8_nms_postprocess | timeout: 10s)
[2026-06-09 13:19:21.083] [2224] [HailoRT] [info] [vstream.cpp:1114] [OutputVStreamImpl] Creating yolov8s/yolov8_nms_postprocess...
[2026-06-09 13:19:21.083] [2224] [HailoRT] [info] [vstream_builder.cpp:622] [create_output_post_process_nms] Output pipeline 'yolov8s/yolov8_nms_postprocess': HW >> (HwReadEl9yolov8s/conv41_97 | hw_frame_size: 409600) >> (PullQEl_nms9yolov8s/conv41_97) >> (HwReadEl7yolov8s/conv42_97 | hw_frame_size: 512000) >> (PullQEl_nms7yolov8s/conv42_97) >> (HwReadEl1yolov8s/conv52_97 | hw_frame_size: 102400) >> (PullQEl_nms1yolov8s/conv52_97) >> (HwReadEl0yolov8s/conv53_97 | hw_frame_size: 128000) >> (PullQEl_nms0yolov8s/conv53_97) >> (HwReadEl3yolov8s/conv62_97 | hw_frame_size: 30720) >> (PullQEl_nms3yolov8s/conv62_97) >> (HwReadEl2yolov8s/conv63_97 | hw_frame_size: 38400) >> (PullQEl_nms2yolov8s/conv63_97) >> (NmsPPMuxEl0YOLOV8-Post-Process | Op YOLOV8, Name: YOLOV8-Post-Process, Score threshold: 0.200, IoU threshold: 0.70, Classes: 80, Max bboxes per class: 100, Image height: 640, Image width: 640) >> (UserBufQEl_post_infer0yolov8s/yolov8_nms_postprocess | timeout: 10s)
[2026-06-09 13:19:21.083] [6350] [HailoRT] [info] [vdevice_native_stream.cpp:331] [read_impl] Failed read from stream HAILO_STREAM_ABORT(63) (device: 0001:01:00.0)
[2026-06-09 13:19:21.083] [6349] [HailoRT] [info] [vdevice_native_stream.cpp:331] [read_impl] Failed read from stream HAILO_STREAM_ABORT(63) (device: 0001:01:00.0)
[2026-06-09 13:19:21.083] [6349] [HailoRT] [info] [edge_elements.cpp:396] [run_pull] Reading from stream was aborted!
[2026-06-09 13:19:21.083] [6353] [HailoRT] [info] [queue_elements.cpp:734] [run_in_thread] Shutdown event was signaled in run_pull of queue element PullQEl_nms3yolov8s/conv62_97!
[2026-06-09 13:19:21.083] [6350] [HailoRT] [info] [edge_elements.cpp:396] [run_pull] Reading from stream was aborted!
[2026-06-09 13:19:21.083] [6349] [HailoRT] [info] [queue_elements.cpp:738] [run_in_thread] run_pull of queue element PullQEl_nms9yolov8s/conv41_97 was aborted!
[2026-06-09 13:19:21.083] [6351] [HailoRT] [info] [vdevice_native_stream.cpp:331] [read_impl] Failed read from stream HAILO_STREAM_ABORT(63) (device: 0001:01:00.0)
[2026-06-09 13:19:21.083] [6351] [HailoRT] [info] [edge_elements.cpp:396] [run_pull] Reading from stream was aborted!
[2026-06-09 13:19:21.083] [6352] [HailoRT] [info] [vdevice_native_stream.cpp:331] [read_impl] Failed read from stream HAILO_STREAM_ABORT(63) (device: 0001:01:00.0)
[2026-06-09 13:19:21.083] [6350] [HailoRT] [info] [queue_elements.cpp:738] [run_in_thread] run_pull of queue element PullQEl_nms7yolov8s/conv42_97 was aborted!
[2026-06-09 13:19:21.083] [6352] [HailoRT] [info] [edge_elements.cpp:396] [run_pull] Reading from stream was aborted!
[2026-06-09 13:19:21.083] [6351] [HailoRT] [info] [queue_elements.cpp:738] [run_in_thread] run_pull of queue element PullQEl_nms1yolov8s/conv52_97 was aborted!
[2026-06-09 13:19:21.083] [6354] [HailoRT] [info] [vdevice_native_stream.cpp:331] [read_impl] Failed read from stream HAILO_STREAM_ABORT(63) (device: 0001:01:00.0)
[2026-06-09 13:19:21.083] [6352] [HailoRT] [info] [queue_elements.cpp:738] [run_in_thread] run_pull of queue element PullQEl_nms0yolov8s/conv53_97 was aborted!
[2026-06-09 13:19:21.083] [6354] [HailoRT] [info] [edge_elements.cpp:396] [run_pull] Reading from stream was aborted!
[2026-06-09 13:19:21.083] [6354] [HailoRT] [info] [queue_elements.cpp:738] [run_in_thread] run_pull of queue element PullQEl_nms2yolov8s/conv63_97 was aborted!
[2026-06-09 13:19:21.083] [6355] [HailoRT] [info] [queue_elements.cpp:68] [operator()] Thread in element UserBufQEl_post_infer0yolov8s/yolov8_nms_postprocess is not running anymore, exiting..
[2026-06-09 13:19:21.083] [2224] [HailoRT] [info] [queue_elements.cpp:46] [~BaseQueueElement] Queue element UserBufQEl_post_infer0yolov8s/yolov8_nms_postprocess has 0 frames in his Queue on destruction
[2026-06-09 13:19:21.083] [6354] [HailoRT] [info] [queue_elements.cpp:68] [operator()] Thread in element PullQEl_nms2yolov8s/conv63_97 is not running anymore, exiting..
[2026-06-09 13:19:21.083] [2224] [HailoRT] [info] [queue_elements.cpp:46] [~BaseQueueElement] Queue element PullQEl_nms2yolov8s/conv63_97 has 0 frames in his Queue on destruction
[2026-06-09 13:19:21.083] [6353] [HailoRT] [info] [queue_elements.cpp:68] [operator()] Thread in element PullQEl_nms3yolov8s/conv62_97 is not running anymore, exiting..
[2026-06-09 13:19:21.084] [2224] [HailoRT] [info] [queue_elements.cpp:46] [~BaseQueueElement] Queue element PullQEl_nms3yolov8s/conv62_97 has 0 frames in his Queue on destruction
[2026-06-09 13:19:21.084] [6352] [HailoRT] [info] [queue_elements.cpp:68] [operator()] Thread in element PullQEl_nms0yolov8s/conv53_97 is not running anymore, exiting..
[2026-06-09 13:19:21.084] [2224] [HailoRT] [info] [queue_elements.cpp:46] [~BaseQueueElement] Queue element PullQEl_nms0yolov8s/conv53_97 has 0 frames in his Queue on destruction
[2026-06-09 13:19:21.084] [6351] [HailoRT] [info] [queue_elements.cpp:68] [operator()] Thread in element PullQEl_nms1yolov8s/conv52_97 is not running anymore, exiting..
[2026-06-09 13:19:21.084] [2224] [HailoRT] [info] [queue_elements.cpp:46] [~BaseQueueElement] Queue element PullQEl_nms1yolov8s/conv52_97 has 0 frames in his Queue on destruction
[2026-06-09 13:19:21.084] [6350] [HailoRT] [info] [queue_elements.cpp:68] [operator()] Thread in element PullQEl_nms7yolov8s/conv42_97 is not running anymore, exiting..
[2026-06-09 13:19:21.084] [2224] [HailoRT] [info] [queue_elements.cpp:46] [~BaseQueueElement] Queue element PullQEl_nms7yolov8s/conv42_97 has 0 frames in his Queue on destruction
[2026-06-09 13:19:21.084] [6349] [HailoRT] [info] [queue_elements.cpp:68] [operator()] Thread in element PullQEl_nms9yolov8s/conv41_97 is not running anymore, exiting..
[2026-06-09 13:19:21.084] [2224] [HailoRT] [info] [queue_elements.cpp:46] [~BaseQueueElement] Queue element PullQEl_nms9yolov8s/conv41_97 has 0 frames in his Queue on destruction
[2026-06-09 13:19:21.084] [6348] [HailoRT] [info] [queue_elements.cpp:68] [operator()] Thread in element PushQEl3yolov8s/input_layer1 is not running anymore, exiting..
[2026-06-09 13:19:21.084] [2224] [HailoRT] [info] [queue_elements.cpp:46] [~BaseQueueElement] Queue element PushQEl3yolov8s/input_layer1 has 0 frames in his Queue on destruction
[2026-06-09 13:19:21.084] [2224] [HailoRT] [info] [core_op.cpp:186] [deactivate] Deactivating took 0.640518 ms
[2026-06-09 13:19:21.084] [2224] [HailoRT] [info] [core_op.cpp:186] [deactivate] Deactivating took 0.647741 ms
[2026-06-09 13:19:23.768] [2224] [HailoRT] [info] [core_op.cpp:156] [activate] Activating yolov8s took 0.73295 milliseconds. Note that the function is asynchronous and thus the network is not fully activated yet.
[2026-06-09 13:19:23.768] [2224] [HailoRT] [info] [core_op.cpp:156] [activate] Activating yolov8s took 0.760563 milliseconds. Note that the function is asynchronous and thus the network is not fully activated yet.
[2026-06-09 13:19:23.768] [2224] [HailoRT] [info] [edge_elements.cpp:52] [create] Created (HwWriteEl3yolov8s/input_layer1 | hw_frame_size: 1228800)
[2026-06-09 13:19:23.769] [2224] [HailoRT] [info] [queue_elements.cpp:284] [create] Created (PushQEl3yolov8s/input_layer1 | timeout: 10s)
[2026-06-09 13:19:23.769] [2224] [HailoRT] [info] [filter_elements.cpp:101] [create] Created (PreInferEl3yolov8s/input_layer1 | Reorder - src_order: NHWC, src_shape: (640, 640, 3), dst_order: NHCW, dst_shape: (640, 640, 3))
[2026-06-09 13:19:23.769] [2224] [HailoRT] [info] [vstream.cpp:754] [InputVStreamImpl] Creating yolov8s/input_layer1...
[2026-06-09 13:19:23.769] [2224] [HailoRT] [info] [vstream_builder.cpp:102] [create_inputs] Input pipeline 'yolov8s/input_layer1': (PreInferEl3yolov8s/input_layer1 | Reorder - src_order: NHWC, src_shape: (640, 640, 3), dst_order: NHCW, dst_shape: (640, 640, 3)) >> (PushQEl3yolov8s/input_layer1 | timeout: 10s) >> (HwWriteEl3yolov8s/input_layer1 | hw_frame_size: 1228800) >> HW
[2026-06-09 13:19:23.769] [2224] [HailoRT] [info] [multi_io_elements.cpp:135] [create] Created (NmsPPMuxEl0YOLOV8-Post-Process | Op YOLOV8, Name: YOLOV8-Post-Process, Score threshold: 0.200, IoU threshold: 0.70, Classes: 80, Max bboxes per class: 100, Image height: 640, Image width: 640)
[2026-06-09 13:19:23.769] [2224] [HailoRT] [info] [edge_elements.cpp:287] [create] Created (HwReadEl9yolov8s/conv41_97 | hw_frame_size: 409600)
[2026-06-09 13:19:23.769] [2224] [HailoRT] [info] [queue_elements.cpp:657] [create] Created (PullQEl_nms9yolov8s/conv41_97 | timeout: 10s)
[2026-06-09 13:19:23.769] [2224] [HailoRT] [info] [edge_elements.cpp:287] [create] Created (HwReadEl7yolov8s/conv42_97 | hw_frame_size: 512000)
[2026-06-09 13:19:23.769] [2224] [HailoRT] [info] [queue_elements.cpp:657] [create] Created (PullQEl_nms7yolov8s/conv42_97 | timeout: 10s)
[2026-06-09 13:19:23.769] [2224] [HailoRT] [info] [edge_elements.cpp:287] [create] Created (HwReadEl1yolov8s/conv52_97 | hw_frame_size: 102400)
[2026-06-09 13:19:23.769] [2224] [HailoRT] [info] [queue_elements.cpp:657] [create] Created (PullQEl_nms1yolov8s/conv52_97 | timeout: 10s)
[2026-06-09 13:19:23.769] [2224] [HailoRT] [info] [edge_elements.cpp:287] [create] Created (HwReadEl0yolov8s/conv53_97 | hw_frame_size: 128000)
[2026-06-09 13:19:23.769] [2224] [HailoRT] [info] [queue_elements.cpp:657] [create] Created (PullQEl_nms0yolov8s/conv53_97 | timeout: 10s)
[2026-06-09 13:19:23.769] [2224] [HailoRT] [info] [edge_elements.cpp:287] [create] Created (HwReadEl3yolov8s/conv62_97 | hw_frame_size: 30720)
[2026-06-09 13:19:23.769] [2224] [HailoRT] [info] [queue_elements.cpp:657] [create] Created (PullQEl_nms3yolov8s/conv62_97 | timeout: 10s)
[2026-06-09 13:19:23.769] [2224] [HailoRT] [info] [edge_elements.cpp:287] [create] Created (HwReadEl2yolov8s/conv63_97 | hw_frame_size: 38400)
[2026-06-09 13:19:23.769] [2224] [HailoRT] [info] [queue_elements.cpp:657] [create] Created (PullQEl_nms2yolov8s/conv63_97 | timeout: 10s)
[2026-06-09 13:19:23.769] [2224] [HailoRT] [info] [queue_elements.cpp:800] [create] Created (UserBufQEl_post_infer0yolov8s/yolov8_nms_postprocess | timeout: 10s)
[2026-06-09 13:19:23.769] [2224] [HailoRT] [info] [vstream.cpp:1114] [OutputVStreamImpl] Creating yolov8s/yolov8_nms_postprocess...
[2026-06-09 13:19:23.769] [2224] [HailoRT] [info] [vstream_builder.cpp:622] [create_output_post_process_nms] Output pipeline 'yolov8s/yolov8_nms_postprocess': HW >> (HwReadEl9yolov8s/conv41_97 | hw_frame_size: 409600) >> (PullQEl_nms9yolov8s/conv41_97) >> (HwReadEl7yolov8s/conv42_97 | hw_frame_size: 512000) >> (PullQEl_nms7yolov8s/conv42_97) >> (HwReadEl1yolov8s/conv52_97 | hw_frame_size: 102400) >> (PullQEl_nms1yolov8s/conv52_97) >> (HwReadEl0yolov8s/conv53_97 | hw_frame_size: 128000) >> (PullQEl_nms0yolov8s/conv53_97) >> (HwReadEl3yolov8s/conv62_97 | hw_frame_size: 30720) >> (PullQEl_nms3yolov8s/conv62_97) >> (HwReadEl2yolov8s/conv63_97 | hw_frame_size: 38400) >> (PullQEl_nms2yolov8s/conv63_97) >> (NmsPPMuxEl0YOLOV8-Post-Process | Op YOLOV8, Name: YOLOV8-Post-Process, Score threshold: 0.200, IoU threshold: 0.70, Classes: 80, Max bboxes per class: 100, Image height: 640, Image width: 640) >> (UserBufQEl_post_infer0yolov8s/yolov8_nms_postprocess | timeout: 10s)
[2026-06-09 13:19:23.769] [6371] [HailoRT] [info] [vdevice_native_stream.cpp:331] [read_impl] Failed read from stream HAILO_STREAM_ABORT(63) (device: 0001:01:00.0)
[2026-06-09 13:19:23.769] [6371] [HailoRT] [info] [edge_elements.cpp:396] [run_pull] Reading from stream was aborted!
[2026-06-09 13:19:23.769] [6373] [HailoRT] [info] [queue_elements.cpp:734] [run_in_thread] Shutdown event was signaled in run_pull of queue element PullQEl_nms0yolov8s/conv53_97!
[2026-06-09 13:19:23.769] [6370] [HailoRT] [info] [vdevice_native_stream.cpp:331] [read_impl] Failed read from stream HAILO_STREAM_ABORT(63) (device: 0001:01:00.0)
[2026-06-09 13:19:23.769] [6371] [HailoRT] [info] [queue_elements.cpp:738] [run_in_thread] run_pull of queue element PullQEl_nms7yolov8s/conv42_97 was aborted!
[2026-06-09 13:19:23.769] [6372] [HailoRT] [info] [vdevice_native_stream.cpp:331] [read_impl] Failed read from stream HAILO_STREAM_ABORT(63) (device: 0001:01:00.0)
[2026-06-09 13:19:23.769] [6370] [HailoRT] [info] [edge_elements.cpp:396] [run_pull] Reading from stream was aborted!
[2026-06-09 13:19:23.769] [6375] [HailoRT] [info] [vdevice_native_stream.cpp:331] [read_impl] Failed read from stream HAILO_STREAM_ABORT(63) (device: 0001:01:00.0)
[2026-06-09 13:19:23.769] [6372] [HailoRT] [info] [edge_elements.cpp:396] [run_pull] Reading from stream was aborted!
[2026-06-09 13:19:23.769] [6370] [HailoRT] [info] [queue_elements.cpp:738] [run_in_thread] run_pull of queue element PullQEl_nms9yolov8s/conv41_97 was aborted!
[2026-06-09 13:19:23.769] [6374] [HailoRT] [info] [vdevice_native_stream.cpp:331] [read_impl] Failed read from stream HAILO_STREAM_ABORT(63) (device: 0001:01:00.0)
[2026-06-09 13:19:23.769] [6372] [HailoRT] [info] [queue_elements.cpp:738] [run_in_thread] run_pull of queue element PullQEl_nms1yolov8s/conv52_97 was aborted!
[2026-06-09 13:19:23.769] [6374] [HailoRT] [info] [edge_elements.cpp:396] [run_pull] Reading from stream was aborted!
[2026-06-09 13:19:23.769] [6375] [HailoRT] [info] [edge_elements.cpp:396] [run_pull] Reading from stream was aborted!
[2026-06-09 13:19:23.769] [6374] [HailoRT] [info] [queue_elements.cpp:738] [run_in_thread] run_pull of queue element PullQEl_nms3yolov8s/conv62_97 was aborted!
[2026-06-09 13:19:23.769] [6375] [HailoRT] [info] [queue_elements.cpp:738] [run_in_thread] run_pull of queue element PullQEl_nms2yolov8s/conv63_97 was aborted!
[2026-06-09 13:19:23.769] [6376] [HailoRT] [info] [queue_elements.cpp:68] [operator()] Thread in element UserBufQEl_post_infer0yolov8s/yolov8_nms_postprocess is not running anymore, exiting..
[2026-06-09 13:19:23.769] [2224] [HailoRT] [info] [queue_elements.cpp:46] [~BaseQueueElement] Queue element UserBufQEl_post_infer0yolov8s/yolov8_nms_postprocess has 0 frames in his Queue on destruction
[2026-06-09 13:19:23.769] [6375] [HailoRT] [info] [queue_elements.cpp:68] [operator()] Thread in element PullQEl_nms2yolov8s/conv63_97 is not running anymore, exiting..
[2026-06-09 13:19:23.769] [2224] [HailoRT] [info] [queue_elements.cpp:46] [~BaseQueueElement] Queue element PullQEl_nms2yolov8s/conv63_97 has 0 frames in his Queue on destruction
[2026-06-09 13:19:23.769] [6374] [HailoRT] [info] [queue_elements.cpp:68] [operator()] Thread in element PullQEl_nms3yolov8s/conv62_97 is not running anymore, exiting..
[2026-06-09 13:19:23.769] [2224] [HailoRT] [info] [queue_elements.cpp:46] [~BaseQueueElement] Queue element PullQEl_nms3yolov8s/conv62_97 has 0 frames in his Queue on destruction
[2026-06-09 13:19:23.769] [6373] [HailoRT] [info] [queue_elements.cpp:68] [operator()] Thread in element PullQEl_nms0yolov8s/conv53_97 is not running anymore, exiting..
[2026-06-09 13:19:23.769] [2224] [HailoRT] [info] [queue_elements.cpp:46] [~BaseQueueElement] Queue element PullQEl_nms0yolov8s/conv53_97 has 0 frames in his Queue on destruction
[2026-06-09 13:19:23.769] [6372] [HailoRT] [info] [queue_elements.cpp:68] [operator()] Thread in element PullQEl_nms1yolov8s/conv52_97 is not running anymore, exiting..
[2026-06-09 13:19:23.769] [2224] [HailoRT] [info] [queue_elements.cpp:46] [~BaseQueueElement] Queue element PullQEl_nms1yolov8s/conv52_97 has 0 frames in his Queue on destruction
[2026-06-09 13:19:23.769] [6371] [HailoRT] [info] [queue_elements.cpp:68] [operator()] Thread in element PullQEl_nms7yolov8s/conv42_97 is not running anymore, exiting..
[2026-06-09 13:19:23.769] [2224] [HailoRT] [info] [queue_elements.cpp:46] [~BaseQueueElement] Queue element PullQEl_nms7yolov8s/conv42_97 has 0 frames in his Queue on destruction
[2026-06-09 13:19:23.770] [6370] [HailoRT] [info] [queue_elements.cpp:68] [operator()] Thread in element PullQEl_nms9yolov8s/conv41_97 is not running anymore, exiting..
[2026-06-09 13:19:23.770] [2224] [HailoRT] [info] [queue_elements.cpp:46] [~BaseQueueElement] Queue element PullQEl_nms9yolov8s/conv41_97 has 0 frames in his Queue on destruction
[2026-06-09 13:19:23.770] [6369] [HailoRT] [info] [queue_elements.cpp:68] [operator()] Thread in element PushQEl3yolov8s/input_layer1 is not running anymore, exiting..
[2026-06-09 13:19:23.770] [2224] [HailoRT] [info] [queue_elements.cpp:46] [~BaseQueueElement] Queue element PushQEl3yolov8s/input_layer1 has 0 frames in his Queue on destruction
[2026-06-09 13:19:23.770] [2224] [HailoRT] [info] [core_op.cpp:186] [deactivate] Deactivating took 0.654501 ms
[2026-06-09 13:19:23.770] [2224] [HailoRT] [info] [core_op.cpp:186] [deactivate] Deactivating took 0.662223 ms
[2026-06-09 13:19:26.596] [2224] [HailoRT] [info] [core_op.cpp:156] [activate] Activating yolov8s took 0.737406 milliseconds. Note that the function is asynchronous and thus the network is not fully activated yet.
[2026-06-09 13:19:26.596] [2224] [HailoRT] [info] [core_op.cpp:156] [activate] Activating yolov8s took 0.764369 milliseconds. Note that the function is asynchronous and thus the network is not fully activated yet.
[2026-06-09 13:19:26.596] [2224] [HailoRT] [info] [edge_elements.cpp:52] [create] Created (HwWriteEl3yolov8s/input_layer1 | hw_frame_size: 1228800)
[2026-06-09 13:19:26.597] [2224] [HailoRT] [info] [queue_elements.cpp:284] [create] Created (PushQEl3yolov8s/input_layer1 | timeout: 10s)
[2026-06-09 13:19:26.597] [2224] [HailoRT] [info] [filter_elements.cpp:101] [create] Created (PreInferEl3yolov8s/input_layer1 | Reorder - src_order: NHWC, src_shape: (640, 640, 3), dst_order: NHCW, dst_shape: (640, 640, 3))
[2026-06-09 13:19:26.597] [2224] [HailoRT] [info] [vstream.cpp:754] [InputVStreamImpl] Creating yolov8s/input_layer1...
[2026-06-09 13:19:26.597] [2224] [HailoRT] [info] [vstream_builder.cpp:102] [create_inputs] Input pipeline 'yolov8s/input_layer1': (PreInferEl3yolov8s/input_layer1 | Reorder - src_order: NHWC, src_shape: (640, 640, 3), dst_order: NHCW, dst_shape: (640, 640, 3)) >> (PushQEl3yolov8s/input_layer1 | timeout: 10s) >> (HwWriteEl3yolov8s/input_layer1 | hw_frame_size: 1228800) >> HW
[2026-06-09 13:19:26.597] [2224] [HailoRT] [info] [multi_io_elements.cpp:135] [create] Created (NmsPPMuxEl0YOLOV8-Post-Process | Op YOLOV8, Name: YOLOV8-Post-Process, Score threshold: 0.200, IoU threshold: 0.70, Classes: 80, Max bboxes per class: 100, Image height: 640, Image width: 640)
[2026-06-09 13:19:26.597] [2224] [HailoRT] [info] [edge_elements.cpp:287] [create] Created (HwReadEl9yolov8s/conv41_97 | hw_frame_size: 409600)
[2026-06-09 13:19:26.597] [2224] [HailoRT] [info] [queue_elements.cpp:657] [create] Created (PullQEl_nms9yolov8s/conv41_97 | timeout: 10s)
[2026-06-09 13:19:26.597] [2224] [HailoRT] [info] [edge_elements.cpp:287] [create] Created (HwReadEl7yolov8s/conv42_97 | hw_frame_size: 512000)
[2026-06-09 13:19:26.597] [2224] [HailoRT] [info] [queue_elements.cpp:657] [create] Created (PullQEl_nms7yolov8s/conv42_97 | timeout: 10s)
[2026-06-09 13:19:26.597] [2224] [HailoRT] [info] [edge_elements.cpp:287] [create] Created (HwReadEl1yolov8s/conv52_97 | hw_frame_size: 102400)
[2026-06-09 13:19:26.597] [2224] [HailoRT] [info] [queue_elements.cpp:657] [create] Created (PullQEl_nms1yolov8s/conv52_97 | timeout: 10s)
[2026-06-09 13:19:26.597] [2224] [HailoRT] [info] [edge_elements.cpp:287] [create] Created (HwReadEl0yolov8s/conv53_97 | hw_frame_size: 128000)
[2026-06-09 13:19:26.597] [2224] [HailoRT] [info] [queue_elements.cpp:657] [create] Created (PullQEl_nms0yolov8s/conv53_97 | timeout: 10s)
[2026-06-09 13:19:26.597] [2224] [HailoRT] [info] [edge_elements.cpp:287] [create] Created (HwReadEl3yolov8s/conv62_97 | hw_frame_size: 30720)
[2026-06-09 13:19:26.597] [2224] [HailoRT] [info] [queue_elements.cpp:657] [create] Created (PullQEl_nms3yolov8s/conv62_97 | timeout: 10s)
[2026-06-09 13:19:26.597] [2224] [HailoRT] [info] [edge_elements.cpp:287] [create] Created (HwReadEl2yolov8s/conv63_97 | hw_frame_size: 38400)
[2026-06-09 13:19:26.597] [2224] [HailoRT] [info] [queue_elements.cpp:657] [create] Created (PullQEl_nms2yolov8s/conv63_97 | timeout: 10s)
[2026-06-09 13:19:26.597] [2224] [HailoRT] [info] [queue_elements.cpp:800] [create] Created (UserBufQEl_post_infer0yolov8s/yolov8_nms_postprocess | timeout: 10s)
[2026-06-09 13:19:26.597] [2224] [HailoRT] [info] [vstream.cpp:1114] [OutputVStreamImpl] Creating yolov8s/yolov8_nms_postprocess...
[2026-06-09 13:19:26.597] [2224] [HailoRT] [info] [vstream_builder.cpp:622] [create_output_post_process_nms] Output pipeline 'yolov8s/yolov8_nms_postprocess': HW >> (HwReadEl9yolov8s/conv41_97 | hw_frame_size: 409600) >> (PullQEl_nms9yolov8s/conv41_97) >> (HwReadEl7yolov8s/conv42_97 | hw_frame_size: 512000) >> (PullQEl_nms7yolov8s/conv42_97) >> (HwReadEl1yolov8s/conv52_97 | hw_frame_size: 102400) >> (PullQEl_nms1yolov8s/conv52_97) >> (HwReadEl0yolov8s/conv53_97 | hw_frame_size: 128000) >> (PullQEl_nms0yolov8s/conv53_97) >> (HwReadEl3yolov8s/conv62_97 | hw_frame_size: 30720) >> (PullQEl_nms3yolov8s/conv62_97) >> (HwReadEl2yolov8s/conv63_97 | hw_frame_size: 38400) >> (PullQEl_nms2yolov8s/conv63_97) >> (NmsPPMuxEl0YOLOV8-Post-Process | Op YOLOV8, Name: YOLOV8-Post-Process, Score threshold: 0.200, IoU threshold: 0.70, Classes: 80, Max bboxes per class: 100, Image height: 640, Image width: 640) >> (UserBufQEl_post_infer0yolov8s/yolov8_nms_postprocess | timeout: 10s)
[2026-06-09 13:19:26.597] [6404] [HailoRT] [info] [vdevice_native_stream.cpp:331] [read_impl] Failed read from stream HAILO_STREAM_ABORT(63) (device: 0001:01:00.0)
[2026-06-09 13:19:26.597] [6406] [HailoRT] [info] [vdevice_native_stream.cpp:331] [read_impl] Failed read from stream HAILO_STREAM_ABORT(63) (device: 0001:01:00.0)
[2026-06-09 13:19:26.597] [6405] [HailoRT] [info] [vdevice_native_stream.cpp:331] [read_impl] Failed read from stream HAILO_STREAM_ABORT(63) (device: 0001:01:00.0)
[2026-06-09 13:19:26.597] [6406] [HailoRT] [info] [edge_elements.cpp:396] [run_pull] Reading from stream was aborted!
[2026-06-09 13:19:26.597] [6407] [HailoRT] [info] [queue_elements.cpp:734] [run_in_thread] Shutdown event was signaled in run_pull of queue element PullQEl_nms3yolov8s/conv62_97!
[2026-06-09 13:19:26.597] [6404] [HailoRT] [info] [edge_elements.cpp:396] [run_pull] Reading from stream was aborted!
[2026-06-09 13:19:26.597] [6405] [HailoRT] [info] [edge_elements.cpp:396] [run_pull] Reading from stream was aborted!
[2026-06-09 13:19:26.597] [6406] [HailoRT] [info] [queue_elements.cpp:738] [run_in_thread] run_pull of queue element PullQEl_nms0yolov8s/conv53_97 was aborted!
[2026-06-09 13:19:26.597] [6404] [HailoRT] [info] [queue_elements.cpp:738] [run_in_thread] run_pull of queue element PullQEl_nms7yolov8s/conv42_97 was aborted!
[2026-06-09 13:19:26.597] [6405] [HailoRT] [info] [queue_elements.cpp:738] [run_in_thread] run_pull of queue element PullQEl_nms1yolov8s/conv52_97 was aborted!
[2026-06-09 13:19:26.597] [6408] [HailoRT] [info] [queue_elements.cpp:734] [run_in_thread] Shutdown event was signaled in run_pull of queue element PullQEl_nms2yolov8s/conv63_97!
[2026-06-09 13:19:26.597] [6403] [HailoRT] [info] [vdevice_native_stream.cpp:331] [read_impl] Failed read from stream HAILO_STREAM_ABORT(63) (device: 0001:01:00.0)
[2026-06-09 13:19:26.597] [6403] [HailoRT] [info] [edge_elements.cpp:396] [run_pull] Reading from stream was aborted!
[2026-06-09 13:19:26.597] [6403] [HailoRT] [info] [queue_elements.cpp:738] [run_in_thread] run_pull of queue element PullQEl_nms9yolov8s/conv41_97 was aborted!
[2026-06-09 13:19:26.597] [6409] [HailoRT] [info] [queue_elements.cpp:68] [operator()] Thread in element UserBufQEl_post_infer0yolov8s/yolov8_nms_postprocess is not running anymore, exiting..
[2026-06-09 13:19:26.597] [2224] [HailoRT] [info] [queue_elements.cpp:46] [~BaseQueueElement] Queue element UserBufQEl_post_infer0yolov8s/yolov8_nms_postprocess has 0 frames in his Queue on destruction
[2026-06-09 13:19:26.597] [6408] [HailoRT] [info] [queue_elements.cpp:68] [operator()] Thread in element PullQEl_nms2yolov8s/conv63_97 is not running anymore, exiting..
[2026-06-09 13:19:26.597] [2224] [HailoRT] [info] [queue_elements.cpp:46] [~BaseQueueElement] Queue element PullQEl_nms2yolov8s/conv63_97 has 0 frames in his Queue on destruction
[2026-06-09 13:19:26.597] [6407] [HailoRT] [info] [queue_elements.cpp:68] [operator()] Thread in element PullQEl_nms3yolov8s/conv62_97 is not running anymore, exiting..
[2026-06-09 13:19:26.597] [2224] [HailoRT] [info] [queue_elements.cpp:46] [~BaseQueueElement] Queue element PullQEl_nms3yolov8s/conv62_97 has 0 frames in his Queue on destruction
[2026-06-09 13:19:26.597] [6406] [HailoRT] [info] [queue_elements.cpp:68] [operator()] Thread in element PullQEl_nms0yolov8s/conv53_97 is not running anymore, exiting..
[2026-06-09 13:19:26.597] [2224] [HailoRT] [info] [queue_elements.cpp:46] [~BaseQueueElement] Queue element PullQEl_nms0yolov8s/conv53_97 has 0 frames in his Queue on destruction
[2026-06-09 13:19:26.597] [6405] [HailoRT] [info] [queue_elements.cpp:68] [operator()] Thread in element PullQEl_nms1yolov8s/conv52_97 is not running anymore, exiting..
[2026-06-09 13:19:26.597] [2224] [HailoRT] [info] [queue_elements.cpp:46] [~BaseQueueElement] Queue element PullQEl_nms1yolov8s/conv52_97 has 0 frames in his Queue on destruction
[2026-06-09 13:19:26.597] [6404] [HailoRT] [info] [queue_elements.cpp:68] [operator()] Thread in element PullQEl_nms7yolov8s/conv42_97 is not running anymore, exiting..
[2026-06-09 13:19:26.598] [2224] [HailoRT] [info] [queue_elements.cpp:46] [~BaseQueueElement] Queue element PullQEl_nms7yolov8s/conv42_97 has 0 frames in his Queue on destruction
[2026-06-09 13:19:26.598] [6403] [HailoRT] [info] [queue_elements.cpp:68] [operator()] Thread in element PullQEl_nms9yolov8s/conv41_97 is not running anymore, exiting..
[2026-06-09 13:19:26.598] [2224] [HailoRT] [info] [queue_elements.cpp:46] [~BaseQueueElement] Queue element PullQEl_nms9yolov8s/conv41_97 has 0 frames in his Queue on destruction
[2026-06-09 13:19:26.598] [6402] [HailoRT] [info] [queue_elements.cpp:68] [operator()] Thread in element PushQEl3yolov8s/input_layer1 is not running anymore, exiting..
[2026-06-09 13:19:26.598] [2224] [HailoRT] [info] [queue_elements.cpp:46] [~BaseQueueElement] Queue element PushQEl3yolov8s/input_layer1 has 0 frames in his Queue on destruction
[2026-06-09 13:19:26.598] [2224] [HailoRT] [info] [core_op.cpp:186] [deactivate] Deactivating took 0.650015 ms
[2026-06-09 13:19:26.598] [2224] [HailoRT] [info] [core_op.cpp:186] [deactivate] Deactivating took 0.657219 ms
[2026-06-09 13:19:29.389] [2224] [HailoRT] [info] [core_op.cpp:156] [activate] Activating yolov8s took 0.740885 milliseconds. Note that the function is asynchronous and thus the network is not fully activated yet.
[2026-06-09 13:19:29.389] [2224] [HailoRT] [info] [core_op.cpp:156] [activate] Activating yolov8s took 0.769237 milliseconds. Note that the function is asynchronous and thus the network is not fully activated yet.
[2026-06-09 13:19:29.389] [2224] [HailoRT] [info] [edge_elements.cpp:52] [create] Created (HwWriteEl3yolov8s/input_layer1 | hw_frame_size: 1228800)
[2026-06-09 13:19:29.390] [2224] [HailoRT] [info] [queue_elements.cpp:284] [create] Created (PushQEl3yolov8s/input_layer1 | timeout: 10s)
[2026-06-09 13:19:29.390] [2224] [HailoRT] [info] [filter_elements.cpp:101] [create] Created (PreInferEl3yolov8s/input_layer1 | Reorder - src_order: NHWC, src_shape: (640, 640, 3), dst_order: NHCW, dst_shape: (640, 640, 3))
[2026-06-09 13:19:29.390] [2224] [HailoRT] [info] [vstream.cpp:754] [InputVStreamImpl] Creating yolov8s/input_layer1...
[2026-06-09 13:19:29.390] [2224] [HailoRT] [info] [vstream_builder.cpp:102] [create_inputs] Input pipeline 'yolov8s/input_layer1': (PreInferEl3yolov8s/input_layer1 | Reorder - src_order: NHWC, src_shape: (640, 640, 3), dst_order: NHCW, dst_shape: (640, 640, 3)) >> (PushQEl3yolov8s/input_layer1 | timeout: 10s) >> (HwWriteEl3yolov8s/input_layer1 | hw_frame_size: 1228800) >> HW
[2026-06-09 13:19:29.390] [2224] [HailoRT] [info] [multi_io_elements.cpp:135] [create] Created (NmsPPMuxEl0YOLOV8-Post-Process | Op YOLOV8, Name: YOLOV8-Post-Process, Score threshold: 0.200, IoU threshold: 0.70, Classes: 80, Max bboxes per class: 100, Image height: 640, Image width: 640)
[2026-06-09 13:19:29.390] [2224] [HailoRT] [info] [edge_elements.cpp:287] [create] Created (HwReadEl9yolov8s/conv41_97 | hw_frame_size: 409600)
[2026-06-09 13:19:29.390] [2224] [HailoRT] [info] [queue_elements.cpp:657] [create] Created (PullQEl_nms9yolov8s/conv41_97 | timeout: 10s)
[2026-06-09 13:19:29.390] [2224] [HailoRT] [info] [edge_elements.cpp:287] [create] Created (HwReadEl7yolov8s/conv42_97 | hw_frame_size: 512000)
[2026-06-09 13:19:29.390] [2224] [HailoRT] [info] [queue_elements.cpp:657] [create] Created (PullQEl_nms7yolov8s/conv42_97 | timeout: 10s)
[2026-06-09 13:19:29.390] [2224] [HailoRT] [info] [edge_elements.cpp:287] [create] Created (HwReadEl1yolov8s/conv52_97 | hw_frame_size: 102400)
[2026-06-09 13:19:29.390] [2224] [HailoRT] [info] [queue_elements.cpp:657] [create] Created (PullQEl_nms1yolov8s/conv52_97 | timeout: 10s)
[2026-06-09 13:19:29.390] [2224] [HailoRT] [info] [edge_elements.cpp:287] [create] Created (HwReadEl0yolov8s/conv53_97 | hw_frame_size: 128000)
[2026-06-09 13:19:29.390] [2224] [HailoRT] [info] [queue_elements.cpp:657] [create] Created (PullQEl_nms0yolov8s/conv53_97 | timeout: 10s)
[2026-06-09 13:19:29.390] [2224] [HailoRT] [info] [edge_elements.cpp:287] [create] Created (HwReadEl3yolov8s/conv62_97 | hw_frame_size: 30720)
[2026-06-09 13:19:29.390] [2224] [HailoRT] [info] [queue_elements.cpp:657] [create] Created (PullQEl_nms3yolov8s/conv62_97 | timeout: 10s)
[2026-06-09 13:19:29.390] [2224] [HailoRT] [info] [edge_elements.cpp:287] [create] Created (HwReadEl2yolov8s/conv63_97 | hw_frame_size: 38400)
[2026-06-09 13:19:29.390] [2224] [HailoRT] [info] [queue_elements.cpp:657] [create] Created (PullQEl_nms2yolov8s/conv63_97 | timeout: 10s)
[2026-06-09 13:19:29.390] [2224] [HailoRT] [info] [queue_elements.cpp:800] [create] Created (UserBufQEl_post_infer0yolov8s/yolov8_nms_postprocess | timeout: 10s)
[2026-06-09 13:19:29.390] [2224] [HailoRT] [info] [vstream.cpp:1114] [OutputVStreamImpl] Creating yolov8s/yolov8_nms_postprocess...
[2026-06-09 13:19:29.390] [2224] [HailoRT] [info] [vstream_builder.cpp:622] [create_output_post_process_nms] Output pipeline 'yolov8s/yolov8_nms_postprocess': HW >> (HwReadEl9yolov8s/conv41_97 | hw_frame_size: 409600) >> (PullQEl_nms9yolov8s/conv41_97) >> (HwReadEl7yolov8s/conv42_97 | hw_frame_size: 512000) >> (PullQEl_nms7yolov8s/conv42_97) >> (HwReadEl1yolov8s/conv52_97 | hw_frame_size: 102400) >> (PullQEl_nms1yolov8s/conv52_97) >> (HwReadEl0yolov8s/conv53_97 | hw_frame_size: 128000) >> (PullQEl_nms0yolov8s/conv53_97) >> (HwReadEl3yolov8s/conv62_97 | hw_frame_size: 30720) >> (PullQEl_nms3yolov8s/conv62_97) >> (HwReadEl2yolov8s/conv63_97 | hw_frame_size: 38400) >> (PullQEl_nms2yolov8s/conv63_97) >> (NmsPPMuxEl0YOLOV8-Post-Process | Op YOLOV8, Name: YOLOV8-Post-Process, Score threshold: 0.200, IoU threshold: 0.70, Classes: 80, Max bboxes per class: 100, Image height: 640, Image width: 640) >> (UserBufQEl_post_infer0yolov8s/yolov8_nms_postprocess | timeout: 10s)
[2026-06-09 13:19:29.390] [6434] [HailoRT] [info] [vdevice_native_stream.cpp:331] [read_impl] Failed read from stream HAILO_STREAM_ABORT(63) (device: 0001:01:00.0)
[2026-06-09 13:19:29.390] [6435] [HailoRT] [info] [vdevice_native_stream.cpp:331] [read_impl] Failed read from stream HAILO_STREAM_ABORT(63) (device: 0001:01:00.0)
[2026-06-09 13:19:29.390] [6438] [HailoRT] [info] [queue_elements.cpp:734] [run_in_thread] Shutdown event was signaled in run_pull of queue element PullQEl_nms3yolov8s/conv62_97!
[2026-06-09 13:19:29.390] [6435] [HailoRT] [info] [edge_elements.cpp:396] [run_pull] Reading from stream was aborted!
[2026-06-09 13:19:29.390] [6434] [HailoRT] [info] [edge_elements.cpp:396] [run_pull] Reading from stream was aborted!
[2026-06-09 13:19:29.390] [6439] [HailoRT] [info] [queue_elements.cpp:734] [run_in_thread] Shutdown event was signaled in run_pull of queue element PullQEl_nms2yolov8s/conv63_97!
[2026-06-09 13:19:29.390] [6435] [HailoRT] [info] [queue_elements.cpp:738] [run_in_thread] run_pull of queue element PullQEl_nms7yolov8s/conv42_97 was aborted!
[2026-06-09 13:19:29.390] [6434] [HailoRT] [info] [queue_elements.cpp:738] [run_in_thread] run_pull of queue element PullQEl_nms9yolov8s/conv41_97 was aborted!
[2026-06-09 13:19:29.390] [6436] [HailoRT] [info] [vdevice_native_stream.cpp:331] [read_impl] Failed read from stream HAILO_STREAM_ABORT(63) (device: 0001:01:00.0)
[2026-06-09 13:19:29.390] [6437] [HailoRT] [info] [vdevice_native_stream.cpp:331] [read_impl] Failed read from stream HAILO_STREAM_ABORT(63) (device: 0001:01:00.0)
[2026-06-09 13:19:29.390] [6436] [HailoRT] [info] [edge_elements.cpp:396] [run_pull] Reading from stream was aborted!
[2026-06-09 13:19:29.390] [6437] [HailoRT] [info] [edge_elements.cpp:396] [run_pull] Reading from stream was aborted!
[2026-06-09 13:19:29.390] [6436] [HailoRT] [info] [queue_elements.cpp:738] [run_in_thread] run_pull of queue element PullQEl_nms1yolov8s/conv52_97 was aborted!
[2026-06-09 13:19:29.390] [6437] [HailoRT] [info] [queue_elements.cpp:738] [run_in_thread] run_pull of queue element PullQEl_nms0yolov8s/conv53_97 was aborted!
[2026-06-09 13:19:29.390] [6440] [HailoRT] [info] [queue_elements.cpp:68] [operator()] Thread in element UserBufQEl_post_infer0yolov8s/yolov8_nms_postprocess is not running anymore, exiting..
[2026-06-09 13:19:29.390] [2224] [HailoRT] [info] [queue_elements.cpp:46] [~BaseQueueElement] Queue element UserBufQEl_post_infer0yolov8s/yolov8_nms_postprocess has 0 frames in his Queue on destruction
[2026-06-09 13:19:29.390] [6439] [HailoRT] [info] [queue_elements.cpp:68] [operator()] Thread in element PullQEl_nms2yolov8s/conv63_97 is not running anymore, exiting..
[2026-06-09 13:19:29.390] [2224] [HailoRT] [info] [queue_elements.cpp:46] [~BaseQueueElement] Queue element PullQEl_nms2yolov8s/conv63_97 has 0 frames in his Queue on destruction
[2026-06-09 13:19:29.390] [6438] [HailoRT] [info] [queue_elements.cpp:68] [operator()] Thread in element PullQEl_nms3yolov8s/conv62_97 is not running anymore, exiting..
[2026-06-09 13:19:29.390] [2224] [HailoRT] [info] [queue_elements.cpp:46] [~BaseQueueElement] Queue element PullQEl_nms3yolov8s/conv62_97 has 0 frames in his Queue on destruction
[2026-06-09 13:19:29.390] [6437] [HailoRT] [info] [queue_elements.cpp:68] [operator()] Thread in element PullQEl_nms0yolov8s/conv53_97 is not running anymore, exiting..
[2026-06-09 13:19:29.390] [2224] [HailoRT] [info] [queue_elements.cpp:46] [~BaseQueueElement] Queue element PullQEl_nms0yolov8s/conv53_97 has 0 frames in his Queue on destruction
[2026-06-09 13:19:29.390] [6436] [HailoRT] [info] [queue_elements.cpp:68] [operator()] Thread in element PullQEl_nms1yolov8s/conv52_97 is not running anymore, exiting..
[2026-06-09 13:19:29.390] [2224] [HailoRT] [info] [queue_elements.cpp:46] [~BaseQueueElement] Queue element PullQEl_nms1yolov8s/conv52_97 has 0 frames in his Queue on destruction
[2026-06-09 13:19:29.391] [6435] [HailoRT] [info] [queue_elements.cpp:68] [operator()] Thread in element PullQEl_nms7yolov8s/conv42_97 is not running anymore, exiting..
[2026-06-09 13:19:29.391] [2224] [HailoRT] [info] [queue_elements.cpp:46] [~BaseQueueElement] Queue element PullQEl_nms7yolov8s/conv42_97 has 0 frames in his Queue on destruction
[2026-06-09 13:19:29.391] [6434] [HailoRT] [info] [queue_elements.cpp:68] [operator()] Thread in element PullQEl_nms9yolov8s/conv41_97 is not running anymore, exiting..
[2026-06-09 13:19:29.391] [2224] [HailoRT] [info] [queue_elements.cpp:46] [~BaseQueueElement] Queue element PullQEl_nms9yolov8s/conv41_97 has 0 frames in his Queue on destruction
[2026-06-09 13:19:29.391] [6433] [HailoRT] [info] [queue_elements.cpp:68] [operator()] Thread in element PushQEl3yolov8s/input_layer1 is not running anymore, exiting..
[2026-06-09 13:19:29.391] [2224] [HailoRT] [info] [queue_elements.cpp:46] [~BaseQueueElement] Queue element PushQEl3yolov8s/input_layer1 has 0 frames in his Queue on destruction
[2026-06-09 13:19:29.391] [2224] [HailoRT] [info] [core_op.cpp:186] [deactivate] Deactivating took 0.632996 ms
[2026-06-09 13:19:29.391] [2224] [HailoRT] [info] [core_op.cpp:186] [deactivate] Deactivating took 0.641144 ms
[2026-06-09 13:19:32.089] [2224] [HailoRT] [info] [core_op.cpp:156] [activate] Activating yolov8s took 0.90277 milliseconds. Note that the function is asynchronous and thus the network is not fully activated yet.
[2026-06-09 13:19:32.089] [2224] [HailoRT] [info] [core_op.cpp:156] [activate] Activating yolov8s took 0.93412 milliseconds. Note that the function is asynchronous and thus the network is not fully activated yet.
[2026-06-09 13:19:32.089] [2224] [HailoRT] [info] [edge_elements.cpp:52] [create] Created (HwWriteEl3yolov8s/input_layer1 | hw_frame_size: 1228800)
[2026-06-09 13:19:32.089] [2224] [HailoRT] [info] [queue_elements.cpp:284] [create] Created (PushQEl3yolov8s/input_layer1 | timeout: 10s)
[2026-06-09 13:19:32.089] [2224] [HailoRT] [info] [filter_elements.cpp:101] [create] Created (PreInferEl3yolov8s/input_layer1 | Reorder - src_order: NHWC, src_shape: (640, 640, 3), dst_order: NHCW, dst_shape: (640, 640, 3))
[2026-06-09 13:19:32.089] [2224] [HailoRT] [info] [vstream.cpp:754] [InputVStreamImpl] Creating yolov8s/input_layer1...
[2026-06-09 13:19:32.089] [2224] [HailoRT] [info] [vstream_builder.cpp:102] [create_inputs] Input pipeline 'yolov8s/input_layer1': (PreInferEl3yolov8s/input_layer1 | Reorder - src_order: NHWC, src_shape: (640, 640, 3), dst_order: NHCW, dst_shape: (640, 640, 3)) >> (PushQEl3yolov8s/input_layer1 | timeout: 10s) >> (HwWriteEl3yolov8s/input_layer1 | hw_frame_size: 1228800) >> HW
[2026-06-09 13:19:32.089] [2224] [HailoRT] [info] [multi_io_elements.cpp:135] [create] Created (NmsPPMuxEl0YOLOV8-Post-Process | Op YOLOV8, Name: YOLOV8-Post-Process, Score threshold: 0.200, IoU threshold: 0.70, Classes: 80, Max bboxes per class: 100, Image height: 640, Image width: 640)
[2026-06-09 13:19:32.089] [2224] [HailoRT] [info] [edge_elements.cpp:287] [create] Created (HwReadEl9yolov8s/conv41_97 | hw_frame_size: 409600)
[2026-06-09 13:19:32.089] [2224] [HailoRT] [info] [queue_elements.cpp:657] [create] Created (PullQEl_nms9yolov8s/conv41_97 | timeout: 10s)
[2026-06-09 13:19:32.089] [2224] [HailoRT] [info] [edge_elements.cpp:287] [create] Created (HwReadEl7yolov8s/conv42_97 | hw_frame_size: 512000)
[2026-06-09 13:19:32.089] [2224] [HailoRT] [info] [queue_elements.cpp:657] [create] Created (PullQEl_nms7yolov8s/conv42_97 | timeout: 10s)
[2026-06-09 13:19:32.089] [2224] [HailoRT] [info] [edge_elements.cpp:287] [create] Created (HwReadEl1yolov8s/conv52_97 | hw_frame_size: 102400)
[2026-06-09 13:19:32.089] [2224] [HailoRT] [info] [queue_elements.cpp:657] [create] Created (PullQEl_nms1yolov8s/conv52_97 | timeout: 10s)
[2026-06-09 13:19:32.089] [2224] [HailoRT] [info] [edge_elements.cpp:287] [create] Created (HwReadEl0yolov8s/conv53_97 | hw_frame_size: 128000)
[2026-06-09 13:19:32.090] [2224] [HailoRT] [info] [queue_elements.cpp:657] [create] Created (PullQEl_nms0yolov8s/conv53_97 | timeout: 10s)
[2026-06-09 13:19:32.090] [2224] [HailoRT] [info] [edge_elements.cpp:287] [create] Created (HwReadEl3yolov8s/conv62_97 | hw_frame_size: 30720)
[2026-06-09 13:19:32.090] [2224] [HailoRT] [info] [queue_elements.cpp:657] [create] Created (PullQEl_nms3yolov8s/conv62_97 | timeout: 10s)
[2026-06-09 13:19:32.090] [2224] [HailoRT] [info] [edge_elements.cpp:287] [create] Created (HwReadEl2yolov8s/conv63_97 | hw_frame_size: 38400)
[2026-06-09 13:19:32.090] [2224] [HailoRT] [info] [queue_elements.cpp:657] [create] Created (PullQEl_nms2yolov8s/conv63_97 | timeout: 10s)
[2026-06-09 13:19:32.090] [2224] [HailoRT] [info] [queue_elements.cpp:800] [create] Created (UserBufQEl_post_infer0yolov8s/yolov8_nms_postprocess | timeout: 10s)
[2026-06-09 13:19:32.090] [2224] [HailoRT] [info] [vstream.cpp:1114] [OutputVStreamImpl] Creating yolov8s/yolov8_nms_postprocess...
[2026-06-09 13:19:32.090] [2224] [HailoRT] [info] [vstream_builder.cpp:622] [create_output_post_process_nms] Output pipeline 'yolov8s/yolov8_nms_postprocess': HW >> (HwReadEl9yolov8s/conv41_97 | hw_frame_size: 409600) >> (PullQEl_nms9yolov8s/conv41_97) >> (HwReadEl7yolov8s/conv42_97 | hw_frame_size: 512000) >> (PullQEl_nms7yolov8s/conv42_97) >> (HwReadEl1yolov8s/conv52_97 | hw_frame_size: 102400) >> (PullQEl_nms1yolov8s/conv52_97) >> (HwReadEl0yolov8s/conv53_97 | hw_frame_size: 128000) >> (PullQEl_nms0yolov8s/conv53_97) >> (HwReadEl3yolov8s/conv62_97 | hw_frame_size: 30720) >> (PullQEl_nms3yolov8s/conv62_97) >> (HwReadEl2yolov8s/conv63_97 | hw_frame_size: 38400) >> (PullQEl_nms2yolov8s/conv63_97) >> (NmsPPMuxEl0YOLOV8-Post-Process | Op YOLOV8, Name: YOLOV8-Post-Process, Score threshold: 0.200, IoU threshold: 0.70, Classes: 80, Max bboxes per class: 100, Image height: 640, Image width: 640) >> (UserBufQEl_post_infer0yolov8s/yolov8_nms_postprocess | timeout: 10s)
[2026-06-09 13:19:32.090] [6455] [HailoRT] [info] [vdevice_native_stream.cpp:331] [read_impl] Failed read from stream HAILO_STREAM_ABORT(63) (device: 0001:01:00.0)
[2026-06-09 13:19:32.090] [6459] [HailoRT] [info] [vdevice_native_stream.cpp:331] [read_impl] Failed read from stream HAILO_STREAM_ABORT(63) (device: 0001:01:00.0)
[2026-06-09 13:19:32.090] [6458] [HailoRT] [info] [queue_elements.cpp:734] [run_in_thread] Shutdown event was signaled in run_pull of queue element PullQEl_nms0yolov8s/conv53_97!
[2026-06-09 13:19:32.090] [6460] [HailoRT] [info] [vdevice_native_stream.cpp:331] [read_impl] Failed read from stream HAILO_STREAM_ABORT(63) (device: 0001:01:00.0)
[2026-06-09 13:19:32.090] [6459] [HailoRT] [info] [edge_elements.cpp:396] [run_pull] Reading from stream was aborted!
[2026-06-09 13:19:32.090] [6460] [HailoRT] [info] [edge_elements.cpp:396] [run_pull] Reading from stream was aborted!
[2026-06-09 13:19:32.090] [6459] [HailoRT] [info] [queue_elements.cpp:738] [run_in_thread] run_pull of queue element PullQEl_nms3yolov8s/conv62_97 was aborted!
[2026-06-09 13:19:32.090] [6455] [HailoRT] [info] [edge_elements.cpp:396] [run_pull] Reading from stream was aborted!
[2026-06-09 13:19:32.090] [6457] [HailoRT] [info] [vdevice_native_stream.cpp:331] [read_impl] Failed read from stream HAILO_STREAM_ABORT(63) (device: 0001:01:00.0)
[2026-06-09 13:19:32.090] [6457] [HailoRT] [info] [edge_elements.cpp:396] [run_pull] Reading from stream was aborted!
[2026-06-09 13:19:32.090] [6455] [HailoRT] [info] [queue_elements.cpp:738] [run_in_thread] run_pull of queue element PullQEl_nms9yolov8s/conv41_97 was aborted!
[2026-06-09 13:19:32.090] [6457] [HailoRT] [info] [queue_elements.cpp:738] [run_in_thread] run_pull of queue element PullQEl_nms1yolov8s/conv52_97 was aborted!
[2026-06-09 13:19:32.090] [6460] [HailoRT] [info] [queue_elements.cpp:738] [run_in_thread] run_pull of queue element PullQEl_nms2yolov8s/conv63_97 was aborted!
[2026-06-09 13:19:32.090] [6456] [HailoRT] [info] [vdevice_native_stream.cpp:331] [read_impl] Failed read from stream HAILO_STREAM_ABORT(63) (device: 0001:01:00.0)
[2026-06-09 13:19:32.090] [6456] [HailoRT] [info] [edge_elements.cpp:396] [run_pull] Reading from stream was aborted!
[2026-06-09 13:19:32.090] [6456] [HailoRT] [info] [queue_elements.cpp:738] [run_in_thread] run_pull of queue element PullQEl_nms7yolov8s/conv42_97 was aborted!
[2026-06-09 13:19:32.090] [6461] [HailoRT] [info] [queue_elements.cpp:68] [operator()] Thread in element UserBufQEl_post_infer0yolov8s/yolov8_nms_postprocess is not running anymore, exiting..
[2026-06-09 13:19:32.090] [2224] [HailoRT] [info] [queue_elements.cpp:46] [~BaseQueueElement] Queue element UserBufQEl_post_infer0yolov8s/yolov8_nms_postprocess has 0 frames in his Queue on destruction
[2026-06-09 13:19:32.090] [6460] [HailoRT] [info] [queue_elements.cpp:68] [operator()] Thread in element PullQEl_nms2yolov8s/conv63_97 is not running anymore, exiting..
[2026-06-09 13:19:32.090] [2224] [HailoRT] [info] [queue_elements.cpp:46] [~BaseQueueElement] Queue element PullQEl_nms2yolov8s/conv63_97 has 0 frames in his Queue on destruction
[2026-06-09 13:19:32.090] [6459] [HailoRT] [info] [queue_elements.cpp:68] [operator()] Thread in element PullQEl_nms3yolov8s/conv62_97 is not running anymore, exiting..
[2026-06-09 13:19:32.090] [2224] [HailoRT] [info] [queue_elements.cpp:46] [~BaseQueueElement] Queue element PullQEl_nms3yolov8s/conv62_97 has 0 frames in his Queue on destruction
[2026-06-09 13:19:32.090] [6458] [HailoRT] [info] [queue_elements.cpp:68] [operator()] Thread in element PullQEl_nms0yolov8s/conv53_97 is not running anymore, exiting..
[2026-06-09 13:19:32.090] [2224] [HailoRT] [info] [queue_elements.cpp:46] [~BaseQueueElement] Queue element PullQEl_nms0yolov8s/conv53_97 has 0 frames in his Queue on destruction
[2026-06-09 13:19:32.090] [6457] [HailoRT] [info] [queue_elements.cpp:68] [operator()] Thread in element PullQEl_nms1yolov8s/conv52_97 is not running anymore, exiting..
[2026-06-09 13:19:32.090] [2224] [HailoRT] [info] [queue_elements.cpp:46] [~BaseQueueElement] Queue element PullQEl_nms1yolov8s/conv52_97 has 0 frames in his Queue on destruction
[2026-06-09 13:19:32.090] [6456] [HailoRT] [info] [queue_elements.cpp:68] [operator()] Thread in element PullQEl_nms7yolov8s/conv42_97 is not running anymore, exiting..
[2026-06-09 13:19:32.090] [2224] [HailoRT] [info] [queue_elements.cpp:46] [~BaseQueueElement] Queue element PullQEl_nms7yolov8s/conv42_97 has 0 frames in his Queue on destruction
[2026-06-09 13:19:32.090] [6455] [HailoRT] [info] [queue_elements.cpp:68] [operator()] Thread in element PullQEl_nms9yolov8s/conv41_97 is not running anymore, exiting..
[2026-06-09 13:19:32.090] [2224] [HailoRT] [info] [queue_elements.cpp:46] [~BaseQueueElement] Queue element PullQEl_nms9yolov8s/conv41_97 has 0 frames in his Queue on destruction
[2026-06-09 13:19:32.090] [6454] [HailoRT] [info] [queue_elements.cpp:68] [operator()] Thread in element PushQEl3yolov8s/input_layer1 is not running anymore, exiting..
[2026-06-09 13:19:32.091] [2224] [HailoRT] [info] [queue_elements.cpp:46] [~BaseQueueElement] Queue element PushQEl3yolov8s/input_layer1 has 0 frames in his Queue on destruction
[2026-06-09 13:19:32.091] [2224] [HailoRT] [info] [core_op.cpp:186] [deactivate] Deactivating took 0.603889 ms
[2026-06-09 13:19:32.091] [2224] [HailoRT] [info] [core_op.cpp:186] [deactivate] Deactivating took 0.615241 ms
[2026-06-09 13:19:34.962] [2224] [HailoRT] [info] [core_op.cpp:156] [activate] Activating yolov8s took 0.733691 milliseconds. Note that the function is asynchronous and thus the network is not fully activated yet.
[2026-06-09 13:19:34.962] [2224] [HailoRT] [info] [core_op.cpp:156] [activate] Activating yolov8s took 0.760745 milliseconds. Note that the function is asynchronous and thus the network is not fully activated yet.
[2026-06-09 13:19:34.962] [2224] [HailoRT] [info] [edge_elements.cpp:52] [create] Created (HwWriteEl3yolov8s/input_layer1 | hw_frame_size: 1228800)
[2026-06-09 13:19:34.962] [2224] [HailoRT] [info] [queue_elements.cpp:284] [create] Created (PushQEl3yolov8s/input_layer1 | timeout: 10s)
[2026-06-09 13:19:34.962] [2224] [HailoRT] [info] [filter_elements.cpp:101] [create] Created (PreInferEl3yolov8s/input_layer1 | Reorder - src_order: NHWC, src_shape: (640, 640, 3), dst_order: NHCW, dst_shape: (640, 640, 3))
[2026-06-09 13:19:34.962] [2224] [HailoRT] [info] [vstream.cpp:754] [InputVStreamImpl] Creating yolov8s/input_layer1...
[2026-06-09 13:19:34.962] [2224] [HailoRT] [info] [vstream_builder.cpp:102] [create_inputs] Input pipeline 'yolov8s/input_layer1': (PreInferEl3yolov8s/input_layer1 | Reorder - src_order: NHWC, src_shape: (640, 640, 3), dst_order: NHCW, dst_shape: (640, 640, 3)) >> (PushQEl3yolov8s/input_layer1 | timeout: 10s) >> (HwWriteEl3yolov8s/input_layer1 | hw_frame_size: 1228800) >> HW
[2026-06-09 13:19:34.962] [2224] [HailoRT] [info] [multi_io_elements.cpp:135] [create] Created (NmsPPMuxEl0YOLOV8-Post-Process | Op YOLOV8, Name: YOLOV8-Post-Process, Score threshold: 0.200, IoU threshold: 0.70, Classes: 80, Max bboxes per class: 100, Image height: 640, Image width: 640)
[2026-06-09 13:19:34.962] [2224] [HailoRT] [info] [edge_elements.cpp:287] [create] Created (HwReadEl9yolov8s/conv41_97 | hw_frame_size: 409600)
[2026-06-09 13:19:34.962] [2224] [HailoRT] [info] [queue_elements.cpp:657] [create] Created (PullQEl_nms9yolov8s/conv41_97 | timeout: 10s)
[2026-06-09 13:19:34.962] [2224] [HailoRT] [info] [edge_elements.cpp:287] [create] Created (HwReadEl7yolov8s/conv42_97 | hw_frame_size: 512000)
[2026-06-09 13:19:34.962] [2224] [HailoRT] [info] [queue_elements.cpp:657] [create] Created (PullQEl_nms7yolov8s/conv42_97 | timeout: 10s)
[2026-06-09 13:19:34.962] [2224] [HailoRT] [info] [edge_elements.cpp:287] [create] Created (HwReadEl1yolov8s/conv52_97 | hw_frame_size: 102400)
[2026-06-09 13:19:34.962] [2224] [HailoRT] [info] [queue_elements.cpp:657] [create] Created (PullQEl_nms1yolov8s/conv52_97 | timeout: 10s)
[2026-06-09 13:19:34.962] [2224] [HailoRT] [info] [edge_elements.cpp:287] [create] Created (HwReadEl0yolov8s/conv53_97 | hw_frame_size: 128000)
[2026-06-09 13:19:34.962] [2224] [HailoRT] [info] [queue_elements.cpp:657] [create] Created (PullQEl_nms0yolov8s/conv53_97 | timeout: 10s)
[2026-06-09 13:19:34.962] [2224] [HailoRT] [info] [edge_elements.cpp:287] [create] Created (HwReadEl3yolov8s/conv62_97 | hw_frame_size: 30720)
[2026-06-09 13:19:34.962] [2224] [HailoRT] [info] [queue_elements.cpp:657] [create] Created (PullQEl_nms3yolov8s/conv62_97 | timeout: 10s)
[2026-06-09 13:19:34.962] [2224] [HailoRT] [info] [edge_elements.cpp:287] [create] Created (HwReadEl2yolov8s/conv63_97 | hw_frame_size: 38400)
[2026-06-09 13:19:34.963] [2224] [HailoRT] [info] [queue_elements.cpp:657] [create] Created (PullQEl_nms2yolov8s/conv63_97 | timeout: 10s)
[2026-06-09 13:19:34.963] [2224] [HailoRT] [info] [queue_elements.cpp:800] [create] Created (UserBufQEl_post_infer0yolov8s/yolov8_nms_postprocess | timeout: 10s)
[2026-06-09 13:19:34.963] [2224] [HailoRT] [info] [vstream.cpp:1114] [OutputVStreamImpl] Creating yolov8s/yolov8_nms_postprocess...
[2026-06-09 13:19:34.963] [2224] [HailoRT] [info] [vstream_builder.cpp:622] [create_output_post_process_nms] Output pipeline 'yolov8s/yolov8_nms_postprocess': HW >> (HwReadEl9yolov8s/conv41_97 | hw_frame_size: 409600) >> (PullQEl_nms9yolov8s/conv41_97) >> (HwReadEl7yolov8s/conv42_97 | hw_frame_size: 512000) >> (PullQEl_nms7yolov8s/conv42_97) >> (HwReadEl1yolov8s/conv52_97 | hw_frame_size: 102400) >> (PullQEl_nms1yolov8s/conv52_97) >> (HwReadEl0yolov8s/conv53_97 | hw_frame_size: 128000) >> (PullQEl_nms0yolov8s/conv53_97) >> (HwReadEl3yolov8s/conv62_97 | hw_frame_size: 30720) >> (PullQEl_nms3yolov8s/conv62_97) >> (HwReadEl2yolov8s/conv63_97 | hw_frame_size: 38400) >> (PullQEl_nms2yolov8s/conv63_97) >> (NmsPPMuxEl0YOLOV8-Post-Process | Op YOLOV8, Name: YOLOV8-Post-Process, Score threshold: 0.200, IoU threshold: 0.70, Classes: 80, Max bboxes per class: 100, Image height: 640, Image width: 640) >> (UserBufQEl_post_infer0yolov8s/yolov8_nms_postprocess | timeout: 10s)
[2026-06-09 13:19:34.963] [6484] [HailoRT] [info] [vdevice_native_stream.cpp:331] [read_impl] Failed read from stream HAILO_STREAM_ABORT(63) (device: 0001:01:00.0)
[2026-06-09 13:19:34.963] [6483] [HailoRT] [info] [vdevice_native_stream.cpp:331] [read_impl] Failed read from stream HAILO_STREAM_ABORT(63) (device: 0001:01:00.0)
[2026-06-09 13:19:34.963] [6483] [HailoRT] [info] [edge_elements.cpp:396] [run_pull] Reading from stream was aborted!
[2026-06-09 13:19:34.963] [6487] [HailoRT] [info] [vdevice_native_stream.cpp:331] [read_impl] Failed read from stream HAILO_STREAM_ABORT(63) (device: 0001:01:00.0)
[2026-06-09 13:19:34.963] [6487] [HailoRT] [info] [edge_elements.cpp:396] [run_pull] Reading from stream was aborted!
[2026-06-09 13:19:34.963] [6483] [HailoRT] [info] [queue_elements.cpp:738] [run_in_thread] run_pull of queue element PullQEl_nms9yolov8s/conv41_97 was aborted!
[2026-06-09 13:19:34.963] [6487] [HailoRT] [info] [queue_elements.cpp:738] [run_in_thread] run_pull of queue element PullQEl_nms3yolov8s/conv62_97 was aborted!
[2026-06-09 13:19:34.963] [6486] [HailoRT] [info] [vdevice_native_stream.cpp:331] [read_impl] Failed read from stream HAILO_STREAM_ABORT(63) (device: 0001:01:00.0)
[2026-06-09 13:19:34.963] [6486] [HailoRT] [info] [edge_elements.cpp:396] [run_pull] Reading from stream was aborted!
[2026-06-09 13:19:34.963] [6488] [HailoRT] [info] [vdevice_native_stream.cpp:331] [read_impl] Failed read from stream HAILO_STREAM_ABORT(63) (device: 0001:01:00.0)
[2026-06-09 13:19:34.963] [6484] [HailoRT] [info] [edge_elements.cpp:396] [run_pull] Reading from stream was aborted!
[2026-06-09 13:19:34.963] [6486] [HailoRT] [info] [queue_elements.cpp:738] [run_in_thread] run_pull of queue element PullQEl_nms0yolov8s/conv53_97 was aborted!
[2026-06-09 13:19:34.963] [6488] [HailoRT] [info] [edge_elements.cpp:396] [run_pull] Reading from stream was aborted!
[2026-06-09 13:19:34.963] [6485] [HailoRT] [info] [vdevice_native_stream.cpp:331] [read_impl] Failed read from stream HAILO_STREAM_ABORT(63) (device: 0001:01:00.0)
[2026-06-09 13:19:34.963] [6484] [HailoRT] [info] [queue_elements.cpp:738] [run_in_thread] run_pull of queue element PullQEl_nms7yolov8s/conv42_97 was aborted!
[2026-06-09 13:19:34.963] [6488] [HailoRT] [info] [queue_elements.cpp:738] [run_in_thread] run_pull of queue element PullQEl_nms2yolov8s/conv63_97 was aborted!
[2026-06-09 13:19:34.963] [6485] [HailoRT] [info] [edge_elements.cpp:396] [run_pull] Reading from stream was aborted!
[2026-06-09 13:19:34.963] [6485] [HailoRT] [info] [queue_elements.cpp:738] [run_in_thread] run_pull of queue element PullQEl_nms1yolov8s/conv52_97 was aborted!
[2026-06-09 13:19:34.963] [6489] [HailoRT] [info] [queue_elements.cpp:68] [operator()] Thread in element UserBufQEl_post_infer0yolov8s/yolov8_nms_postprocess is not running anymore, exiting..
[2026-06-09 13:19:34.963] [2224] [HailoRT] [info] [queue_elements.cpp:46] [~BaseQueueElement] Queue element UserBufQEl_post_infer0yolov8s/yolov8_nms_postprocess has 0 frames in his Queue on destruction
[2026-06-09 13:19:34.963] [6488] [HailoRT] [info] [queue_elements.cpp:68] [operator()] Thread in element PullQEl_nms2yolov8s/conv63_97 is not running anymore, exiting..
[2026-06-09 13:19:34.963] [2224] [HailoRT] [info] [queue_elements.cpp:46] [~BaseQueueElement] Queue element PullQEl_nms2yolov8s/conv63_97 has 0 frames in his Queue on destruction
[2026-06-09 13:19:34.963] [6487] [HailoRT] [info] [queue_elements.cpp:68] [operator()] Thread in element PullQEl_nms3yolov8s/conv62_97 is not running anymore, exiting..
[2026-06-09 13:19:34.963] [2224] [HailoRT] [info] [queue_elements.cpp:46] [~BaseQueueElement] Queue element PullQEl_nms3yolov8s/conv62_97 has 0 frames in his Queue on destruction
[2026-06-09 13:19:34.963] [6486] [HailoRT] [info] [queue_elements.cpp:68] [operator()] Thread in element PullQEl_nms0yolov8s/conv53_97 is not running anymore, exiting..
[2026-06-09 13:19:34.963] [2224] [HailoRT] [info] [queue_elements.cpp:46] [~BaseQueueElement] Queue element PullQEl_nms0yolov8s/conv53_97 has 0 frames in his Queue on destruction
[2026-06-09 13:19:34.963] [6485] [HailoRT] [info] [queue_elements.cpp:68] [operator()] Thread in element PullQEl_nms1yolov8s/conv52_97 is not running anymore, exiting..
[2026-06-09 13:19:34.963] [2224] [HailoRT] [info] [queue_elements.cpp:46] [~BaseQueueElement] Queue element PullQEl_nms1yolov8s/conv52_97 has 0 frames in his Queue on destruction
[2026-06-09 13:19:34.963] [6484] [HailoRT] [info] [queue_elements.cpp:68] [operator()] Thread in element PullQEl_nms7yolov8s/conv42_97 is not running anymore, exiting..
[2026-06-09 13:19:34.963] [2224] [HailoRT] [info] [queue_elements.cpp:46] [~BaseQueueElement] Queue element PullQEl_nms7yolov8s/conv42_97 has 0 frames in his Queue on destruction
[2026-06-09 13:19:34.963] [6483] [HailoRT] [info] [queue_elements.cpp:68] [operator()] Thread in element PullQEl_nms9yolov8s/conv41_97 is not running anymore, exiting..
[2026-06-09 13:19:34.963] [2224] [HailoRT] [info] [queue_elements.cpp:46] [~BaseQueueElement] Queue element PullQEl_nms9yolov8s/conv41_97 has 0 frames in his Queue on destruction
[2026-06-09 13:19:34.963] [6482] [HailoRT] [info] [queue_elements.cpp:68] [operator()] Thread in element PushQEl3yolov8s/input_layer1 is not running anymore, exiting..
[2026-06-09 13:19:34.963] [2224] [HailoRT] [info] [queue_elements.cpp:46] [~BaseQueueElement] Queue element PushQEl3yolov8s/input_layer1 has 0 frames in his Queue on destruction
[2026-06-09 13:19:34.964] [2224] [HailoRT] [info] [core_op.cpp:186] [deactivate] Deactivating took 0.626862 ms
[2026-06-09 13:19:34.964] [2224] [HailoRT] [info] [core_op.cpp:186] [deactivate] Deactivating took 0.634176 ms
[2026-06-09 13:19:37.811] [2224] [HailoRT] [info] [core_op.cpp:156] [activate] Activating yolov8s took 0.757955 milliseconds. Note that the function is asynchronous and thus the network is not fully activated yet.
[2026-06-09 13:19:37.811] [2224] [HailoRT] [info] [core_op.cpp:156] [activate] Activating yolov8s took 0.786211 milliseconds. Note that the function is asynchronous and thus the network is not fully activated yet.
[2026-06-09 13:19:37.811] [2224] [HailoRT] [info] [edge_elements.cpp:52] [create] Created (HwWriteEl3yolov8s/input_layer1 | hw_frame_size: 1228800)
[2026-06-09 13:19:37.811] [2224] [HailoRT] [info] [queue_elements.cpp:284] [create] Created (PushQEl3yolov8s/input_layer1 | timeout: 10s)
[2026-06-09 13:19:37.811] [2224] [HailoRT] [info] [filter_elements.cpp:101] [create] Created (PreInferEl3yolov8s/input_layer1 | Reorder - src_order: NHWC, src_shape: (640, 640, 3), dst_order: NHCW, dst_shape: (640, 640, 3))
[2026-06-09 13:19:37.811] [2224] [HailoRT] [info] [vstream.cpp:754] [InputVStreamImpl] Creating yolov8s/input_layer1...
[2026-06-09 13:19:37.811] [2224] [HailoRT] [info] [vstream_builder.cpp:102] [create_inputs] Input pipeline 'yolov8s/input_layer1': (PreInferEl3yolov8s/input_layer1 | Reorder - src_order: NHWC, src_shape: (640, 640, 3), dst_order: NHCW, dst_shape: (640, 640, 3)) >> (PushQEl3yolov8s/input_layer1 | timeout: 10s) >> (HwWriteEl3yolov8s/input_layer1 | hw_frame_size: 1228800) >> HW
[2026-06-09 13:19:37.811] [2224] [HailoRT] [info] [multi_io_elements.cpp:135] [create] Created (NmsPPMuxEl0YOLOV8-Post-Process | Op YOLOV8, Name: YOLOV8-Post-Process, Score threshold: 0.200, IoU threshold: 0.70, Classes: 80, Max bboxes per class: 100, Image height: 640, Image width: 640)
[2026-06-09 13:19:37.811] [2224] [HailoRT] [info] [edge_elements.cpp:287] [create] Created (HwReadEl9yolov8s/conv41_97 | hw_frame_size: 409600)
[2026-06-09 13:19:37.811] [2224] [HailoRT] [info] [queue_elements.cpp:657] [create] Created (PullQEl_nms9yolov8s/conv41_97 | timeout: 10s)
[2026-06-09 13:19:37.812] [2224] [HailoRT] [info] [edge_elements.cpp:287] [create] Created (HwReadEl7yolov8s/conv42_97 | hw_frame_size: 512000)
[2026-06-09 13:19:37.812] [2224] [HailoRT] [info] [queue_elements.cpp:657] [create] Created (PullQEl_nms7yolov8s/conv42_97 | timeout: 10s)
[2026-06-09 13:19:37.812] [2224] [HailoRT] [info] [edge_elements.cpp:287] [create] Created (HwReadEl1yolov8s/conv52_97 | hw_frame_size: 102400)
[2026-06-09 13:19:37.812] [2224] [HailoRT] [info] [queue_elements.cpp:657] [create] Created (PullQEl_nms1yolov8s/conv52_97 | timeout: 10s)
[2026-06-09 13:19:37.812] [2224] [HailoRT] [info] [edge_elements.cpp:287] [create] Created (HwReadEl0yolov8s/conv53_97 | hw_frame_size: 128000)
[2026-06-09 13:19:37.812] [2224] [HailoRT] [info] [queue_elements.cpp:657] [create] Created (PullQEl_nms0yolov8s/conv53_97 | timeout: 10s)
[2026-06-09 13:19:37.812] [2224] [HailoRT] [info] [edge_elements.cpp:287] [create] Created (HwReadEl3yolov8s/conv62_97 | hw_frame_size: 30720)
[2026-06-09 13:19:37.812] [2224] [HailoRT] [info] [queue_elements.cpp:657] [create] Created (PullQEl_nms3yolov8s/conv62_97 | timeout: 10s)
[2026-06-09 13:19:37.812] [2224] [HailoRT] [info] [edge_elements.cpp:287] [create] Created (HwReadEl2yolov8s/conv63_97 | hw_frame_size: 38400)
[2026-06-09 13:19:37.812] [2224] [HailoRT] [info] [queue_elements.cpp:657] [create] Created (PullQEl_nms2yolov8s/conv63_97 | timeout: 10s)
[2026-06-09 13:19:37.812] [2224] [HailoRT] [info] [queue_elements.cpp:800] [create] Created (UserBufQEl_post_infer0yolov8s/yolov8_nms_postprocess | timeout: 10s)
[2026-06-09 13:19:37.812] [2224] [HailoRT] [info] [vstream.cpp:1114] [OutputVStreamImpl] Creating yolov8s/yolov8_nms_postprocess...
[2026-06-09 13:19:37.813] [2224] [HailoRT] [info] [vstream_builder.cpp:622] [create_output_post_process_nms] Output pipeline 'yolov8s/yolov8_nms_postprocess': HW >> (HwReadEl9yolov8s/conv41_97 | hw_frame_size: 409600) >> (PullQEl_nms9yolov8s/conv41_97) >> (HwReadEl7yolov8s/conv42_97 | hw_frame_size: 512000) >> (PullQEl_nms7yolov8s/conv42_97) >> (HwReadEl1yolov8s/conv52_97 | hw_frame_size: 102400) >> (PullQEl_nms1yolov8s/conv52_97) >> (HwReadEl0yolov8s/conv53_97 | hw_frame_size: 128000) >> (PullQEl_nms0yolov8s/conv53_97) >> (HwReadEl3yolov8s/conv62_97 | hw_frame_size: 30720) >> (PullQEl_nms3yolov8s/conv62_97) >> (HwReadEl2yolov8s/conv63_97 | hw_frame_size: 38400) >> (PullQEl_nms2yolov8s/conv63_97) >> (NmsPPMuxEl0YOLOV8-Post-Process | Op YOLOV8, Name: YOLOV8-Post-Process, Score threshold: 0.200, IoU threshold: 0.70, Classes: 80, Max bboxes per class: 100, Image height: 640, Image width: 640) >> (UserBufQEl_post_infer0yolov8s/yolov8_nms_postprocess | timeout: 10s)
[2026-06-09 13:19:37.813] [6519] [HailoRT] [info] [vdevice_native_stream.cpp:331] [read_impl] Failed read from stream HAILO_STREAM_ABORT(63) (device: 0001:01:00.0)
[2026-06-09 13:19:37.813] [6519] [HailoRT] [info] [edge_elements.cpp:396] [run_pull] Reading from stream was aborted!
[2026-06-09 13:19:37.813] [6520] [HailoRT] [info] [vdevice_native_stream.cpp:331] [read_impl] Failed read from stream HAILO_STREAM_ABORT(63) (device: 0001:01:00.0)
[2026-06-09 13:19:37.813] [6520] [HailoRT] [info] [edge_elements.cpp:396] [run_pull] Reading from stream was aborted!
[2026-06-09 13:19:37.813] [6522] [HailoRT] [info] [vdevice_native_stream.cpp:331] [read_impl] Failed read from stream HAILO_STREAM_ABORT(63) (device: 0001:01:00.0)
[2026-06-09 13:19:37.813] [6521] [HailoRT] [info] [vdevice_native_stream.cpp:331] [read_impl] Failed read from stream HAILO_STREAM_ABORT(63) (device: 0001:01:00.0)
[2026-06-09 13:19:37.813] [6522] [HailoRT] [info] [edge_elements.cpp:396] [run_pull] Reading from stream was aborted!
[2026-06-09 13:19:37.813] [6521] [HailoRT] [info] [edge_elements.cpp:396] [run_pull] Reading from stream was aborted!
[2026-06-09 13:19:37.813] [6518] [HailoRT] [info] [vdevice_native_stream.cpp:331] [read_impl] Failed read from stream HAILO_STREAM_ABORT(63) (device: 0001:01:00.0)
[2026-06-09 13:19:37.813] [6522] [HailoRT] [info] [queue_elements.cpp:738] [run_in_thread] run_pull of queue element PullQEl_nms2yolov8s/conv63_97 was aborted!
[2026-06-09 13:19:37.813] [6517] [HailoRT] [info] [vdevice_native_stream.cpp:331] [read_impl] Failed read from stream HAILO_STREAM_ABORT(63) (device: 0001:01:00.0)
[2026-06-09 13:19:37.813] [6517] [HailoRT] [info] [edge_elements.cpp:396] [run_pull] Reading from stream was aborted!
[2026-06-09 13:19:37.813] [6518] [HailoRT] [info] [edge_elements.cpp:396] [run_pull] Reading from stream was aborted!
[2026-06-09 13:19:37.813] [6519] [HailoRT] [info] [queue_elements.cpp:738] [run_in_thread] run_pull of queue element PullQEl_nms1yolov8s/conv52_97 was aborted!
[2026-06-09 13:19:37.813] [6517] [HailoRT] [info] [queue_elements.cpp:738] [run_in_thread] run_pull of queue element PullQEl_nms9yolov8s/conv41_97 was aborted!
[2026-06-09 13:19:37.813] [6518] [HailoRT] [info] [queue_elements.cpp:738] [run_in_thread] run_pull of queue element PullQEl_nms7yolov8s/conv42_97 was aborted!
[2026-06-09 13:19:37.813] [6520] [HailoRT] [info] [queue_elements.cpp:738] [run_in_thread] run_pull of queue element PullQEl_nms0yolov8s/conv53_97 was aborted!
[2026-06-09 13:19:37.813] [6521] [HailoRT] [info] [queue_elements.cpp:738] [run_in_thread] run_pull of queue element PullQEl_nms3yolov8s/conv62_97 was aborted!
[2026-06-09 13:19:37.813] [6523] [HailoRT] [info] [queue_elements.cpp:68] [operator()] Thread in element UserBufQEl_post_infer0yolov8s/yolov8_nms_postprocess is not running anymore, exiting..
[2026-06-09 13:19:37.813] [2224] [HailoRT] [info] [queue_elements.cpp:46] [~BaseQueueElement] Queue element UserBufQEl_post_infer0yolov8s/yolov8_nms_postprocess has 0 frames in his Queue on destruction
[2026-06-09 13:19:37.813] [6522] [HailoRT] [info] [queue_elements.cpp:68] [operator()] Thread in element PullQEl_nms2yolov8s/conv63_97 is not running anymore, exiting..
[2026-06-09 13:19:37.813] [2224] [HailoRT] [info] [queue_elements.cpp:46] [~BaseQueueElement] Queue element PullQEl_nms2yolov8s/conv63_97 has 0 frames in his Queue on destruction
[2026-06-09 13:19:37.813] [6521] [HailoRT] [info] [queue_elements.cpp:68] [operator()] Thread in element PullQEl_nms3yolov8s/conv62_97 is not running anymore, exiting..
[2026-06-09 13:19:37.813] [2224] [HailoRT] [info] [queue_elements.cpp:46] [~BaseQueueElement] Queue element PullQEl_nms3yolov8s/conv62_97 has 0 frames in his Queue on destruction
[2026-06-09 13:19:37.813] [6520] [HailoRT] [info] [queue_elements.cpp:68] [operator()] Thread in element PullQEl_nms0yolov8s/conv53_97 is not running anymore, exiting..
[2026-06-09 13:19:37.813] [2224] [HailoRT] [info] [queue_elements.cpp:46] [~BaseQueueElement] Queue element PullQEl_nms0yolov8s/conv53_97 has 0 frames in his Queue on destruction
[2026-06-09 13:19:37.813] [6519] [HailoRT] [info] [queue_elements.cpp:68] [operator()] Thread in element PullQEl_nms1yolov8s/conv52_97 is not running anymore, exiting..
[2026-06-09 13:19:37.813] [2224] [HailoRT] [info] [queue_elements.cpp:46] [~BaseQueueElement] Queue element PullQEl_nms1yolov8s/conv52_97 has 0 frames in his Queue on destruction
[2026-06-09 13:19:37.813] [6518] [HailoRT] [info] [queue_elements.cpp:68] [operator()] Thread in element PullQEl_nms7yolov8s/conv42_97 is not running anymore, exiting..
[2026-06-09 13:19:37.813] [2224] [HailoRT] [info] [queue_elements.cpp:46] [~BaseQueueElement] Queue element PullQEl_nms7yolov8s/conv42_97 has 0 frames in his Queue on destruction
[2026-06-09 13:19:37.813] [6517] [HailoRT] [info] [queue_elements.cpp:68] [operator()] Thread in element PullQEl_nms9yolov8s/conv41_97 is not running anymore, exiting..
[2026-06-09 13:19:37.813] [2224] [HailoRT] [info] [queue_elements.cpp:46] [~BaseQueueElement] Queue element PullQEl_nms9yolov8s/conv41_97 has 0 frames in his Queue on destruction
[2026-06-09 13:19:37.813] [6516] [HailoRT] [info] [queue_elements.cpp:68] [operator()] Thread in element PushQEl3yolov8s/input_layer1 is not running anymore, exiting..
[2026-06-09 13:19:37.813] [2224] [HailoRT] [info] [queue_elements.cpp:46] [~BaseQueueElement] Queue element PushQEl3yolov8s/input_layer1 has 0 frames in his Queue on destruction
[2026-06-09 13:19:37.814] [2224] [HailoRT] [info] [core_op.cpp:186] [deactivate] Deactivating took 0.570633 ms
[2026-06-09 13:19:37.814] [2224] [HailoRT] [info] [core_op.cpp:186] [deactivate] Deactivating took 0.578928 ms
[2026-06-09 13:19:40.672] [2224] [HailoRT] [info] [core_op.cpp:156] [activate] Activating yolov8s took 0.735001 milliseconds. Note that the function is asynchronous and thus the network is not fully activated yet.
[2026-06-09 13:19:40.672] [2224] [HailoRT] [info] [core_op.cpp:156] [activate] Activating yolov8s took 0.763721 milliseconds. Note that the function is asynchronous and thus the network is not fully activated yet.
[2026-06-09 13:19:40.672] [2224] [HailoRT] [info] [edge_elements.cpp:52] [create] Created (HwWriteEl3yolov8s/input_layer1 | hw_frame_size: 1228800)
[2026-06-09 13:19:40.672] [2224] [HailoRT] [info] [queue_elements.cpp:284] [create] Created (PushQEl3yolov8s/input_layer1 | timeout: 10s)
[2026-06-09 13:19:40.672] [2224] [HailoRT] [info] [filter_elements.cpp:101] [create] Created (PreInferEl3yolov8s/input_layer1 | Reorder - src_order: NHWC, src_shape: (640, 640, 3), dst_order: NHCW, dst_shape: (640, 640, 3))
[2026-06-09 13:19:40.672] [2224] [HailoRT] [info] [vstream.cpp:754] [InputVStreamImpl] Creating yolov8s/input_layer1...
[2026-06-09 13:19:40.672] [2224] [HailoRT] [info] [vstream_builder.cpp:102] [create_inputs] Input pipeline 'yolov8s/input_layer1': (PreInferEl3yolov8s/input_layer1 | Reorder - src_order: NHWC, src_shape: (640, 640, 3), dst_order: NHCW, dst_shape: (640, 640, 3)) >> (PushQEl3yolov8s/input_layer1 | timeout: 10s) >> (HwWriteEl3yolov8s/input_layer1 | hw_frame_size: 1228800) >> HW
[2026-06-09 13:19:40.673] [2224] [HailoRT] [info] [multi_io_elements.cpp:135] [create] Created (NmsPPMuxEl0YOLOV8-Post-Process | Op YOLOV8, Name: YOLOV8-Post-Process, Score threshold: 0.200, IoU threshold: 0.70, Classes: 80, Max bboxes per class: 100, Image height: 640, Image width: 640)
[2026-06-09 13:19:40.673] [2224] [HailoRT] [info] [edge_elements.cpp:287] [create] Created (HwReadEl9yolov8s/conv41_97 | hw_frame_size: 409600)
[2026-06-09 13:19:40.673] [2224] [HailoRT] [info] [queue_elements.cpp:657] [create] Created (PullQEl_nms9yolov8s/conv41_97 | timeout: 10s)
[2026-06-09 13:19:40.673] [2224] [HailoRT] [info] [edge_elements.cpp:287] [create] Created (HwReadEl7yolov8s/conv42_97 | hw_frame_size: 512000)
[2026-06-09 13:19:40.673] [2224] [HailoRT] [info] [queue_elements.cpp:657] [create] Created (PullQEl_nms7yolov8s/conv42_97 | timeout: 10s)
[2026-06-09 13:19:40.673] [2224] [HailoRT] [info] [edge_elements.cpp:287] [create] Created (HwReadEl1yolov8s/conv52_97 | hw_frame_size: 102400)
[2026-06-09 13:19:40.673] [2224] [HailoRT] [info] [queue_elements.cpp:657] [create] Created (PullQEl_nms1yolov8s/conv52_97 | timeout: 10s)
[2026-06-09 13:19:40.673] [2224] [HailoRT] [info] [edge_elements.cpp:287] [create] Created (HwReadEl0yolov8s/conv53_97 | hw_frame_size: 128000)
[2026-06-09 13:19:40.673] [2224] [HailoRT] [info] [queue_elements.cpp:657] [create] Created (PullQEl_nms0yolov8s/conv53_97 | timeout: 10s)
[2026-06-09 13:19:40.673] [2224] [HailoRT] [info] [edge_elements.cpp:287] [create] Created (HwReadEl3yolov8s/conv62_97 | hw_frame_size: 30720)
[2026-06-09 13:19:40.673] [2224] [HailoRT] [info] [queue_elements.cpp:657] [create] Created (PullQEl_nms3yolov8s/conv62_97 | timeout: 10s)
[2026-06-09 13:19:40.673] [2224] [HailoRT] [info] [edge_elements.cpp:287] [create] Created (HwReadEl2yolov8s/conv63_97 | hw_frame_size: 38400)
[2026-06-09 13:19:40.673] [2224] [HailoRT] [info] [queue_elements.cpp:657] [create] Created (PullQEl_nms2yolov8s/conv63_97 | timeout: 10s)
[2026-06-09 13:19:40.673] [2224] [HailoRT] [info] [queue_elements.cpp:800] [create] Created (UserBufQEl_post_infer0yolov8s/yolov8_nms_postprocess | timeout: 10s)
[2026-06-09 13:19:40.673] [2224] [HailoRT] [info] [vstream.cpp:1114] [OutputVStreamImpl] Creating yolov8s/yolov8_nms_postprocess...
[2026-06-09 13:19:40.673] [2224] [HailoRT] [info] [vstream_builder.cpp:622] [create_output_post_process_nms] Output pipeline 'yolov8s/yolov8_nms_postprocess': HW >> (HwReadEl9yolov8s/conv41_97 | hw_frame_size: 409600) >> (PullQEl_nms9yolov8s/conv41_97) >> (HwReadEl7yolov8s/conv42_97 | hw_frame_size: 512000) >> (PullQEl_nms7yolov8s/conv42_97) >> (HwReadEl1yolov8s/conv52_97 | hw_frame_size: 102400) >> (PullQEl_nms1yolov8s/conv52_97) >> (HwReadEl0yolov8s/conv53_97 | hw_frame_size: 128000) >> (PullQEl_nms0yolov8s/conv53_97) >> (HwReadEl3yolov8s/conv62_97 | hw_frame_size: 30720) >> (PullQEl_nms3yolov8s/conv62_97) >> (HwReadEl2yolov8s/conv63_97 | hw_frame_size: 38400) >> (PullQEl_nms2yolov8s/conv63_97) >> (NmsPPMuxEl0YOLOV8-Post-Process | Op YOLOV8, Name: YOLOV8-Post-Process, Score threshold: 0.200, IoU threshold: 0.70, Classes: 80, Max bboxes per class: 100, Image height: 640, Image width: 640) >> (UserBufQEl_post_infer0yolov8s/yolov8_nms_postprocess | timeout: 10s)
[2026-06-09 13:19:40.673] [6553] [HailoRT] [info] [vdevice_native_stream.cpp:331] [read_impl] Failed read from stream HAILO_STREAM_ABORT(63) (device: 0001:01:00.0)
[2026-06-09 13:19:40.673] [6553] [HailoRT] [info] [edge_elements.cpp:396] [run_pull] Reading from stream was aborted!
[2026-06-09 13:19:40.673] [6555] [HailoRT] [info] [vdevice_native_stream.cpp:331] [read_impl] Failed read from stream HAILO_STREAM_ABORT(63) (device: 0001:01:00.0)
[2026-06-09 13:19:40.673] [6553] [HailoRT] [info] [queue_elements.cpp:738] [run_in_thread] run_pull of queue element PullQEl_nms9yolov8s/conv41_97 was aborted!
[2026-06-09 13:19:40.673] [6555] [HailoRT] [info] [edge_elements.cpp:396] [run_pull] Reading from stream was aborted!
[2026-06-09 13:19:40.673] [6556] [HailoRT] [info] [vdevice_native_stream.cpp:331] [read_impl] Failed read from stream HAILO_STREAM_ABORT(63) (device: 0001:01:00.0)
[2026-06-09 13:19:40.673] [6554] [HailoRT] [info] [vdevice_native_stream.cpp:331] [read_impl] Failed read from stream HAILO_STREAM_ABORT(63) (device: 0001:01:00.0)
[2026-06-09 13:19:40.673] [6556] [HailoRT] [info] [edge_elements.cpp:396] [run_pull] Reading from stream was aborted!
[2026-06-09 13:19:40.673] [6554] [HailoRT] [info] [edge_elements.cpp:396] [run_pull] Reading from stream was aborted!
[2026-06-09 13:19:40.673] [6556] [HailoRT] [info] [queue_elements.cpp:738] [run_in_thread] run_pull of queue element PullQEl_nms0yolov8s/conv53_97 was aborted!
[2026-06-09 13:19:40.673] [6558] [HailoRT] [info] [vdevice_native_stream.cpp:331] [read_impl] Failed read from stream HAILO_STREAM_ABORT(63) (device: 0001:01:00.0)
[2026-06-09 13:19:40.673] [6554] [HailoRT] [info] [queue_elements.cpp:738] [run_in_thread] run_pull of queue element PullQEl_nms7yolov8s/conv42_97 was aborted!
[2026-06-09 13:19:40.673] [6555] [HailoRT] [info] [queue_elements.cpp:738] [run_in_thread] run_pull of queue element PullQEl_nms1yolov8s/conv52_97 was aborted!
[2026-06-09 13:19:40.673] [6558] [HailoRT] [info] [edge_elements.cpp:396] [run_pull] Reading from stream was aborted!
[2026-06-09 13:19:40.673] [6557] [HailoRT] [info] [vdevice_native_stream.cpp:331] [read_impl] Failed read from stream HAILO_STREAM_ABORT(63) (device: 0001:01:00.0)
[2026-06-09 13:19:40.673] [6557] [HailoRT] [info] [edge_elements.cpp:396] [run_pull] Reading from stream was aborted!
[2026-06-09 13:19:40.673] [6558] [HailoRT] [info] [queue_elements.cpp:738] [run_in_thread] run_pull of queue element PullQEl_nms2yolov8s/conv63_97 was aborted!
[2026-06-09 13:19:40.673] [6557] [HailoRT] [info] [queue_elements.cpp:738] [run_in_thread] run_pull of queue element PullQEl_nms3yolov8s/conv62_97 was aborted!
[2026-06-09 13:19:40.673] [6559] [HailoRT] [info] [queue_elements.cpp:68] [operator()] Thread in element UserBufQEl_post_infer0yolov8s/yolov8_nms_postprocess is not running anymore, exiting..
[2026-06-09 13:19:40.673] [2224] [HailoRT] [info] [queue_elements.cpp:46] [~BaseQueueElement] Queue element UserBufQEl_post_infer0yolov8s/yolov8_nms_postprocess has 0 frames in his Queue on destruction
[2026-06-09 13:19:40.673] [6558] [HailoRT] [info] [queue_elements.cpp:68] [operator()] Thread in element PullQEl_nms2yolov8s/conv63_97 is not running anymore, exiting..
[2026-06-09 13:19:40.673] [2224] [HailoRT] [info] [queue_elements.cpp:46] [~BaseQueueElement] Queue element PullQEl_nms2yolov8s/conv63_97 has 0 frames in his Queue on destruction
[2026-06-09 13:19:40.673] [6557] [HailoRT] [info] [queue_elements.cpp:68] [operator()] Thread in element PullQEl_nms3yolov8s/conv62_97 is not running anymore, exiting..
[2026-06-09 13:19:40.673] [2224] [HailoRT] [info] [queue_elements.cpp:46] [~BaseQueueElement] Queue element PullQEl_nms3yolov8s/conv62_97 has 0 frames in his Queue on destruction
[2026-06-09 13:19:40.673] [6556] [HailoRT] [info] [queue_elements.cpp:68] [operator()] Thread in element PullQEl_nms0yolov8s/conv53_97 is not running anymore, exiting..
[2026-06-09 13:19:40.673] [2224] [HailoRT] [info] [queue_elements.cpp:46] [~BaseQueueElement] Queue element PullQEl_nms0yolov8s/conv53_97 has 0 frames in his Queue on destruction
[2026-06-09 13:19:40.673] [6555] [HailoRT] [info] [queue_elements.cpp:68] [operator()] Thread in element PullQEl_nms1yolov8s/conv52_97 is not running anymore, exiting..
[2026-06-09 13:19:40.673] [2224] [HailoRT] [info] [queue_elements.cpp:46] [~BaseQueueElement] Queue element PullQEl_nms1yolov8s/conv52_97 has 0 frames in his Queue on destruction
[2026-06-09 13:19:40.673] [6554] [HailoRT] [info] [queue_elements.cpp:68] [operator()] Thread in element PullQEl_nms7yolov8s/conv42_97 is not running anymore, exiting..
[2026-06-09 13:19:40.673] [2224] [HailoRT] [info] [queue_elements.cpp:46] [~BaseQueueElement] Queue element PullQEl_nms7yolov8s/conv42_97 has 0 frames in his Queue on destruction
[2026-06-09 13:19:40.673] [6553] [HailoRT] [info] [queue_elements.cpp:68] [operator()] Thread in element PullQEl_nms9yolov8s/conv41_97 is not running anymore, exiting..
[2026-06-09 13:19:40.673] [2224] [HailoRT] [info] [queue_elements.cpp:46] [~BaseQueueElement] Queue element PullQEl_nms9yolov8s/conv41_97 has 0 frames in his Queue on destruction
[2026-06-09 13:19:40.673] [6552] [HailoRT] [info] [queue_elements.cpp:68] [operator()] Thread in element PushQEl3yolov8s/input_layer1 is not running anymore, exiting..
[2026-06-09 13:19:40.673] [2224] [HailoRT] [info] [queue_elements.cpp:46] [~BaseQueueElement] Queue element PushQEl3yolov8s/input_layer1 has 0 frames in his Queue on destruction
[2026-06-09 13:19:40.674] [2224] [HailoRT] [info] [core_op.cpp:186] [deactivate] Deactivating took 0.62549 ms
[2026-06-09 13:19:40.674] [2224] [HailoRT] [info] [core_op.cpp:186] [deactivate] Deactivating took 0.633712 ms
[2026-06-09 13:19:43.484] [2224] [HailoRT] [info] [core_op.cpp:156] [activate] Activating yolov8s took 0.737159 milliseconds. Note that the function is asynchronous and thus the network is not fully activated yet.
[2026-06-09 13:19:43.484] [2224] [HailoRT] [info] [core_op.cpp:156] [activate] Activating yolov8s took 0.765823 milliseconds. Note that the function is asynchronous and thus the network is not fully activated yet.
[2026-06-09 13:19:43.484] [2224] [HailoRT] [info] [edge_elements.cpp:52] [create] Created (HwWriteEl3yolov8s/input_layer1 | hw_frame_size: 1228800)
[2026-06-09 13:19:43.484] [2224] [HailoRT] [info] [queue_elements.cpp:284] [create] Created (PushQEl3yolov8s/input_layer1 | timeout: 10s)
[2026-06-09 13:19:43.484] [2224] [HailoRT] [info] [filter_elements.cpp:101] [create] Created (PreInferEl3yolov8s/input_layer1 | Reorder - src_order: NHWC, src_shape: (640, 640, 3), dst_order: NHCW, dst_shape: (640, 640, 3))
[2026-06-09 13:19:43.484] [2224] [HailoRT] [info] [vstream.cpp:754] [InputVStreamImpl] Creating yolov8s/input_layer1...
[2026-06-09 13:19:43.484] [2224] [HailoRT] [info] [vstream_builder.cpp:102] [create_inputs] Input pipeline 'yolov8s/input_layer1': (PreInferEl3yolov8s/input_layer1 | Reorder - src_order: NHWC, src_shape: (640, 640, 3), dst_order: NHCW, dst_shape: (640, 640, 3)) >> (PushQEl3yolov8s/input_layer1 | timeout: 10s) >> (HwWriteEl3yolov8s/input_layer1 | hw_frame_size: 1228800) >> HW
[2026-06-09 13:19:43.484] [2224] [HailoRT] [info] [multi_io_elements.cpp:135] [create] Created (NmsPPMuxEl0YOLOV8-Post-Process | Op YOLOV8, Name: YOLOV8-Post-Process, Score threshold: 0.200, IoU threshold: 0.70, Classes: 80, Max bboxes per class: 100, Image height: 640, Image width: 640)
[2026-06-09 13:19:43.484] [2224] [HailoRT] [info] [edge_elements.cpp:287] [create] Created (HwReadEl9yolov8s/conv41_97 | hw_frame_size: 409600)
[2026-06-09 13:19:43.485] [2224] [HailoRT] [info] [queue_elements.cpp:657] [create] Created (PullQEl_nms9yolov8s/conv41_97 | timeout: 10s)
[2026-06-09 13:19:43.485] [2224] [HailoRT] [info] [edge_elements.cpp:287] [create] Created (HwReadEl7yolov8s/conv42_97 | hw_frame_size: 512000)
[2026-06-09 13:19:43.485] [2224] [HailoRT] [info] [queue_elements.cpp:657] [create] Created (PullQEl_nms7yolov8s/conv42_97 | timeout: 10s)
[2026-06-09 13:19:43.485] [2224] [HailoRT] [info] [edge_elements.cpp:287] [create] Created (HwReadEl1yolov8s/conv52_97 | hw_frame_size: 102400)
[2026-06-09 13:19:43.485] [2224] [HailoRT] [info] [queue_elements.cpp:657] [create] Created (PullQEl_nms1yolov8s/conv52_97 | timeout: 10s)
[2026-06-09 13:19:43.485] [2224] [HailoRT] [info] [edge_elements.cpp:287] [create] Created (HwReadEl0yolov8s/conv53_97 | hw_frame_size: 128000)
[2026-06-09 13:19:43.485] [2224] [HailoRT] [info] [queue_elements.cpp:657] [create] Created (PullQEl_nms0yolov8s/conv53_97 | timeout: 10s)
[2026-06-09 13:19:43.485] [2224] [HailoRT] [info] [edge_elements.cpp:287] [create] Created (HwReadEl3yolov8s/conv62_97 | hw_frame_size: 30720)
[2026-06-09 13:19:43.485] [2224] [HailoRT] [info] [queue_elements.cpp:657] [create] Created (PullQEl_nms3yolov8s/conv62_97 | timeout: 10s)
[2026-06-09 13:19:43.485] [2224] [HailoRT] [info] [edge_elements.cpp:287] [create] Created (HwReadEl2yolov8s/conv63_97 | hw_frame_size: 38400)
[2026-06-09 13:19:43.485] [2224] [HailoRT] [info] [queue_elements.cpp:657] [create] Created (PullQEl_nms2yolov8s/conv63_97 | timeout: 10s)
[2026-06-09 13:19:43.485] [2224] [HailoRT] [info] [queue_elements.cpp:800] [create] Created (UserBufQEl_post_infer0yolov8s/yolov8_nms_postprocess | timeout: 10s)
[2026-06-09 13:19:43.485] [2224] [HailoRT] [info] [vstream.cpp:1114] [OutputVStreamImpl] Creating yolov8s/yolov8_nms_postprocess...
[2026-06-09 13:19:43.485] [2224] [HailoRT] [info] [vstream_builder.cpp:622] [create_output_post_process_nms] Output pipeline 'yolov8s/yolov8_nms_postprocess': HW >> (HwReadEl9yolov8s/conv41_97 | hw_frame_size: 409600) >> (PullQEl_nms9yolov8s/conv41_97) >> (HwReadEl7yolov8s/conv42_97 | hw_frame_size: 512000) >> (PullQEl_nms7yolov8s/conv42_97) >> (HwReadEl1yolov8s/conv52_97 | hw_frame_size: 102400) >> (PullQEl_nms1yolov8s/conv52_97) >> (HwReadEl0yolov8s/conv53_97 | hw_frame_size: 128000) >> (PullQEl_nms0yolov8s/conv53_97) >> (HwReadEl3yolov8s/conv62_97 | hw_frame_size: 30720) >> (PullQEl_nms3yolov8s/conv62_97) >> (HwReadEl2yolov8s/conv63_97 | hw_frame_size: 38400) >> (PullQEl_nms2yolov8s/conv63_97) >> (NmsPPMuxEl0YOLOV8-Post-Process | Op YOLOV8, Name: YOLOV8-Post-Process, Score threshold: 0.200, IoU threshold: 0.70, Classes: 80, Max bboxes per class: 100, Image height: 640, Image width: 640) >> (UserBufQEl_post_infer0yolov8s/yolov8_nms_postprocess | timeout: 10s)
[2026-06-09 13:19:43.485] [6580] [HailoRT] [info] [vdevice_native_stream.cpp:331] [read_impl] Failed read from stream HAILO_STREAM_ABORT(63) (device: 0001:01:00.0)
[2026-06-09 13:19:43.485] [6580] [HailoRT] [info] [edge_elements.cpp:396] [run_pull] Reading from stream was aborted!
[2026-06-09 13:19:43.485] [6582] [HailoRT] [info] [queue_elements.cpp:734] [run_in_thread] Shutdown event was signaled in run_pull of queue element PullQEl_nms0yolov8s/conv53_97!
[2026-06-09 13:19:43.485] [6581] [HailoRT] [info] [vdevice_native_stream.cpp:331] [read_impl] Failed read from stream HAILO_STREAM_ABORT(63) (device: 0001:01:00.0)
[2026-06-09 13:19:43.485] [6580] [HailoRT] [info] [queue_elements.cpp:738] [run_in_thread] run_pull of queue element PullQEl_nms7yolov8s/conv42_97 was aborted!
[2026-06-09 13:19:43.485] [6581] [HailoRT] [info] [edge_elements.cpp:396] [run_pull] Reading from stream was aborted!
[2026-06-09 13:19:43.485] [6579] [HailoRT] [info] [vdevice_native_stream.cpp:331] [read_impl] Failed read from stream HAILO_STREAM_ABORT(63) (device: 0001:01:00.0)
[2026-06-09 13:19:43.485] [6581] [HailoRT] [info] [queue_elements.cpp:738] [run_in_thread] run_pull of queue element PullQEl_nms1yolov8s/conv52_97 was aborted!
[2026-06-09 13:19:43.485] [6579] [HailoRT] [info] [edge_elements.cpp:396] [run_pull] Reading from stream was aborted!
[2026-06-09 13:19:43.485] [6583] [HailoRT] [info] [vdevice_native_stream.cpp:331] [read_impl] Failed read from stream HAILO_STREAM_ABORT(63) (device: 0001:01:00.0)
[2026-06-09 13:19:43.485] [6583] [HailoRT] [info] [edge_elements.cpp:396] [run_pull] Reading from stream was aborted!
[2026-06-09 13:19:43.485] [6584] [HailoRT] [info] [queue_elements.cpp:734] [run_in_thread] Shutdown event was signaled in run_pull of queue element PullQEl_nms2yolov8s/conv63_97!
[2026-06-09 13:19:43.485] [6579] [HailoRT] [info] [queue_elements.cpp:738] [run_in_thread] run_pull of queue element PullQEl_nms9yolov8s/conv41_97 was aborted!
[2026-06-09 13:19:43.485] [6583] [HailoRT] [info] [queue_elements.cpp:738] [run_in_thread] run_pull of queue element PullQEl_nms3yolov8s/conv62_97 was aborted!
[2026-06-09 13:19:43.485] [6585] [HailoRT] [info] [queue_elements.cpp:68] [operator()] Thread in element UserBufQEl_post_infer0yolov8s/yolov8_nms_postprocess is not running anymore, exiting..
[2026-06-09 13:19:43.485] [2224] [HailoRT] [info] [queue_elements.cpp:46] [~BaseQueueElement] Queue element UserBufQEl_post_infer0yolov8s/yolov8_nms_postprocess has 0 frames in his Queue on destruction
[2026-06-09 13:19:43.485] [6584] [HailoRT] [info] [queue_elements.cpp:68] [operator()] Thread in element PullQEl_nms2yolov8s/conv63_97 is not running anymore, exiting..
[2026-06-09 13:19:43.485] [2224] [HailoRT] [info] [queue_elements.cpp:46] [~BaseQueueElement] Queue element PullQEl_nms2yolov8s/conv63_97 has 0 frames in his Queue on destruction
[2026-06-09 13:19:43.485] [6583] [HailoRT] [info] [queue_elements.cpp:68] [operator()] Thread in element PullQEl_nms3yolov8s/conv62_97 is not running anymore, exiting..
[2026-06-09 13:19:43.485] [2224] [HailoRT] [info] [queue_elements.cpp:46] [~BaseQueueElement] Queue element PullQEl_nms3yolov8s/conv62_97 has 0 frames in his Queue on destruction
[2026-06-09 13:19:43.485] [6582] [HailoRT] [info] [queue_elements.cpp:68] [operator()] Thread in element PullQEl_nms0yolov8s/conv53_97 is not running anymore, exiting..
[2026-06-09 13:19:43.485] [2224] [HailoRT] [info] [queue_elements.cpp:46] [~BaseQueueElement] Queue element PullQEl_nms0yolov8s/conv53_97 has 0 frames in his Queue on destruction
[2026-06-09 13:19:43.485] [6581] [HailoRT] [info] [queue_elements.cpp:68] [operator()] Thread in element PullQEl_nms1yolov8s/conv52_97 is not running anymore, exiting..
[2026-06-09 13:19:43.485] [2224] [HailoRT] [info] [queue_elements.cpp:46] [~BaseQueueElement] Queue element PullQEl_nms1yolov8s/conv52_97 has 0 frames in his Queue on destruction
[2026-06-09 13:19:43.485] [6580] [HailoRT] [info] [queue_elements.cpp:68] [operator()] Thread in element PullQEl_nms7yolov8s/conv42_97 is not running anymore, exiting..
[2026-06-09 13:19:43.485] [2224] [HailoRT] [info] [queue_elements.cpp:46] [~BaseQueueElement] Queue element PullQEl_nms7yolov8s/conv42_97 has 0 frames in his Queue on destruction
[2026-06-09 13:19:43.485] [6579] [HailoRT] [info] [queue_elements.cpp:68] [operator()] Thread in element PullQEl_nms9yolov8s/conv41_97 is not running anymore, exiting..
[2026-06-09 13:19:43.485] [2224] [HailoRT] [info] [queue_elements.cpp:46] [~BaseQueueElement] Queue element PullQEl_nms9yolov8s/conv41_97 has 0 frames in his Queue on destruction
[2026-06-09 13:19:43.485] [6578] [HailoRT] [info] [queue_elements.cpp:68] [operator()] Thread in element PushQEl3yolov8s/input_layer1 is not running anymore, exiting..
[2026-06-09 13:19:43.485] [2224] [HailoRT] [info] [queue_elements.cpp:46] [~BaseQueueElement] Queue element PushQEl3yolov8s/input_layer1 has 0 frames in his Queue on destruction
[2026-06-09 13:19:43.486] [2224] [HailoRT] [info] [core_op.cpp:186] [deactivate] Deactivating took 0.607373 ms
[2026-06-09 13:19:43.486] [2224] [HailoRT] [info] [core_op.cpp:186] [deactivate] Deactivating took 0.61528 ms
[2026-06-09 13:19:46.188] [2224] [HailoRT] [info] [core_op.cpp:156] [activate] Activating yolov8s took 0.890341 milliseconds. Note that the function is asynchronous and thus the network is not fully activated yet.
[2026-06-09 13:19:46.188] [2224] [HailoRT] [info] [core_op.cpp:156] [activate] Activating yolov8s took 0.920949 milliseconds. Note that the function is asynchronous and thus the network is not fully activated yet.
[2026-06-09 13:19:46.188] [2224] [HailoRT] [info] [edge_elements.cpp:52] [create] Created (HwWriteEl3yolov8s/input_layer1 | hw_frame_size: 1228800)
[2026-06-09 13:19:46.189] [2224] [HailoRT] [info] [queue_elements.cpp:284] [create] Created (PushQEl3yolov8s/input_layer1 | timeout: 10s)
[2026-06-09 13:19:46.189] [2224] [HailoRT] [info] [filter_elements.cpp:101] [create] Created (PreInferEl3yolov8s/input_layer1 | Reorder - src_order: NHWC, src_shape: (640, 640, 3), dst_order: NHCW, dst_shape: (640, 640, 3))
[2026-06-09 13:19:46.189] [2224] [HailoRT] [info] [vstream.cpp:754] [InputVStreamImpl] Creating yolov8s/input_layer1...
[2026-06-09 13:19:46.189] [2224] [HailoRT] [info] [vstream_builder.cpp:102] [create_inputs] Input pipeline 'yolov8s/input_layer1': (PreInferEl3yolov8s/input_layer1 | Reorder - src_order: NHWC, src_shape: (640, 640, 3), dst_order: NHCW, dst_shape: (640, 640, 3)) >> (PushQEl3yolov8s/input_layer1 | timeout: 10s) >> (HwWriteEl3yolov8s/input_layer1 | hw_frame_size: 1228800) >> HW
[2026-06-09 13:19:46.189] [2224] [HailoRT] [info] [multi_io_elements.cpp:135] [create] Created (NmsPPMuxEl0YOLOV8-Post-Process | Op YOLOV8, Name: YOLOV8-Post-Process, Score threshold: 0.200, IoU threshold: 0.70, Classes: 80, Max bboxes per class: 100, Image height: 640, Image width: 640)
[2026-06-09 13:19:46.189] [2224] [HailoRT] [info] [edge_elements.cpp:287] [create] Created (HwReadEl9yolov8s/conv41_97 | hw_frame_size: 409600)
[2026-06-09 13:19:46.189] [2224] [HailoRT] [info] [queue_elements.cpp:657] [create] Created (PullQEl_nms9yolov8s/conv41_97 | timeout: 10s)
[2026-06-09 13:19:46.189] [2224] [HailoRT] [info] [edge_elements.cpp:287] [create] Created (HwReadEl7yolov8s/conv42_97 | hw_frame_size: 512000)
[2026-06-09 13:19:46.189] [2224] [HailoRT] [info] [queue_elements.cpp:657] [create] Created (PullQEl_nms7yolov8s/conv42_97 | timeout: 10s)
[2026-06-09 13:19:46.189] [2224] [HailoRT] [info] [edge_elements.cpp:287] [create] Created (HwReadEl1yolov8s/conv52_97 | hw_frame_size: 102400)
[2026-06-09 13:19:46.189] [2224] [HailoRT] [info] [queue_elements.cpp:657] [create] Created (PullQEl_nms1yolov8s/conv52_97 | timeout: 10s)
[2026-06-09 13:19:46.189] [2224] [HailoRT] [info] [edge_elements.cpp:287] [create] Created (HwReadEl0yolov8s/conv53_97 | hw_frame_size: 128000)
[2026-06-09 13:19:46.189] [2224] [HailoRT] [info] [queue_elements.cpp:657] [create] Created (PullQEl_nms0yolov8s/conv53_97 | timeout: 10s)
[2026-06-09 13:19:46.189] [2224] [HailoRT] [info] [edge_elements.cpp:287] [create] Created (HwReadEl3yolov8s/conv62_97 | hw_frame_size: 30720)
[2026-06-09 13:19:46.189] [2224] [HailoRT] [info] [queue_elements.cpp:657] [create] Created (PullQEl_nms3yolov8s/conv62_97 | timeout: 10s)
[2026-06-09 13:19:46.189] [2224] [HailoRT] [info] [edge_elements.cpp:287] [create] Created (HwReadEl2yolov8s/conv63_97 | hw_frame_size: 38400)
[2026-06-09 13:19:46.189] [2224] [HailoRT] [info] [queue_elements.cpp:657] [create] Created (PullQEl_nms2yolov8s/conv63_97 | timeout: 10s)
[2026-06-09 13:19:46.189] [2224] [HailoRT] [info] [queue_elements.cpp:800] [create] Created (UserBufQEl_post_infer0yolov8s/yolov8_nms_postprocess | timeout: 10s)
[2026-06-09 13:19:46.189] [2224] [HailoRT] [info] [vstream.cpp:1114] [OutputVStreamImpl] Creating yolov8s/yolov8_nms_postprocess...
[2026-06-09 13:19:46.189] [2224] [HailoRT] [info] [vstream_builder.cpp:622] [create_output_post_process_nms] Output pipeline 'yolov8s/yolov8_nms_postprocess': HW >> (HwReadEl9yolov8s/conv41_97 | hw_frame_size: 409600) >> (PullQEl_nms9yolov8s/conv41_97) >> (HwReadEl7yolov8s/conv42_97 | hw_frame_size: 512000) >> (PullQEl_nms7yolov8s/conv42_97) >> (HwReadEl1yolov8s/conv52_97 | hw_frame_size: 102400) >> (PullQEl_nms1yolov8s/conv52_97) >> (HwReadEl0yolov8s/conv53_97 | hw_frame_size: 128000) >> (PullQEl_nms0yolov8s/conv53_97) >> (HwReadEl3yolov8s/conv62_97 | hw_frame_size: 30720) >> (PullQEl_nms3yolov8s/conv62_97) >> (HwReadEl2yolov8s/conv63_97 | hw_frame_size: 38400) >> (PullQEl_nms2yolov8s/conv63_97) >> (NmsPPMuxEl0YOLOV8-Post-Process | Op YOLOV8, Name: YOLOV8-Post-Process, Score threshold: 0.200, IoU threshold: 0.70, Classes: 80, Max bboxes per class: 100, Image height: 640, Image width: 640) >> (UserBufQEl_post_infer0yolov8s/yolov8_nms_postprocess | timeout: 10s)
[2026-06-09 13:19:46.189] [6600] [HailoRT] [info] [vdevice_native_stream.cpp:331] [read_impl] Failed read from stream HAILO_STREAM_ABORT(63) (device: 0001:01:00.0)
[2026-06-09 13:19:46.189] [6602] [HailoRT] [info] [vdevice_native_stream.cpp:331] [read_impl] Failed read from stream HAILO_STREAM_ABORT(63) (device: 0001:01:00.0)
[2026-06-09 13:19:46.190] [6601] [HailoRT] [info] [queue_elements.cpp:734] [run_in_thread] Shutdown event was signaled in run_pull of queue element PullQEl_nms1yolov8s/conv52_97!
[2026-06-09 13:19:46.190] [6602] [HailoRT] [info] [edge_elements.cpp:396] [run_pull] Reading from stream was aborted!
[2026-06-09 13:19:46.189] [6599] [HailoRT] [info] [vdevice_native_stream.cpp:331] [read_impl] Failed read from stream HAILO_STREAM_ABORT(63) (device: 0001:01:00.0)
[2026-06-09 13:19:46.190] [6599] [HailoRT] [info] [edge_elements.cpp:396] [run_pull] Reading from stream was aborted!
[2026-06-09 13:19:46.190] [6602] [HailoRT] [info] [queue_elements.cpp:738] [run_in_thread] run_pull of queue element PullQEl_nms0yolov8s/conv53_97 was aborted!
[2026-06-09 13:19:46.190] [6603] [HailoRT] [info] [queue_elements.cpp:734] [run_in_thread] Shutdown event was signaled in run_pull of queue element PullQEl_nms3yolov8s/conv62_97!
[2026-06-09 13:19:46.190] [6599] [HailoRT] [info] [queue_elements.cpp:738] [run_in_thread] run_pull of queue element PullQEl_nms9yolov8s/conv41_97 was aborted!
[2026-06-09 13:19:46.190] [6600] [HailoRT] [info] [edge_elements.cpp:396] [run_pull] Reading from stream was aborted!
[2026-06-09 13:19:46.190] [6604] [HailoRT] [info] [queue_elements.cpp:734] [run_in_thread] Shutdown event was signaled in run_pull of queue element PullQEl_nms2yolov8s/conv63_97!
[2026-06-09 13:19:46.190] [6600] [HailoRT] [info] [queue_elements.cpp:738] [run_in_thread] run_pull of queue element PullQEl_nms7yolov8s/conv42_97 was aborted!
[2026-06-09 13:19:46.190] [6605] [HailoRT] [info] [queue_elements.cpp:68] [operator()] Thread in element UserBufQEl_post_infer0yolov8s/yolov8_nms_postprocess is not running anymore, exiting..
[2026-06-09 13:19:46.190] [2224] [HailoRT] [info] [queue_elements.cpp:46] [~BaseQueueElement] Queue element UserBufQEl_post_infer0yolov8s/yolov8_nms_postprocess has 0 frames in his Queue on destruction
[2026-06-09 13:19:46.190] [6604] [HailoRT] [info] [queue_elements.cpp:68] [operator()] Thread in element PullQEl_nms2yolov8s/conv63_97 is not running anymore, exiting..
[2026-06-09 13:19:46.190] [2224] [HailoRT] [info] [queue_elements.cpp:46] [~BaseQueueElement] Queue element PullQEl_nms2yolov8s/conv63_97 has 0 frames in his Queue on destruction
[2026-06-09 13:19:46.190] [6603] [HailoRT] [info] [queue_elements.cpp:68] [operator()] Thread in element PullQEl_nms3yolov8s/conv62_97 is not running anymore, exiting..
[2026-06-09 13:19:46.190] [2224] [HailoRT] [info] [queue_elements.cpp:46] [~BaseQueueElement] Queue element PullQEl_nms3yolov8s/conv62_97 has 0 frames in his Queue on destruction
[2026-06-09 13:19:46.190] [6602] [HailoRT] [info] [queue_elements.cpp:68] [operator()] Thread in element PullQEl_nms0yolov8s/conv53_97 is not running anymore, exiting..
[2026-06-09 13:19:46.190] [2224] [HailoRT] [info] [queue_elements.cpp:46] [~BaseQueueElement] Queue element PullQEl_nms0yolov8s/conv53_97 has 0 frames in his Queue on destruction
[2026-06-09 13:19:46.190] [6601] [HailoRT] [info] [queue_elements.cpp:68] [operator()] Thread in element PullQEl_nms1yolov8s/conv52_97 is not running anymore, exiting..
[2026-06-09 13:19:46.190] [2224] [HailoRT] [info] [queue_elements.cpp:46] [~BaseQueueElement] Queue element PullQEl_nms1yolov8s/conv52_97 has 0 frames in his Queue on destruction
[2026-06-09 13:19:46.190] [6600] [HailoRT] [info] [queue_elements.cpp:68] [operator()] Thread in element PullQEl_nms7yolov8s/conv42_97 is not running anymore, exiting..
[2026-06-09 13:19:46.190] [2224] [HailoRT] [info] [queue_elements.cpp:46] [~BaseQueueElement] Queue element PullQEl_nms7yolov8s/conv42_97 has 0 frames in his Queue on destruction
[2026-06-09 13:19:46.190] [6599] [HailoRT] [info] [queue_elements.cpp:68] [operator()] Thread in element PullQEl_nms9yolov8s/conv41_97 is not running anymore, exiting..
[2026-06-09 13:19:46.190] [2224] [HailoRT] [info] [queue_elements.cpp:46] [~BaseQueueElement] Queue element PullQEl_nms9yolov8s/conv41_97 has 0 frames in his Queue on destruction
[2026-06-09 13:19:46.190] [6598] [HailoRT] [info] [queue_elements.cpp:68] [operator()] Thread in element PushQEl3yolov8s/input_layer1 is not running anymore, exiting..
[2026-06-09 13:19:46.190] [2224] [HailoRT] [info] [queue_elements.cpp:46] [~BaseQueueElement] Queue element PushQEl3yolov8s/input_layer1 has 0 frames in his Queue on destruction
[2026-06-09 13:19:46.191] [2224] [HailoRT] [info] [core_op.cpp:186] [deactivate] Deactivating took 0.599646 ms
[2026-06-09 13:19:46.191] [2224] [HailoRT] [info] [core_op.cpp:186] [deactivate] Deactivating took 0.610331 ms
[2026-06-09 13:19:49.109] [2224] [HailoRT] [info] [core_op.cpp:156] [activate] Activating yolov8s took 0.729813 milliseconds. Note that the function is asynchronous and thus the network is not fully activated yet.
[2026-06-09 13:19:49.109] [2224] [HailoRT] [info] [core_op.cpp:156] [activate] Activating yolov8s took 0.757144 milliseconds. Note that the function is asynchronous and thus the network is not fully activated yet.
[2026-06-09 13:19:49.109] [2224] [HailoRT] [info] [edge_elements.cpp:52] [create] Created (HwWriteEl3yolov8s/input_layer1 | hw_frame_size: 1228800)
[2026-06-09 13:19:49.109] [2224] [HailoRT] [info] [queue_elements.cpp:284] [create] Created (PushQEl3yolov8s/input_layer1 | timeout: 10s)
[2026-06-09 13:19:49.109] [2224] [HailoRT] [info] [filter_elements.cpp:101] [create] Created (PreInferEl3yolov8s/input_layer1 | Reorder - src_order: NHWC, src_shape: (640, 640, 3), dst_order: NHCW, dst_shape: (640, 640, 3))
[2026-06-09 13:19:49.109] [2224] [HailoRT] [info] [vstream.cpp:754] [InputVStreamImpl] Creating yolov8s/input_layer1...
[2026-06-09 13:19:49.109] [2224] [HailoRT] [info] [vstream_builder.cpp:102] [create_inputs] Input pipeline 'yolov8s/input_layer1': (PreInferEl3yolov8s/input_layer1 | Reorder - src_order: NHWC, src_shape: (640, 640, 3), dst_order: NHCW, dst_shape: (640, 640, 3)) >> (PushQEl3yolov8s/input_layer1 | timeout: 10s) >> (HwWriteEl3yolov8s/input_layer1 | hw_frame_size: 1228800) >> HW
[2026-06-09 13:19:49.109] [2224] [HailoRT] [info] [multi_io_elements.cpp:135] [create] Created (NmsPPMuxEl0YOLOV8-Post-Process | Op YOLOV8, Name: YOLOV8-Post-Process, Score threshold: 0.200, IoU threshold: 0.70, Classes: 80, Max bboxes per class: 100, Image height: 640, Image width: 640)
[2026-06-09 13:19:49.109] [2224] [HailoRT] [info] [edge_elements.cpp:287] [create] Created (HwReadEl9yolov8s/conv41_97 | hw_frame_size: 409600)
[2026-06-09 13:19:49.109] [2224] [HailoRT] [info] [queue_elements.cpp:657] [create] Created (PullQEl_nms9yolov8s/conv41_97 | timeout: 10s)
[2026-06-09 13:19:49.109] [2224] [HailoRT] [info] [edge_elements.cpp:287] [create] Created (HwReadEl7yolov8s/conv42_97 | hw_frame_size: 512000)
[2026-06-09 13:19:49.109] [2224] [HailoRT] [info] [queue_elements.cpp:657] [create] Created (PullQEl_nms7yolov8s/conv42_97 | timeout: 10s)
[2026-06-09 13:19:49.109] [2224] [HailoRT] [info] [edge_elements.cpp:287] [create] Created (HwReadEl1yolov8s/conv52_97 | hw_frame_size: 102400)
[2026-06-09 13:19:49.109] [2224] [HailoRT] [info] [queue_elements.cpp:657] [create] Created (PullQEl_nms1yolov8s/conv52_97 | timeout: 10s)
[2026-06-09 13:19:49.109] [2224] [HailoRT] [info] [edge_elements.cpp:287] [create] Created (HwReadEl0yolov8s/conv53_97 | hw_frame_size: 128000)
[2026-06-09 13:19:49.109] [2224] [HailoRT] [info] [queue_elements.cpp:657] [create] Created (PullQEl_nms0yolov8s/conv53_97 | timeout: 10s)
[2026-06-09 13:19:49.109] [2224] [HailoRT] [info] [edge_elements.cpp:287] [create] Created (HwReadEl3yolov8s/conv62_97 | hw_frame_size: 30720)
[2026-06-09 13:19:49.109] [2224] [HailoRT] [info] [queue_elements.cpp:657] [create] Created (PullQEl_nms3yolov8s/conv62_97 | timeout: 10s)
[2026-06-09 13:19:49.109] [2224] [HailoRT] [info] [edge_elements.cpp:287] [create] Created (HwReadEl2yolov8s/conv63_97 | hw_frame_size: 38400)
[2026-06-09 13:19:49.109] [2224] [HailoRT] [info] [queue_elements.cpp:657] [create] Created (PullQEl_nms2yolov8s/conv63_97 | timeout: 10s)
[2026-06-09 13:19:49.110] [2224] [HailoRT] [info] [queue_elements.cpp:800] [create] Created (UserBufQEl_post_infer0yolov8s/yolov8_nms_postprocess | timeout: 10s)
[2026-06-09 13:19:49.110] [2224] [HailoRT] [info] [vstream.cpp:1114] [OutputVStreamImpl] Creating yolov8s/yolov8_nms_postprocess...
[2026-06-09 13:19:49.110] [2224] [HailoRT] [info] [vstream_builder.cpp:622] [create_output_post_process_nms] Output pipeline 'yolov8s/yolov8_nms_postprocess': HW >> (HwReadEl9yolov8s/conv41_97 | hw_frame_size: 409600) >> (PullQEl_nms9yolov8s/conv41_97) >> (HwReadEl7yolov8s/conv42_97 | hw_frame_size: 512000) >> (PullQEl_nms7yolov8s/conv42_97) >> (HwReadEl1yolov8s/conv52_97 | hw_frame_size: 102400) >> (PullQEl_nms1yolov8s/conv52_97) >> (HwReadEl0yolov8s/conv53_97 | hw_frame_size: 128000) >> (PullQEl_nms0yolov8s/conv53_97) >> (HwReadEl3yolov8s/conv62_97 | hw_frame_size: 30720) >> (PullQEl_nms3yolov8s/conv62_97) >> (HwReadEl2yolov8s/conv63_97 | hw_frame_size: 38400) >> (PullQEl_nms2yolov8s/conv63_97) >> (NmsPPMuxEl0YOLOV8-Post-Process | Op YOLOV8, Name: YOLOV8-Post-Process, Score threshold: 0.200, IoU threshold: 0.70, Classes: 80, Max bboxes per class: 100, Image height: 640, Image width: 640) >> (UserBufQEl_post_infer0yolov8s/yolov8_nms_postprocess | timeout: 10s)
[2026-06-09 13:19:49.110] [6625] [HailoRT] [info] [vdevice_native_stream.cpp:331] [read_impl] Failed read from stream HAILO_STREAM_ABORT(63) (device: 0001:01:00.0)
[2026-06-09 13:19:49.110] [6629] [HailoRT] [info] [vdevice_native_stream.cpp:331] [read_impl] Failed read from stream HAILO_STREAM_ABORT(63) (device: 0001:01:00.0)
[2026-06-09 13:19:49.110] [6629] [HailoRT] [info] [edge_elements.cpp:396] [run_pull] Reading from stream was aborted!
[2026-06-09 13:19:49.110] [6628] [HailoRT] [info] [vdevice_native_stream.cpp:331] [read_impl] Failed read from stream HAILO_STREAM_ABORT(63) (device: 0001:01:00.0)
[2026-06-09 13:19:49.110] [6628] [HailoRT] [info] [edge_elements.cpp:396] [run_pull] Reading from stream was aborted!
[2026-06-09 13:19:49.110] [6626] [HailoRT] [info] [vdevice_native_stream.cpp:331] [read_impl] Failed read from stream HAILO_STREAM_ABORT(63) (device: 0001:01:00.0)
[2026-06-09 13:19:49.110] [6625] [HailoRT] [info] [edge_elements.cpp:396] [run_pull] Reading from stream was aborted!
[2026-06-09 13:19:49.110] [6628] [HailoRT] [info] [queue_elements.cpp:738] [run_in_thread] run_pull of queue element PullQEl_nms0yolov8s/conv53_97 was aborted!
[2026-06-09 13:19:49.110] [6627] [HailoRT] [info] [vdevice_native_stream.cpp:331] [read_impl] Failed read from stream HAILO_STREAM_ABORT(63) (device: 0001:01:00.0)
[2026-06-09 13:19:49.110] [6630] [HailoRT] [info] [vdevice_native_stream.cpp:331] [read_impl] Failed read from stream HAILO_STREAM_ABORT(63) (device: 0001:01:00.0)
[2026-06-09 13:19:49.110] [6625] [HailoRT] [info] [queue_elements.cpp:738] [run_in_thread] run_pull of queue element PullQEl_nms9yolov8s/conv41_97 was aborted!
[2026-06-09 13:19:49.110] [6630] [HailoRT] [info] [edge_elements.cpp:396] [run_pull] Reading from stream was aborted!
[2026-06-09 13:19:49.110] [6629] [HailoRT] [info] [queue_elements.cpp:738] [run_in_thread] run_pull of queue element PullQEl_nms3yolov8s/conv62_97 was aborted!
[2026-06-09 13:19:49.110] [6630] [HailoRT] [info] [queue_elements.cpp:738] [run_in_thread] run_pull of queue element PullQEl_nms2yolov8s/conv63_97 was aborted!
[2026-06-09 13:19:49.110] [6627] [HailoRT] [info] [edge_elements.cpp:396] [run_pull] Reading from stream was aborted!
[2026-06-09 13:19:49.110] [6627] [HailoRT] [info] [queue_elements.cpp:738] [run_in_thread] run_pull of queue element PullQEl_nms1yolov8s/conv52_97 was aborted!
[2026-06-09 13:19:49.110] [6626] [HailoRT] [info] [edge_elements.cpp:396] [run_pull] Reading from stream was aborted!
[2026-06-09 13:19:49.110] [6626] [HailoRT] [info] [queue_elements.cpp:738] [run_in_thread] run_pull of queue element PullQEl_nms7yolov8s/conv42_97 was aborted!
[2026-06-09 13:19:49.110] [6631] [HailoRT] [info] [queue_elements.cpp:68] [operator()] Thread in element UserBufQEl_post_infer0yolov8s/yolov8_nms_postprocess is not running anymore, exiting..
[2026-06-09 13:19:49.110] [2224] [HailoRT] [info] [queue_elements.cpp:46] [~BaseQueueElement] Queue element UserBufQEl_post_infer0yolov8s/yolov8_nms_postprocess has 0 frames in his Queue on destruction
[2026-06-09 13:19:49.110] [6630] [HailoRT] [info] [queue_elements.cpp:68] [operator()] Thread in element PullQEl_nms2yolov8s/conv63_97 is not running anymore, exiting..
[2026-06-09 13:19:49.110] [2224] [HailoRT] [info] [queue_elements.cpp:46] [~BaseQueueElement] Queue element PullQEl_nms2yolov8s/conv63_97 has 0 frames in his Queue on destruction
[2026-06-09 13:19:49.110] [6629] [HailoRT] [info] [queue_elements.cpp:68] [operator()] Thread in element PullQEl_nms3yolov8s/conv62_97 is not running anymore, exiting..
[2026-06-09 13:19:49.110] [2224] [HailoRT] [info] [queue_elements.cpp:46] [~BaseQueueElement] Queue element PullQEl_nms3yolov8s/conv62_97 has 0 frames in his Queue on destruction
[2026-06-09 13:19:49.110] [6628] [HailoRT] [info] [queue_elements.cpp:68] [operator()] Thread in element PullQEl_nms0yolov8s/conv53_97 is not running anymore, exiting..
[2026-06-09 13:19:49.110] [2224] [HailoRT] [info] [queue_elements.cpp:46] [~BaseQueueElement] Queue element PullQEl_nms0yolov8s/conv53_97 has 0 frames in his Queue on destruction
[2026-06-09 13:19:49.110] [6627] [HailoRT] [info] [queue_elements.cpp:68] [operator()] Thread in element PullQEl_nms1yolov8s/conv52_97 is not running anymore, exiting..
[2026-06-09 13:19:49.110] [2224] [HailoRT] [info] [queue_elements.cpp:46] [~BaseQueueElement] Queue element PullQEl_nms1yolov8s/conv52_97 has 0 frames in his Queue on destruction
[2026-06-09 13:19:49.110] [6626] [HailoRT] [info] [queue_elements.cpp:68] [operator()] Thread in element PullQEl_nms7yolov8s/conv42_97 is not running anymore, exiting..
[2026-06-09 13:19:49.110] [2224] [HailoRT] [info] [queue_elements.cpp:46] [~BaseQueueElement] Queue element PullQEl_nms7yolov8s/conv42_97 has 0 frames in his Queue on destruction
[2026-06-09 13:19:49.110] [6625] [HailoRT] [info] [queue_elements.cpp:68] [operator()] Thread in element PullQEl_nms9yolov8s/conv41_97 is not running anymore, exiting..
[2026-06-09 13:19:49.110] [2224] [HailoRT] [info] [queue_elements.cpp:46] [~BaseQueueElement] Queue element PullQEl_nms9yolov8s/conv41_97 has 0 frames in his Queue on destruction
[2026-06-09 13:19:49.110] [6624] [HailoRT] [info] [queue_elements.cpp:68] [operator()] Thread in element PushQEl3yolov8s/input_layer1 is not running anymore, exiting..
[2026-06-09 13:19:49.110] [2224] [HailoRT] [info] [queue_elements.cpp:46] [~BaseQueueElement] Queue element PushQEl3yolov8s/input_layer1 has 0 frames in his Queue on destruction
[2026-06-09 13:19:49.111] [2224] [HailoRT] [info] [core_op.cpp:186] [deactivate] Deactivating took 0.652561 ms
[2026-06-09 13:19:49.111] [2224] [HailoRT] [info] [core_op.cpp:186] [deactivate] Deactivating took 0.659728 ms
[2026-06-09 13:19:51.927] [2224] [HailoRT] [info] [core_op.cpp:156] [activate] Activating yolov8s took 0.756215 milliseconds. Note that the function is asynchronous and thus the network is not fully activated yet.
[2026-06-09 13:19:51.927] [2224] [HailoRT] [info] [core_op.cpp:156] [activate] Activating yolov8s took 0.78336 milliseconds. Note that the function is asynchronous and thus the network is not fully activated yet.
[2026-06-09 13:19:51.927] [2224] [HailoRT] [info] [edge_elements.cpp:52] [create] Created (HwWriteEl3yolov8s/input_layer1 | hw_frame_size: 1228800)
[2026-06-09 13:19:51.927] [2224] [HailoRT] [info] [queue_elements.cpp:284] [create] Created (PushQEl3yolov8s/input_layer1 | timeout: 10s)
[2026-06-09 13:19:51.927] [2224] [HailoRT] [info] [filter_elements.cpp:101] [create] Created (PreInferEl3yolov8s/input_layer1 | Reorder - src_order: NHWC, src_shape: (640, 640, 3), dst_order: NHCW, dst_shape: (640, 640, 3))
[2026-06-09 13:19:51.927] [2224] [HailoRT] [info] [vstream.cpp:754] [InputVStreamImpl] Creating yolov8s/input_layer1...
[2026-06-09 13:19:51.927] [2224] [HailoRT] [info] [vstream_builder.cpp:102] [create_inputs] Input pipeline 'yolov8s/input_layer1': (PreInferEl3yolov8s/input_layer1 | Reorder - src_order: NHWC, src_shape: (640, 640, 3), dst_order: NHCW, dst_shape: (640, 640, 3)) >> (PushQEl3yolov8s/input_layer1 | timeout: 10s) >> (HwWriteEl3yolov8s/input_layer1 | hw_frame_size: 1228800) >> HW
[2026-06-09 13:19:51.927] [2224] [HailoRT] [info] [multi_io_elements.cpp:135] [create] Created (NmsPPMuxEl0YOLOV8-Post-Process | Op YOLOV8, Name: YOLOV8-Post-Process, Score threshold: 0.200, IoU threshold: 0.70, Classes: 80, Max bboxes per class: 100, Image height: 640, Image width: 640)
[2026-06-09 13:19:51.927] [2224] [HailoRT] [info] [edge_elements.cpp:287] [create] Created (HwReadEl9yolov8s/conv41_97 | hw_frame_size: 409600)
[2026-06-09 13:19:51.927] [2224] [HailoRT] [info] [queue_elements.cpp:657] [create] Created (PullQEl_nms9yolov8s/conv41_97 | timeout: 10s)
[2026-06-09 13:19:51.927] [2224] [HailoRT] [info] [edge_elements.cpp:287] [create] Created (HwReadEl7yolov8s/conv42_97 | hw_frame_size: 512000)
[2026-06-09 13:19:51.928] [2224] [HailoRT] [info] [queue_elements.cpp:657] [create] Created (PullQEl_nms7yolov8s/conv42_97 | timeout: 10s)
[2026-06-09 13:19:51.928] [2224] [HailoRT] [info] [edge_elements.cpp:287] [create] Created (HwReadEl1yolov8s/conv52_97 | hw_frame_size: 102400)
[2026-06-09 13:19:51.928] [2224] [HailoRT] [info] [queue_elements.cpp:657] [create] Created (PullQEl_nms1yolov8s/conv52_97 | timeout: 10s)
[2026-06-09 13:19:51.928] [2224] [HailoRT] [info] [edge_elements.cpp:287] [create] Created (HwReadEl0yolov8s/conv53_97 | hw_frame_size: 128000)
[2026-06-09 13:19:51.928] [2224] [HailoRT] [info] [queue_elements.cpp:657] [create] Created (PullQEl_nms0yolov8s/conv53_97 | timeout: 10s)
[2026-06-09 13:19:51.928] [2224] [HailoRT] [info] [edge_elements.cpp:287] [create] Created (HwReadEl3yolov8s/conv62_97 | hw_frame_size: 30720)
[2026-06-09 13:19:51.928] [2224] [HailoRT] [info] [queue_elements.cpp:657] [create] Created (PullQEl_nms3yolov8s/conv62_97 | timeout: 10s)
[2026-06-09 13:19:51.928] [2224] [HailoRT] [info] [edge_elements.cpp:287] [create] Created (HwReadEl2yolov8s/conv63_97 | hw_frame_size: 38400)
[2026-06-09 13:19:51.928] [2224] [HailoRT] [info] [queue_elements.cpp:657] [create] Created (PullQEl_nms2yolov8s/conv63_97 | timeout: 10s)
[2026-06-09 13:19:51.928] [2224] [HailoRT] [info] [queue_elements.cpp:800] [create] Created (UserBufQEl_post_infer0yolov8s/yolov8_nms_postprocess | timeout: 10s)
[2026-06-09 13:19:51.928] [2224] [HailoRT] [info] [vstream.cpp:1114] [OutputVStreamImpl] Creating yolov8s/yolov8_nms_postprocess...
[2026-06-09 13:19:51.928] [2224] [HailoRT] [info] [vstream_builder.cpp:622] [create_output_post_process_nms] Output pipeline 'yolov8s/yolov8_nms_postprocess': HW >> (HwReadEl9yolov8s/conv41_97 | hw_frame_size: 409600) >> (PullQEl_nms9yolov8s/conv41_97) >> (HwReadEl7yolov8s/conv42_97 | hw_frame_size: 512000) >> (PullQEl_nms7yolov8s/conv42_97) >> (HwReadEl1yolov8s/conv52_97 | hw_frame_size: 102400) >> (PullQEl_nms1yolov8s/conv52_97) >> (HwReadEl0yolov8s/conv53_97 | hw_frame_size: 128000) >> (PullQEl_nms0yolov8s/conv53_97) >> (HwReadEl3yolov8s/conv62_97 | hw_frame_size: 30720) >> (PullQEl_nms3yolov8s/conv62_97) >> (HwReadEl2yolov8s/conv63_97 | hw_frame_size: 38400) >> (PullQEl_nms2yolov8s/conv63_97) >> (NmsPPMuxEl0YOLOV8-Post-Process | Op YOLOV8, Name: YOLOV8-Post-Process, Score threshold: 0.200, IoU threshold: 0.70, Classes: 80, Max bboxes per class: 100, Image height: 640, Image width: 640) >> (UserBufQEl_post_infer0yolov8s/yolov8_nms_postprocess | timeout: 10s)
[2026-06-09 13:19:51.928] [6665] [HailoRT] [info] [vdevice_native_stream.cpp:331] [read_impl] Failed read from stream HAILO_STREAM_ABORT(63) (device: 0001:01:00.0)
[2026-06-09 13:19:51.928] [6669] [HailoRT] [info] [vdevice_native_stream.cpp:331] [read_impl] Failed read from stream HAILO_STREAM_ABORT(63) (device: 0001:01:00.0)
[2026-06-09 13:19:51.928] [6670] [HailoRT] [info] [vdevice_native_stream.cpp:331] [read_impl] Failed read from stream HAILO_STREAM_ABORT(63) (device: 0001:01:00.0)
[2026-06-09 13:19:51.928] [6670] [HailoRT] [info] [edge_elements.cpp:396] [run_pull] Reading from stream was aborted!
[2026-06-09 13:19:51.928] [6668] [HailoRT] [info] [queue_elements.cpp:734] [run_in_thread] Shutdown event was signaled in run_pull of queue element PullQEl_nms0yolov8s/conv53_97!
[2026-06-09 13:19:51.928] [6669] [HailoRT] [info] [edge_elements.cpp:396] [run_pull] Reading from stream was aborted!
[2026-06-09 13:19:51.928] [6667] [HailoRT] [info] [vdevice_native_stream.cpp:331] [read_impl] Failed read from stream HAILO_STREAM_ABORT(63) (device: 0001:01:00.0)
[2026-06-09 13:19:51.928] [6669] [HailoRT] [info] [queue_elements.cpp:738] [run_in_thread] run_pull of queue element PullQEl_nms3yolov8s/conv62_97 was aborted!
[2026-06-09 13:19:51.928] [6666] [HailoRT] [info] [vdevice_native_stream.cpp:331] [read_impl] Failed read from stream HAILO_STREAM_ABORT(63) (device: 0001:01:00.0)
[2026-06-09 13:19:51.928] [6670] [HailoRT] [info] [queue_elements.cpp:738] [run_in_thread] run_pull of queue element PullQEl_nms2yolov8s/conv63_97 was aborted!
[2026-06-09 13:19:51.928] [6667] [HailoRT] [info] [edge_elements.cpp:396] [run_pull] Reading from stream was aborted!
[2026-06-09 13:19:51.928] [6665] [HailoRT] [info] [edge_elements.cpp:396] [run_pull] Reading from stream was aborted!
[2026-06-09 13:19:51.928] [6666] [HailoRT] [info] [edge_elements.cpp:396] [run_pull] Reading from stream was aborted!
[2026-06-09 13:19:51.928] [6665] [HailoRT] [info] [queue_elements.cpp:738] [run_in_thread] run_pull of queue element PullQEl_nms9yolov8s/conv41_97 was aborted!
[2026-06-09 13:19:51.928] [6666] [HailoRT] [info] [queue_elements.cpp:738] [run_in_thread] run_pull of queue element PullQEl_nms7yolov8s/conv42_97 was aborted!
[2026-06-09 13:19:51.928] [6667] [HailoRT] [info] [queue_elements.cpp:738] [run_in_thread] run_pull of queue element PullQEl_nms1yolov8s/conv52_97 was aborted!
[2026-06-09 13:19:51.928] [6671] [HailoRT] [info] [queue_elements.cpp:68] [operator()] Thread in element UserBufQEl_post_infer0yolov8s/yolov8_nms_postprocess is not running anymore, exiting..
[2026-06-09 13:19:51.928] [2224] [HailoRT] [info] [queue_elements.cpp:46] [~BaseQueueElement] Queue element UserBufQEl_post_infer0yolov8s/yolov8_nms_postprocess has 0 frames in his Queue on destruction
[2026-06-09 13:19:51.928] [6670] [HailoRT] [info] [queue_elements.cpp:68] [operator()] Thread in element PullQEl_nms2yolov8s/conv63_97 is not running anymore, exiting..
[2026-06-09 13:19:51.928] [2224] [HailoRT] [info] [queue_elements.cpp:46] [~BaseQueueElement] Queue element PullQEl_nms2yolov8s/conv63_97 has 0 frames in his Queue on destruction
[2026-06-09 13:19:51.928] [6669] [HailoRT] [info] [queue_elements.cpp:68] [operator()] Thread in element PullQEl_nms3yolov8s/conv62_97 is not running anymore, exiting..
[2026-06-09 13:19:51.928] [2224] [HailoRT] [info] [queue_elements.cpp:46] [~BaseQueueElement] Queue element PullQEl_nms3yolov8s/conv62_97 has 0 frames in his Queue on destruction
[2026-06-09 13:19:51.928] [6668] [HailoRT] [info] [queue_elements.cpp:68] [operator()] Thread in element PullQEl_nms0yolov8s/conv53_97 is not running anymore, exiting..
[2026-06-09 13:19:51.928] [2224] [HailoRT] [info] [queue_elements.cpp:46] [~BaseQueueElement] Queue element PullQEl_nms0yolov8s/conv53_97 has 0 frames in his Queue on destruction
[2026-06-09 13:19:51.928] [6667] [HailoRT] [info] [queue_elements.cpp:68] [operator()] Thread in element PullQEl_nms1yolov8s/conv52_97 is not running anymore, exiting..
[2026-06-09 13:19:51.928] [2224] [HailoRT] [info] [queue_elements.cpp:46] [~BaseQueueElement] Queue element PullQEl_nms1yolov8s/conv52_97 has 0 frames in his Queue on destruction
[2026-06-09 13:19:51.928] [6666] [HailoRT] [info] [queue_elements.cpp:68] [operator()] Thread in element PullQEl_nms7yolov8s/conv42_97 is not running anymore, exiting..
[2026-06-09 13:19:51.928] [2224] [HailoRT] [info] [queue_elements.cpp:46] [~BaseQueueElement] Queue element PullQEl_nms7yolov8s/conv42_97 has 0 frames in his Queue on destruction
[2026-06-09 13:19:51.928] [6665] [HailoRT] [info] [queue_elements.cpp:68] [operator()] Thread in element PullQEl_nms9yolov8s/conv41_97 is not running anymore, exiting..
[2026-06-09 13:19:51.928] [2224] [HailoRT] [info] [queue_elements.cpp:46] [~BaseQueueElement] Queue element PullQEl_nms9yolov8s/conv41_97 has 0 frames in his Queue on destruction
[2026-06-09 13:19:51.928] [6664] [HailoRT] [info] [queue_elements.cpp:68] [operator()] Thread in element PushQEl3yolov8s/input_layer1 is not running anymore, exiting..
[2026-06-09 13:19:51.928] [2224] [HailoRT] [info] [queue_elements.cpp:46] [~BaseQueueElement] Queue element PushQEl3yolov8s/input_layer1 has 0 frames in his Queue on destruction
[2026-06-09 13:19:51.929] [2224] [HailoRT] [info] [core_op.cpp:186] [deactivate] Deactivating took 0.573531 ms
[2026-06-09 13:19:51.929] [2224] [HailoRT] [info] [core_op.cpp:186] [deactivate] Deactivating took 0.58127 ms
[2026-06-09 13:19:54.625] [2224] [HailoRT] [info] [core_op.cpp:156] [activate] Activating yolov8s took 0.862235 milliseconds. Note that the function is asynchronous and thus the network is not fully activated yet.
[2026-06-09 13:19:54.625] [2224] [HailoRT] [info] [core_op.cpp:156] [activate] Activating yolov8s took 0.893139 milliseconds. Note that the function is asynchronous and thus the network is not fully activated yet.
[2026-06-09 13:19:54.625] [2224] [HailoRT] [info] [edge_elements.cpp:52] [create] Created (HwWriteEl3yolov8s/input_layer1 | hw_frame_size: 1228800)
[2026-06-09 13:19:54.625] [2224] [HailoRT] [info] [queue_elements.cpp:284] [create] Created (PushQEl3yolov8s/input_layer1 | timeout: 10s)
[2026-06-09 13:19:54.625] [2224] [HailoRT] [info] [filter_elements.cpp:101] [create] Created (PreInferEl3yolov8s/input_layer1 | Reorder - src_order: NHWC, src_shape: (640, 640, 3), dst_order: NHCW, dst_shape: (640, 640, 3))
[2026-06-09 13:19:54.625] [2224] [HailoRT] [info] [vstream.cpp:754] [InputVStreamImpl] Creating yolov8s/input_layer1...
[2026-06-09 13:19:54.625] [2224] [HailoRT] [info] [vstream_builder.cpp:102] [create_inputs] Input pipeline 'yolov8s/input_layer1': (PreInferEl3yolov8s/input_layer1 | Reorder - src_order: NHWC, src_shape: (640, 640, 3), dst_order: NHCW, dst_shape: (640, 640, 3)) >> (PushQEl3yolov8s/input_layer1 | timeout: 10s) >> (HwWriteEl3yolov8s/input_layer1 | hw_frame_size: 1228800) >> HW
[2026-06-09 13:19:54.625] [2224] [HailoRT] [info] [multi_io_elements.cpp:135] [create] Created (NmsPPMuxEl0YOLOV8-Post-Process | Op YOLOV8, Name: YOLOV8-Post-Process, Score threshold: 0.200, IoU threshold: 0.70, Classes: 80, Max bboxes per class: 100, Image height: 640, Image width: 640)
[2026-06-09 13:19:54.625] [2224] [HailoRT] [info] [edge_elements.cpp:287] [create] Created (HwReadEl9yolov8s/conv41_97 | hw_frame_size: 409600)
[2026-06-09 13:19:54.625] [2224] [HailoRT] [info] [queue_elements.cpp:657] [create] Created (PullQEl_nms9yolov8s/conv41_97 | timeout: 10s)
[2026-06-09 13:19:54.625] [2224] [HailoRT] [info] [edge_elements.cpp:287] [create] Created (HwReadEl7yolov8s/conv42_97 | hw_frame_size: 512000)
[2026-06-09 13:19:54.625] [2224] [HailoRT] [info] [queue_elements.cpp:657] [create] Created (PullQEl_nms7yolov8s/conv42_97 | timeout: 10s)
[2026-06-09 13:19:54.625] [2224] [HailoRT] [info] [edge_elements.cpp:287] [create] Created (HwReadEl1yolov8s/conv52_97 | hw_frame_size: 102400)
[2026-06-09 13:19:54.625] [2224] [HailoRT] [info] [queue_elements.cpp:657] [create] Created (PullQEl_nms1yolov8s/conv52_97 | timeout: 10s)
[2026-06-09 13:19:54.625] [2224] [HailoRT] [info] [edge_elements.cpp:287] [create] Created (HwReadEl0yolov8s/conv53_97 | hw_frame_size: 128000)
[2026-06-09 13:19:54.625] [2224] [HailoRT] [info] [queue_elements.cpp:657] [create] Created (PullQEl_nms0yolov8s/conv53_97 | timeout: 10s)
[2026-06-09 13:19:54.625] [2224] [HailoRT] [info] [edge_elements.cpp:287] [create] Created (HwReadEl3yolov8s/conv62_97 | hw_frame_size: 30720)
[2026-06-09 13:19:54.626] [2224] [HailoRT] [info] [queue_elements.cpp:657] [create] Created (PullQEl_nms3yolov8s/conv62_97 | timeout: 10s)
[2026-06-09 13:19:54.626] [2224] [HailoRT] [info] [edge_elements.cpp:287] [create] Created (HwReadEl2yolov8s/conv63_97 | hw_frame_size: 38400)
[2026-06-09 13:19:54.626] [2224] [HailoRT] [info] [queue_elements.cpp:657] [create] Created (PullQEl_nms2yolov8s/conv63_97 | timeout: 10s)
[2026-06-09 13:19:54.626] [2224] [HailoRT] [info] [queue_elements.cpp:800] [create] Created (UserBufQEl_post_infer0yolov8s/yolov8_nms_postprocess | timeout: 10s)
[2026-06-09 13:19:54.626] [2224] [HailoRT] [info] [vstream.cpp:1114] [OutputVStreamImpl] Creating yolov8s/yolov8_nms_postprocess...
[2026-06-09 13:19:54.626] [2224] [HailoRT] [info] [vstream_builder.cpp:622] [create_output_post_process_nms] Output pipeline 'yolov8s/yolov8_nms_postprocess': HW >> (HwReadEl9yolov8s/conv41_97 | hw_frame_size: 409600) >> (PullQEl_nms9yolov8s/conv41_97) >> (HwReadEl7yolov8s/conv42_97 | hw_frame_size: 512000) >> (PullQEl_nms7yolov8s/conv42_97) >> (HwReadEl1yolov8s/conv52_97 | hw_frame_size: 102400) >> (PullQEl_nms1yolov8s/conv52_97) >> (HwReadEl0yolov8s/conv53_97 | hw_frame_size: 128000) >> (PullQEl_nms0yolov8s/conv53_97) >> (HwReadEl3yolov8s/conv62_97 | hw_frame_size: 30720) >> (PullQEl_nms3yolov8s/conv62_97) >> (HwReadEl2yolov8s/conv63_97 | hw_frame_size: 38400) >> (PullQEl_nms2yolov8s/conv63_97) >> (NmsPPMuxEl0YOLOV8-Post-Process | Op YOLOV8, Name: YOLOV8-Post-Process, Score threshold: 0.200, IoU threshold: 0.70, Classes: 80, Max bboxes per class: 100, Image height: 640, Image width: 640) >> (UserBufQEl_post_infer0yolov8s/yolov8_nms_postprocess | timeout: 10s)
[2026-06-09 13:19:54.626] [6692] [HailoRT] [info] [vdevice_native_stream.cpp:331] [read_impl] Failed read from stream HAILO_STREAM_ABORT(63) (device: 0001:01:00.0)
[2026-06-09 13:19:54.626] [6693] [HailoRT] [info] [vdevice_native_stream.cpp:331] [read_impl] Failed read from stream HAILO_STREAM_ABORT(63) (device: 0001:01:00.0)
[2026-06-09 13:19:54.626] [6693] [HailoRT] [info] [edge_elements.cpp:396] [run_pull] Reading from stream was aborted!
[2026-06-09 13:19:54.626] [6695] [HailoRT] [info] [queue_elements.cpp:734] [run_in_thread] Shutdown event was signaled in run_pull of queue element PullQEl_nms3yolov8s/conv62_97!
[2026-06-09 13:19:54.626] [6693] [HailoRT] [info] [queue_elements.cpp:738] [run_in_thread] run_pull of queue element PullQEl_nms1yolov8s/conv52_97 was aborted!
[2026-06-09 13:19:54.626] [6691] [HailoRT] [info] [vdevice_native_stream.cpp:331] [read_impl] Failed read from stream HAILO_STREAM_ABORT(63) (device: 0001:01:00.0)
[2026-06-09 13:19:54.626] [6696] [HailoRT] [info] [queue_elements.cpp:734] [run_in_thread] Shutdown event was signaled in run_pull of queue element PullQEl_nms2yolov8s/conv63_97!
[2026-06-09 13:19:54.626] [6691] [HailoRT] [info] [edge_elements.cpp:396] [run_pull] Reading from stream was aborted!
[2026-06-09 13:19:54.626] [6692] [HailoRT] [info] [edge_elements.cpp:396] [run_pull] Reading from stream was aborted!
[2026-06-09 13:19:54.626] [6694] [HailoRT] [info] [queue_elements.cpp:734] [run_in_thread] Shutdown event was signaled in run_pull of queue element PullQEl_nms0yolov8s/conv53_97!
[2026-06-09 13:19:54.626] [6691] [HailoRT] [info] [queue_elements.cpp:738] [run_in_thread] run_pull of queue element PullQEl_nms9yolov8s/conv41_97 was aborted!
[2026-06-09 13:19:54.626] [6692] [HailoRT] [info] [queue_elements.cpp:738] [run_in_thread] run_pull of queue element PullQEl_nms7yolov8s/conv42_97 was aborted!
[2026-06-09 13:19:54.626] [6697] [HailoRT] [info] [queue_elements.cpp:68] [operator()] Thread in element UserBufQEl_post_infer0yolov8s/yolov8_nms_postprocess is not running anymore, exiting..
[2026-06-09 13:19:54.626] [2224] [HailoRT] [info] [queue_elements.cpp:46] [~BaseQueueElement] Queue element UserBufQEl_post_infer0yolov8s/yolov8_nms_postprocess has 0 frames in his Queue on destruction
[2026-06-09 13:19:54.626] [6696] [HailoRT] [info] [queue_elements.cpp:68] [operator()] Thread in element PullQEl_nms2yolov8s/conv63_97 is not running anymore, exiting..
[2026-06-09 13:19:54.626] [2224] [HailoRT] [info] [queue_elements.cpp:46] [~BaseQueueElement] Queue element PullQEl_nms2yolov8s/conv63_97 has 0 frames in his Queue on destruction
[2026-06-09 13:19:54.626] [6695] [HailoRT] [info] [queue_elements.cpp:68] [operator()] Thread in element PullQEl_nms3yolov8s/conv62_97 is not running anymore, exiting..
[2026-06-09 13:19:54.626] [2224] [HailoRT] [info] [queue_elements.cpp:46] [~BaseQueueElement] Queue element PullQEl_nms3yolov8s/conv62_97 has 0 frames in his Queue on destruction
[2026-06-09 13:19:54.626] [6694] [HailoRT] [info] [queue_elements.cpp:68] [operator()] Thread in element PullQEl_nms0yolov8s/conv53_97 is not running anymore, exiting..
[2026-06-09 13:19:54.626] [2224] [HailoRT] [info] [queue_elements.cpp:46] [~BaseQueueElement] Queue element PullQEl_nms0yolov8s/conv53_97 has 0 frames in his Queue on destruction
[2026-06-09 13:19:54.626] [6693] [HailoRT] [info] [queue_elements.cpp:68] [operator()] Thread in element PullQEl_nms1yolov8s/conv52_97 is not running anymore, exiting..
[2026-06-09 13:19:54.626] [2224] [HailoRT] [info] [queue_elements.cpp:46] [~BaseQueueElement] Queue element PullQEl_nms1yolov8s/conv52_97 has 0 frames in his Queue on destruction
[2026-06-09 13:19:54.626] [6692] [HailoRT] [info] [queue_elements.cpp:68] [operator()] Thread in element PullQEl_nms7yolov8s/conv42_97 is not running anymore, exiting..
[2026-06-09 13:19:54.626] [2224] [HailoRT] [info] [queue_elements.cpp:46] [~BaseQueueElement] Queue element PullQEl_nms7yolov8s/conv42_97 has 0 frames in his Queue on destruction
[2026-06-09 13:19:54.626] [6691] [HailoRT] [info] [queue_elements.cpp:68] [operator()] Thread in element PullQEl_nms9yolov8s/conv41_97 is not running anymore, exiting..
[2026-06-09 13:19:54.626] [2224] [HailoRT] [info] [queue_elements.cpp:46] [~BaseQueueElement] Queue element PullQEl_nms9yolov8s/conv41_97 has 0 frames in his Queue on destruction
[2026-06-09 13:19:54.626] [6690] [HailoRT] [info] [queue_elements.cpp:68] [operator()] Thread in element PushQEl3yolov8s/input_layer1 is not running anymore, exiting..
[2026-06-09 13:19:54.626] [2224] [HailoRT] [info] [queue_elements.cpp:46] [~BaseQueueElement] Queue element PushQEl3yolov8s/input_layer1 has 0 frames in his Queue on destruction
[2026-06-09 13:19:54.627] [2224] [HailoRT] [info] [core_op.cpp:186] [deactivate] Deactivating took 0.597024 ms
[2026-06-09 13:19:54.627] [2224] [HailoRT] [info] [core_op.cpp:186] [deactivate] Deactivating took 0.623096 ms
[2026-06-09 13:19:57.481] [2224] [HailoRT] [info] [core_op.cpp:156] [activate] Activating yolov8s took 0.734005 milliseconds. Note that the function is asynchronous and thus the network is not fully activated yet.
[2026-06-09 13:19:57.481] [2224] [HailoRT] [info] [core_op.cpp:156] [activate] Activating yolov8s took 0.762094 milliseconds. Note that the function is asynchronous and thus the network is not fully activated yet.
[2026-06-09 13:19:57.481] [2224] [HailoRT] [info] [edge_elements.cpp:52] [create] Created (HwWriteEl3yolov8s/input_layer1 | hw_frame_size: 1228800)
[2026-06-09 13:19:57.481] [2224] [HailoRT] [info] [queue_elements.cpp:284] [create] Created (PushQEl3yolov8s/input_layer1 | timeout: 10s)
[2026-06-09 13:19:57.481] [2224] [HailoRT] [info] [filter_elements.cpp:101] [create] Created (PreInferEl3yolov8s/input_layer1 | Reorder - src_order: NHWC, src_shape: (640, 640, 3), dst_order: NHCW, dst_shape: (640, 640, 3))
[2026-06-09 13:19:57.481] [2224] [HailoRT] [info] [vstream.cpp:754] [InputVStreamImpl] Creating yolov8s/input_layer1...
[2026-06-09 13:19:57.481] [2224] [HailoRT] [info] [vstream_builder.cpp:102] [create_inputs] Input pipeline 'yolov8s/input_layer1': (PreInferEl3yolov8s/input_layer1 | Reorder - src_order: NHWC, src_shape: (640, 640, 3), dst_order: NHCW, dst_shape: (640, 640, 3)) >> (PushQEl3yolov8s/input_layer1 | timeout: 10s) >> (HwWriteEl3yolov8s/input_layer1 | hw_frame_size: 1228800) >> HW
[2026-06-09 13:19:57.481] [2224] [HailoRT] [info] [multi_io_elements.cpp:135] [create] Created (NmsPPMuxEl0YOLOV8-Post-Process | Op YOLOV8, Name: YOLOV8-Post-Process, Score threshold: 0.200, IoU threshold: 0.70, Classes: 80, Max bboxes per class: 100, Image height: 640, Image width: 640)
[2026-06-09 13:19:57.481] [2224] [HailoRT] [info] [edge_elements.cpp:287] [create] Created (HwReadEl9yolov8s/conv41_97 | hw_frame_size: 409600)
[2026-06-09 13:19:57.481] [2224] [HailoRT] [info] [queue_elements.cpp:657] [create] Created (PullQEl_nms9yolov8s/conv41_97 | timeout: 10s)
[2026-06-09 13:19:57.481] [2224] [HailoRT] [info] [edge_elements.cpp:287] [create] Created (HwReadEl7yolov8s/conv42_97 | hw_frame_size: 512000)
[2026-06-09 13:19:57.481] [2224] [HailoRT] [info] [queue_elements.cpp:657] [create] Created (PullQEl_nms7yolov8s/conv42_97 | timeout: 10s)
[2026-06-09 13:19:57.481] [2224] [HailoRT] [info] [edge_elements.cpp:287] [create] Created (HwReadEl1yolov8s/conv52_97 | hw_frame_size: 102400)
[2026-06-09 13:19:57.481] [2224] [HailoRT] [info] [queue_elements.cpp:657] [create] Created (PullQEl_nms1yolov8s/conv52_97 | timeout: 10s)
[2026-06-09 13:19:57.481] [2224] [HailoRT] [info] [edge_elements.cpp:287] [create] Created (HwReadEl0yolov8s/conv53_97 | hw_frame_size: 128000)
[2026-06-09 13:19:57.481] [2224] [HailoRT] [info] [queue_elements.cpp:657] [create] Created (PullQEl_nms0yolov8s/conv53_97 | timeout: 10s)
[2026-06-09 13:19:57.481] [2224] [HailoRT] [info] [edge_elements.cpp:287] [create] Created (HwReadEl3yolov8s/conv62_97 | hw_frame_size: 30720)
[2026-06-09 13:19:57.481] [2224] [HailoRT] [info] [queue_elements.cpp:657] [create] Created (PullQEl_nms3yolov8s/conv62_97 | timeout: 10s)
[2026-06-09 13:19:57.481] [2224] [HailoRT] [info] [edge_elements.cpp:287] [create] Created (HwReadEl2yolov8s/conv63_97 | hw_frame_size: 38400)
[2026-06-09 13:19:57.482] [2224] [HailoRT] [info] [queue_elements.cpp:657] [create] Created (PullQEl_nms2yolov8s/conv63_97 | timeout: 10s)
[2026-06-09 13:19:57.482] [2224] [HailoRT] [info] [queue_elements.cpp:800] [create] Created (UserBufQEl_post_infer0yolov8s/yolov8_nms_postprocess | timeout: 10s)
[2026-06-09 13:19:57.482] [2224] [HailoRT] [info] [vstream.cpp:1114] [OutputVStreamImpl] Creating yolov8s/yolov8_nms_postprocess...
[2026-06-09 13:19:57.482] [2224] [HailoRT] [info] [vstream_builder.cpp:622] [create_output_post_process_nms] Output pipeline 'yolov8s/yolov8_nms_postprocess': HW >> (HwReadEl9yolov8s/conv41_97 | hw_frame_size: 409600) >> (PullQEl_nms9yolov8s/conv41_97) >> (HwReadEl7yolov8s/conv42_97 | hw_frame_size: 512000) >> (PullQEl_nms7yolov8s/conv42_97) >> (HwReadEl1yolov8s/conv52_97 | hw_frame_size: 102400) >> (PullQEl_nms1yolov8s/conv52_97) >> (HwReadEl0yolov8s/conv53_97 | hw_frame_size: 128000) >> (PullQEl_nms0yolov8s/conv53_97) >> (HwReadEl3yolov8s/conv62_97 | hw_frame_size: 30720) >> (PullQEl_nms3yolov8s/conv62_97) >> (HwReadEl2yolov8s/conv63_97 | hw_frame_size: 38400) >> (PullQEl_nms2yolov8s/conv63_97) >> (NmsPPMuxEl0YOLOV8-Post-Process | Op YOLOV8, Name: YOLOV8-Post-Process, Score threshold: 0.200, IoU threshold: 0.70, Classes: 80, Max bboxes per class: 100, Image height: 640, Image width: 640) >> (UserBufQEl_post_infer0yolov8s/yolov8_nms_postprocess | timeout: 10s)
[2026-06-09 13:19:57.482] [6717] [HailoRT] [info] [vdevice_native_stream.cpp:331] [read_impl] Failed read from stream HAILO_STREAM_ABORT(63) (device: 0001:01:00.0)
[2026-06-09 13:19:57.482] [6719] [HailoRT] [info] [vdevice_native_stream.cpp:331] [read_impl] Failed read from stream HAILO_STREAM_ABORT(63) (device: 0001:01:00.0)
[2026-06-09 13:19:57.482] [6721] [HailoRT] [info] [queue_elements.cpp:734] [run_in_thread] Shutdown event was signaled in run_pull of queue element PullQEl_nms3yolov8s/conv62_97!
[2026-06-09 13:19:57.482] [6719] [HailoRT] [info] [edge_elements.cpp:396] [run_pull] Reading from stream was aborted!
[2026-06-09 13:19:57.482] [6717] [HailoRT] [info] [edge_elements.cpp:396] [run_pull] Reading from stream was aborted!
[2026-06-09 13:19:57.482] [6719] [HailoRT] [info] [queue_elements.cpp:738] [run_in_thread] run_pull of queue element PullQEl_nms1yolov8s/conv52_97 was aborted!
[2026-06-09 13:19:57.482] [6718] [HailoRT] [info] [vdevice_native_stream.cpp:331] [read_impl] Failed read from stream HAILO_STREAM_ABORT(63) (device: 0001:01:00.0)
[2026-06-09 13:19:57.482] [6717] [HailoRT] [info] [queue_elements.cpp:738] [run_in_thread] run_pull of queue element PullQEl_nms9yolov8s/conv41_97 was aborted!
[2026-06-09 13:19:57.482] [6720] [HailoRT] [info] [vdevice_native_stream.cpp:331] [read_impl] Failed read from stream HAILO_STREAM_ABORT(63) (device: 0001:01:00.0)
[2026-06-09 13:19:57.482] [6722] [HailoRT] [info] [vdevice_native_stream.cpp:331] [read_impl] Failed read from stream HAILO_STREAM_ABORT(63) (device: 0001:01:00.0)
[2026-06-09 13:19:57.482] [6722] [HailoRT] [info] [edge_elements.cpp:396] [run_pull] Reading from stream was aborted!
[2026-06-09 13:19:57.482] [6720] [HailoRT] [info] [edge_elements.cpp:396] [run_pull] Reading from stream was aborted!
[2026-06-09 13:19:57.482] [6718] [HailoRT] [info] [edge_elements.cpp:396] [run_pull] Reading from stream was aborted!
[2026-06-09 13:19:57.482] [6722] [HailoRT] [info] [queue_elements.cpp:738] [run_in_thread] run_pull of queue element PullQEl_nms2yolov8s/conv63_97 was aborted!
[2026-06-09 13:19:57.482] [6720] [HailoRT] [info] [queue_elements.cpp:738] [run_in_thread] run_pull of queue element PullQEl_nms0yolov8s/conv53_97 was aborted!
[2026-06-09 13:19:57.482] [6718] [HailoRT] [info] [queue_elements.cpp:738] [run_in_thread] run_pull of queue element PullQEl_nms7yolov8s/conv42_97 was aborted!
[2026-06-09 13:19:57.482] [6723] [HailoRT] [info] [queue_elements.cpp:68] [operator()] Thread in element UserBufQEl_post_infer0yolov8s/yolov8_nms_postprocess is not running anymore, exiting..
[2026-06-09 13:19:57.482] [2224] [HailoRT] [info] [queue_elements.cpp:46] [~BaseQueueElement] Queue element UserBufQEl_post_infer0yolov8s/yolov8_nms_postprocess has 0 frames in his Queue on destruction
[2026-06-09 13:19:57.482] [6722] [HailoRT] [info] [queue_elements.cpp:68] [operator()] Thread in element PullQEl_nms2yolov8s/conv63_97 is not running anymore, exiting..
[2026-06-09 13:19:57.482] [2224] [HailoRT] [info] [queue_elements.cpp:46] [~BaseQueueElement] Queue element PullQEl_nms2yolov8s/conv63_97 has 0 frames in his Queue on destruction
[2026-06-09 13:19:57.482] [6721] [HailoRT] [info] [queue_elements.cpp:68] [operator()] Thread in element PullQEl_nms3yolov8s/conv62_97 is not running anymore, exiting..
[2026-06-09 13:19:57.482] [2224] [HailoRT] [info] [queue_elements.cpp:46] [~BaseQueueElement] Queue element PullQEl_nms3yolov8s/conv62_97 has 0 frames in his Queue on destruction
[2026-06-09 13:19:57.482] [6720] [HailoRT] [info] [queue_elements.cpp:68] [operator()] Thread in element PullQEl_nms0yolov8s/conv53_97 is not running anymore, exiting..
[2026-06-09 13:19:57.482] [2224] [HailoRT] [info] [queue_elements.cpp:46] [~BaseQueueElement] Queue element PullQEl_nms0yolov8s/conv53_97 has 0 frames in his Queue on destruction
[2026-06-09 13:19:57.482] [6719] [HailoRT] [info] [queue_elements.cpp:68] [operator()] Thread in element PullQEl_nms1yolov8s/conv52_97 is not running anymore, exiting..
[2026-06-09 13:19:57.482] [2224] [HailoRT] [info] [queue_elements.cpp:46] [~BaseQueueElement] Queue element PullQEl_nms1yolov8s/conv52_97 has 0 frames in his Queue on destruction
[2026-06-09 13:19:57.482] [6718] [HailoRT] [info] [queue_elements.cpp:68] [operator()] Thread in element PullQEl_nms7yolov8s/conv42_97 is not running anymore, exiting..
[2026-06-09 13:19:57.482] [2224] [HailoRT] [info] [queue_elements.cpp:46] [~BaseQueueElement] Queue element PullQEl_nms7yolov8s/conv42_97 has 0 frames in his Queue on destruction
[2026-06-09 13:19:57.482] [6717] [HailoRT] [info] [queue_elements.cpp:68] [operator()] Thread in element PullQEl_nms9yolov8s/conv41_97 is not running anymore, exiting..
[2026-06-09 13:19:57.482] [2224] [HailoRT] [info] [queue_elements.cpp:46] [~BaseQueueElement] Queue element PullQEl_nms9yolov8s/conv41_97 has 0 frames in his Queue on destruction
[2026-06-09 13:19:57.482] [6716] [HailoRT] [info] [queue_elements.cpp:68] [operator()] Thread in element PushQEl3yolov8s/input_layer1 is not running anymore, exiting..
[2026-06-09 13:19:57.482] [2224] [HailoRT] [info] [queue_elements.cpp:46] [~BaseQueueElement] Queue element PushQEl3yolov8s/input_layer1 has 0 frames in his Queue on destruction
[2026-06-09 13:19:57.483] [2224] [HailoRT] [info] [core_op.cpp:186] [deactivate] Deactivating took 0.58756 ms
[2026-06-09 13:19:57.483] [2224] [HailoRT] [info] [core_op.cpp:186] [deactivate] Deactivating took 0.595504 ms
[2026-06-09 13:20:00.166] [2224] [HailoRT] [info] [core_op.cpp:156] [activate] Activating yolov8s took 0.729652 milliseconds. Note that the function is asynchronous and thus the network is not fully activated yet.
[2026-06-09 13:20:00.166] [2224] [HailoRT] [info] [core_op.cpp:156] [activate] Activating yolov8s took 0.756463 milliseconds. Note that the function is asynchronous and thus the network is not fully activated yet.
[2026-06-09 13:20:00.167] [2224] [HailoRT] [info] [edge_elements.cpp:52] [create] Created (HwWriteEl3yolov8s/input_layer1 | hw_frame_size: 1228800)
[2026-06-09 13:20:00.167] [2224] [HailoRT] [info] [queue_elements.cpp:284] [create] Created (PushQEl3yolov8s/input_layer1 | timeout: 10s)
[2026-06-09 13:20:00.167] [2224] [HailoRT] [info] [filter_elements.cpp:101] [create] Created (PreInferEl3yolov8s/input_layer1 | Reorder - src_order: NHWC, src_shape: (640, 640, 3), dst_order: NHCW, dst_shape: (640, 640, 3))
[2026-06-09 13:20:00.167] [2224] [HailoRT] [info] [vstream.cpp:754] [InputVStreamImpl] Creating yolov8s/input_layer1...
[2026-06-09 13:20:00.167] [2224] [HailoRT] [info] [vstream_builder.cpp:102] [create_inputs] Input pipeline 'yolov8s/input_layer1': (PreInferEl3yolov8s/input_layer1 | Reorder - src_order: NHWC, src_shape: (640, 640, 3), dst_order: NHCW, dst_shape: (640, 640, 3)) >> (PushQEl3yolov8s/input_layer1 | timeout: 10s) >> (HwWriteEl3yolov8s/input_layer1 | hw_frame_size: 1228800) >> HW
[2026-06-09 13:20:00.167] [2224] [HailoRT] [info] [multi_io_elements.cpp:135] [create] Created (NmsPPMuxEl0YOLOV8-Post-Process | Op YOLOV8, Name: YOLOV8-Post-Process, Score threshold: 0.200, IoU threshold: 0.70, Classes: 80, Max bboxes per class: 100, Image height: 640, Image width: 640)
[2026-06-09 13:20:00.167] [2224] [HailoRT] [info] [edge_elements.cpp:287] [create] Created (HwReadEl9yolov8s/conv41_97 | hw_frame_size: 409600)
[2026-06-09 13:20:00.167] [2224] [HailoRT] [info] [queue_elements.cpp:657] [create] Created (PullQEl_nms9yolov8s/conv41_97 | timeout: 10s)
[2026-06-09 13:20:00.167] [2224] [HailoRT] [info] [edge_elements.cpp:287] [create] Created (HwReadEl7yolov8s/conv42_97 | hw_frame_size: 512000)
[2026-06-09 13:20:00.167] [2224] [HailoRT] [info] [queue_elements.cpp:657] [create] Created (PullQEl_nms7yolov8s/conv42_97 | timeout: 10s)
[2026-06-09 13:20:00.167] [2224] [HailoRT] [info] [edge_elements.cpp:287] [create] Created (HwReadEl1yolov8s/conv52_97 | hw_frame_size: 102400)
[2026-06-09 13:20:00.167] [2224] [HailoRT] [info] [queue_elements.cpp:657] [create] Created (PullQEl_nms1yolov8s/conv52_97 | timeout: 10s)
[2026-06-09 13:20:00.167] [2224] [HailoRT] [info] [edge_elements.cpp:287] [create] Created (HwReadEl0yolov8s/conv53_97 | hw_frame_size: 128000)
[2026-06-09 13:20:00.167] [2224] [HailoRT] [info] [queue_elements.cpp:657] [create] Created (PullQEl_nms0yolov8s/conv53_97 | timeout: 10s)
[2026-06-09 13:20:00.167] [2224] [HailoRT] [info] [edge_elements.cpp:287] [create] Created (HwReadEl3yolov8s/conv62_97 | hw_frame_size: 30720)
[2026-06-09 13:20:00.167] [2224] [HailoRT] [info] [queue_elements.cpp:657] [create] Created (PullQEl_nms3yolov8s/conv62_97 | timeout: 10s)
[2026-06-09 13:20:00.167] [2224] [HailoRT] [info] [edge_elements.cpp:287] [create] Created (HwReadEl2yolov8s/conv63_97 | hw_frame_size: 38400)
[2026-06-09 13:20:00.167] [2224] [HailoRT] [info] [queue_elements.cpp:657] [create] Created (PullQEl_nms2yolov8s/conv63_97 | timeout: 10s)
[2026-06-09 13:20:00.167] [2224] [HailoRT] [info] [queue_elements.cpp:800] [create] Created (UserBufQEl_post_infer0yolov8s/yolov8_nms_postprocess | timeout: 10s)
[2026-06-09 13:20:00.167] [2224] [HailoRT] [info] [vstream.cpp:1114] [OutputVStreamImpl] Creating yolov8s/yolov8_nms_postprocess...
[2026-06-09 13:20:00.167] [2224] [HailoRT] [info] [vstream_builder.cpp:622] [create_output_post_process_nms] Output pipeline 'yolov8s/yolov8_nms_postprocess': HW >> (HwReadEl9yolov8s/conv41_97 | hw_frame_size: 409600) >> (PullQEl_nms9yolov8s/conv41_97) >> (HwReadEl7yolov8s/conv42_97 | hw_frame_size: 512000) >> (PullQEl_nms7yolov8s/conv42_97) >> (HwReadEl1yolov8s/conv52_97 | hw_frame_size: 102400) >> (PullQEl_nms1yolov8s/conv52_97) >> (HwReadEl0yolov8s/conv53_97 | hw_frame_size: 128000) >> (PullQEl_nms0yolov8s/conv53_97) >> (HwReadEl3yolov8s/conv62_97 | hw_frame_size: 30720) >> (PullQEl_nms3yolov8s/conv62_97) >> (HwReadEl2yolov8s/conv63_97 | hw_frame_size: 38400) >> (PullQEl_nms2yolov8s/conv63_97) >> (NmsPPMuxEl0YOLOV8-Post-Process | Op YOLOV8, Name: YOLOV8-Post-Process, Score threshold: 0.200, IoU threshold: 0.70, Classes: 80, Max bboxes per class: 100, Image height: 640, Image width: 640) >> (UserBufQEl_post_infer0yolov8s/yolov8_nms_postprocess | timeout: 10s)
[2026-06-09 13:20:00.167] [6739] [HailoRT] [info] [vdevice_native_stream.cpp:331] [read_impl] Failed read from stream HAILO_STREAM_ABORT(63) (device: 0001:01:00.0)
[2026-06-09 13:20:00.167] [6743] [HailoRT] [info] [vdevice_native_stream.cpp:331] [read_impl] Failed read from stream HAILO_STREAM_ABORT(63) (device: 0001:01:00.0)
[2026-06-09 13:20:00.167] [6743] [HailoRT] [info] [edge_elements.cpp:396] [run_pull] Reading from stream was aborted!
[2026-06-09 13:20:00.167] [6741] [HailoRT] [info] [queue_elements.cpp:734] [run_in_thread] Shutdown event was signaled in run_pull of queue element PullQEl_nms0yolov8s/conv53_97!
[2026-06-09 13:20:00.167] [6743] [HailoRT] [info] [queue_elements.cpp:738] [run_in_thread] run_pull of queue element PullQEl_nms2yolov8s/conv63_97 was aborted!
[2026-06-09 13:20:00.167] [6738] [HailoRT] [info] [vdevice_native_stream.cpp:331] [read_impl] Failed read from stream HAILO_STREAM_ABORT(63) (device: 0001:01:00.0)
[2026-06-09 13:20:00.167] [6740] [HailoRT] [info] [vdevice_native_stream.cpp:331] [read_impl] Failed read from stream HAILO_STREAM_ABORT(63) (device: 0001:01:00.0)
[2026-06-09 13:20:00.167] [6738] [HailoRT] [info] [edge_elements.cpp:396] [run_pull] Reading from stream was aborted!
[2026-06-09 13:20:00.167] [6740] [HailoRT] [info] [edge_elements.cpp:396] [run_pull] Reading from stream was aborted!
[2026-06-09 13:20:00.167] [6739] [HailoRT] [info] [edge_elements.cpp:396] [run_pull] Reading from stream was aborted!
[2026-06-09 13:20:00.167] [6738] [HailoRT] [info] [queue_elements.cpp:738] [run_in_thread] run_pull of queue element PullQEl_nms9yolov8s/conv41_97 was aborted!
[2026-06-09 13:20:00.167] [6742] [HailoRT] [info] [vdevice_native_stream.cpp:331] [read_impl] Failed read from stream HAILO_STREAM_ABORT(63) (device: 0001:01:00.0)
[2026-06-09 13:20:00.167] [6740] [HailoRT] [info] [queue_elements.cpp:738] [run_in_thread] run_pull of queue element PullQEl_nms1yolov8s/conv52_97 was aborted!
[2026-06-09 13:20:00.167] [6742] [HailoRT] [info] [edge_elements.cpp:396] [run_pull] Reading from stream was aborted!
[2026-06-09 13:20:00.167] [6739] [HailoRT] [info] [queue_elements.cpp:738] [run_in_thread] run_pull of queue element PullQEl_nms7yolov8s/conv42_97 was aborted!
[2026-06-09 13:20:00.167] [6742] [HailoRT] [info] [queue_elements.cpp:738] [run_in_thread] run_pull of queue element PullQEl_nms3yolov8s/conv62_97 was aborted!
[2026-06-09 13:20:00.167] [6744] [HailoRT] [info] [queue_elements.cpp:68] [operator()] Thread in element UserBufQEl_post_infer0yolov8s/yolov8_nms_postprocess is not running anymore, exiting..
[2026-06-09 13:20:00.167] [2224] [HailoRT] [info] [queue_elements.cpp:46] [~BaseQueueElement] Queue element UserBufQEl_post_infer0yolov8s/yolov8_nms_postprocess has 0 frames in his Queue on destruction
[2026-06-09 13:20:00.167] [6743] [HailoRT] [info] [queue_elements.cpp:68] [operator()] Thread in element PullQEl_nms2yolov8s/conv63_97 is not running anymore, exiting..
[2026-06-09 13:20:00.167] [2224] [HailoRT] [info] [queue_elements.cpp:46] [~BaseQueueElement] Queue element PullQEl_nms2yolov8s/conv63_97 has 0 frames in his Queue on destruction
[2026-06-09 13:20:00.167] [6742] [HailoRT] [info] [queue_elements.cpp:68] [operator()] Thread in element PullQEl_nms3yolov8s/conv62_97 is not running anymore, exiting..
[2026-06-09 13:20:00.167] [2224] [HailoRT] [info] [queue_elements.cpp:46] [~BaseQueueElement] Queue element PullQEl_nms3yolov8s/conv62_97 has 0 frames in his Queue on destruction
[2026-06-09 13:20:00.167] [6741] [HailoRT] [info] [queue_elements.cpp:68] [operator()] Thread in element PullQEl_nms0yolov8s/conv53_97 is not running anymore, exiting..
[2026-06-09 13:20:00.167] [2224] [HailoRT] [info] [queue_elements.cpp:46] [~BaseQueueElement] Queue element PullQEl_nms0yolov8s/conv53_97 has 0 frames in his Queue on destruction
[2026-06-09 13:20:00.167] [6740] [HailoRT] [info] [queue_elements.cpp:68] [operator()] Thread in element PullQEl_nms1yolov8s/conv52_97 is not running anymore, exiting..
[2026-06-09 13:20:00.168] [2224] [HailoRT] [info] [queue_elements.cpp:46] [~BaseQueueElement] Queue element PullQEl_nms1yolov8s/conv52_97 has 0 frames in his Queue on destruction
[2026-06-09 13:20:00.168] [6739] [HailoRT] [info] [queue_elements.cpp:68] [operator()] Thread in element PullQEl_nms7yolov8s/conv42_97 is not running anymore, exiting..
[2026-06-09 13:20:00.168] [2224] [HailoRT] [info] [queue_elements.cpp:46] [~BaseQueueElement] Queue element PullQEl_nms7yolov8s/conv42_97 has 0 frames in his Queue on destruction
[2026-06-09 13:20:00.168] [6738] [HailoRT] [info] [queue_elements.cpp:68] [operator()] Thread in element PullQEl_nms9yolov8s/conv41_97 is not running anymore, exiting..
[2026-06-09 13:20:00.168] [2224] [HailoRT] [info] [queue_elements.cpp:46] [~BaseQueueElement] Queue element PullQEl_nms9yolov8s/conv41_97 has 0 frames in his Queue on destruction
[2026-06-09 13:20:00.168] [6737] [HailoRT] [info] [queue_elements.cpp:68] [operator()] Thread in element PushQEl3yolov8s/input_layer1 is not running anymore, exiting..
[2026-06-09 13:20:00.168] [2224] [HailoRT] [info] [queue_elements.cpp:46] [~BaseQueueElement] Queue element PushQEl3yolov8s/input_layer1 has 0 frames in his Queue on destruction
[2026-06-09 13:20:00.168] [2224] [HailoRT] [info] [core_op.cpp:186] [deactivate] Deactivating took 0.614776 ms
[2026-06-09 13:20:00.168] [2224] [HailoRT] [info] [core_op.cpp:186] [deactivate] Deactivating took 0.622608 ms
[2026-06-09 13:20:02.879] [2224] [HailoRT] [info] [core_op.cpp:156] [activate] Activating yolov8s took 0.898628 milliseconds. Note that the function is asynchronous and thus the network is not fully activated yet.
[2026-06-09 13:20:02.879] [2224] [HailoRT] [info] [core_op.cpp:156] [activate] Activating yolov8s took 0.928976 milliseconds. Note that the function is asynchronous and thus the network is not fully activated yet.
[2026-06-09 13:20:02.879] [2224] [HailoRT] [info] [edge_elements.cpp:52] [create] Created (HwWriteEl3yolov8s/input_layer1 | hw_frame_size: 1228800)
[2026-06-09 13:20:02.879] [2224] [HailoRT] [info] [queue_elements.cpp:284] [create] Created (PushQEl3yolov8s/input_layer1 | timeout: 10s)
[2026-06-09 13:20:02.879] [2224] [HailoRT] [info] [filter_elements.cpp:101] [create] Created (PreInferEl3yolov8s/input_layer1 | Reorder - src_order: NHWC, src_shape: (640, 640, 3), dst_order: NHCW, dst_shape: (640, 640, 3))
[2026-06-09 13:20:02.879] [2224] [HailoRT] [info] [vstream.cpp:754] [InputVStreamImpl] Creating yolov8s/input_layer1...
[2026-06-09 13:20:02.879] [2224] [HailoRT] [info] [vstream_builder.cpp:102] [create_inputs] Input pipeline 'yolov8s/input_layer1': (PreInferEl3yolov8s/input_layer1 | Reorder - src_order: NHWC, src_shape: (640, 640, 3), dst_order: NHCW, dst_shape: (640, 640, 3)) >> (PushQEl3yolov8s/input_layer1 | timeout: 10s) >> (HwWriteEl3yolov8s/input_layer1 | hw_frame_size: 1228800) >> HW
[2026-06-09 13:20:02.880] [2224] [HailoRT] [info] [multi_io_elements.cpp:135] [create] Created (NmsPPMuxEl0YOLOV8-Post-Process | Op YOLOV8, Name: YOLOV8-Post-Process, Score threshold: 0.200, IoU threshold: 0.70, Classes: 80, Max bboxes per class: 100, Image height: 640, Image width: 640)
[2026-06-09 13:20:02.880] [2224] [HailoRT] [info] [edge_elements.cpp:287] [create] Created (HwReadEl9yolov8s/conv41_97 | hw_frame_size: 409600)
[2026-06-09 13:20:02.880] [2224] [HailoRT] [info] [queue_elements.cpp:657] [create] Created (PullQEl_nms9yolov8s/conv41_97 | timeout: 10s)
[2026-06-09 13:20:02.880] [2224] [HailoRT] [info] [edge_elements.cpp:287] [create] Created (HwReadEl7yolov8s/conv42_97 | hw_frame_size: 512000)
[2026-06-09 13:20:02.880] [2224] [HailoRT] [info] [queue_elements.cpp:657] [create] Created (PullQEl_nms7yolov8s/conv42_97 | timeout: 10s)
[2026-06-09 13:20:02.880] [2224] [HailoRT] [info] [edge_elements.cpp:287] [create] Created (HwReadEl1yolov8s/conv52_97 | hw_frame_size: 102400)
[2026-06-09 13:20:02.880] [2224] [HailoRT] [info] [queue_elements.cpp:657] [create] Created (PullQEl_nms1yolov8s/conv52_97 | timeout: 10s)
[2026-06-09 13:20:02.880] [2224] [HailoRT] [info] [edge_elements.cpp:287] [create] Created (HwReadEl0yolov8s/conv53_97 | hw_frame_size: 128000)
[2026-06-09 13:20:02.880] [2224] [HailoRT] [info] [queue_elements.cpp:657] [create] Created (PullQEl_nms0yolov8s/conv53_97 | timeout: 10s)
[2026-06-09 13:20:02.880] [2224] [HailoRT] [info] [edge_elements.cpp:287] [create] Created (HwReadEl3yolov8s/conv62_97 | hw_frame_size: 30720)
[2026-06-09 13:20:02.880] [2224] [HailoRT] [info] [queue_elements.cpp:657] [create] Created (PullQEl_nms3yolov8s/conv62_97 | timeout: 10s)
[2026-06-09 13:20:02.880] [2224] [HailoRT] [info] [edge_elements.cpp:287] [create] Created (HwReadEl2yolov8s/conv63_97 | hw_frame_size: 38400)
[2026-06-09 13:20:02.880] [2224] [HailoRT] [info] [queue_elements.cpp:657] [create] Created (PullQEl_nms2yolov8s/conv63_97 | timeout: 10s)
[2026-06-09 13:20:02.880] [2224] [HailoRT] [info] [queue_elements.cpp:800] [create] Created (UserBufQEl_post_infer0yolov8s/yolov8_nms_postprocess | timeout: 10s)
[2026-06-09 13:20:02.880] [2224] [HailoRT] [info] [vstream.cpp:1114] [OutputVStreamImpl] Creating yolov8s/yolov8_nms_postprocess...
[2026-06-09 13:20:02.880] [2224] [HailoRT] [info] [vstream_builder.cpp:622] [create_output_post_process_nms] Output pipeline 'yolov8s/yolov8_nms_postprocess': HW >> (HwReadEl9yolov8s/conv41_97 | hw_frame_size: 409600) >> (PullQEl_nms9yolov8s/conv41_97) >> (HwReadEl7yolov8s/conv42_97 | hw_frame_size: 512000) >> (PullQEl_nms7yolov8s/conv42_97) >> (HwReadEl1yolov8s/conv52_97 | hw_frame_size: 102400) >> (PullQEl_nms1yolov8s/conv52_97) >> (HwReadEl0yolov8s/conv53_97 | hw_frame_size: 128000) >> (PullQEl_nms0yolov8s/conv53_97) >> (HwReadEl3yolov8s/conv62_97 | hw_frame_size: 30720) >> (PullQEl_nms3yolov8s/conv62_97) >> (HwReadEl2yolov8s/conv63_97 | hw_frame_size: 38400) >> (PullQEl_nms2yolov8s/conv63_97) >> (NmsPPMuxEl0YOLOV8-Post-Process | Op YOLOV8, Name: YOLOV8-Post-Process, Score threshold: 0.200, IoU threshold: 0.70, Classes: 80, Max bboxes per class: 100, Image height: 640, Image width: 640) >> (UserBufQEl_post_infer0yolov8s/yolov8_nms_postprocess | timeout: 10s)
[2026-06-09 13:20:02.880] [6766] [HailoRT] [info] [vdevice_native_stream.cpp:331] [read_impl] Failed read from stream HAILO_STREAM_ABORT(63) (device: 0001:01:00.0)
[2026-06-09 13:20:02.880] [6768] [HailoRT] [info] [queue_elements.cpp:734] [run_in_thread] Shutdown event was signaled in run_pull of queue element PullQEl_nms0yolov8s/conv53_97!
[2026-06-09 13:20:02.880] [6766] [HailoRT] [info] [edge_elements.cpp:396] [run_pull] Reading from stream was aborted!
[2026-06-09 13:20:02.880] [6765] [HailoRT] [info] [vdevice_native_stream.cpp:331] [read_impl] Failed read from stream HAILO_STREAM_ABORT(63) (device: 0001:01:00.0)
[2026-06-09 13:20:02.880] [6766] [HailoRT] [info] [queue_elements.cpp:738] [run_in_thread] run_pull of queue element PullQEl_nms7yolov8s/conv42_97 was aborted!
[2026-06-09 13:20:02.880] [6765] [HailoRT] [info] [edge_elements.cpp:396] [run_pull] Reading from stream was aborted!
[2026-06-09 13:20:02.880] [6769] [HailoRT] [info] [queue_elements.cpp:734] [run_in_thread] Shutdown event was signaled in run_pull of queue element PullQEl_nms3yolov8s/conv62_97!
[2026-06-09 13:20:02.880] [6765] [HailoRT] [info] [queue_elements.cpp:738] [run_in_thread] run_pull of queue element PullQEl_nms9yolov8s/conv41_97 was aborted!
[2026-06-09 13:20:02.880] [6767] [HailoRT] [info] [vdevice_native_stream.cpp:331] [read_impl] Failed read from stream HAILO_STREAM_ABORT(63) (device: 0001:01:00.0)
[2026-06-09 13:20:02.880] [6767] [HailoRT] [info] [edge_elements.cpp:396] [run_pull] Reading from stream was aborted!
[2026-06-09 13:20:02.880] [6770] [HailoRT] [info] [vdevice_native_stream.cpp:331] [read_impl] Failed read from stream HAILO_STREAM_ABORT(63) (device: 0001:01:00.0)
[2026-06-09 13:20:02.880] [6770] [HailoRT] [info] [edge_elements.cpp:396] [run_pull] Reading from stream was aborted!
[2026-06-09 13:20:02.880] [6767] [HailoRT] [info] [queue_elements.cpp:738] [run_in_thread] run_pull of queue element PullQEl_nms1yolov8s/conv52_97 was aborted!
[2026-06-09 13:20:02.880] [6770] [HailoRT] [info] [queue_elements.cpp:738] [run_in_thread] run_pull of queue element PullQEl_nms2yolov8s/conv63_97 was aborted!
[2026-06-09 13:20:02.880] [6771] [HailoRT] [info] [queue_elements.cpp:68] [operator()] Thread in element UserBufQEl_post_infer0yolov8s/yolov8_nms_postprocess is not running anymore, exiting..
[2026-06-09 13:20:02.880] [2224] [HailoRT] [info] [queue_elements.cpp:46] [~BaseQueueElement] Queue element UserBufQEl_post_infer0yolov8s/yolov8_nms_postprocess has 0 frames in his Queue on destruction
[2026-06-09 13:20:02.880] [6770] [HailoRT] [info] [queue_elements.cpp:68] [operator()] Thread in element PullQEl_nms2yolov8s/conv63_97 is not running anymore, exiting..
[2026-06-09 13:20:02.880] [2224] [HailoRT] [info] [queue_elements.cpp:46] [~BaseQueueElement] Queue element PullQEl_nms2yolov8s/conv63_97 has 0 frames in his Queue on destruction
[2026-06-09 13:20:02.880] [6769] [HailoRT] [info] [queue_elements.cpp:68] [operator()] Thread in element PullQEl_nms3yolov8s/conv62_97 is not running anymore, exiting..
[2026-06-09 13:20:02.881] [2224] [HailoRT] [info] [queue_elements.cpp:46] [~BaseQueueElement] Queue element PullQEl_nms3yolov8s/conv62_97 has 0 frames in his Queue on destruction
[2026-06-09 13:20:02.881] [6768] [HailoRT] [info] [queue_elements.cpp:68] [operator()] Thread in element PullQEl_nms0yolov8s/conv53_97 is not running anymore, exiting..
[2026-06-09 13:20:02.881] [2224] [HailoRT] [info] [queue_elements.cpp:46] [~BaseQueueElement] Queue element PullQEl_nms0yolov8s/conv53_97 has 0 frames in his Queue on destruction
[2026-06-09 13:20:02.881] [6767] [HailoRT] [info] [queue_elements.cpp:68] [operator()] Thread in element PullQEl_nms1yolov8s/conv52_97 is not running anymore, exiting..
[2026-06-09 13:20:02.881] [2224] [HailoRT] [info] [queue_elements.cpp:46] [~BaseQueueElement] Queue element PullQEl_nms1yolov8s/conv52_97 has 0 frames in his Queue on destruction
[2026-06-09 13:20:02.881] [6766] [HailoRT] [info] [queue_elements.cpp:68] [operator()] Thread in element PullQEl_nms7yolov8s/conv42_97 is not running anymore, exiting..
[2026-06-09 13:20:02.881] [2224] [HailoRT] [info] [queue_elements.cpp:46] [~BaseQueueElement] Queue element PullQEl_nms7yolov8s/conv42_97 has 0 frames in his Queue on destruction
[2026-06-09 13:20:02.881] [6765] [HailoRT] [info] [queue_elements.cpp:68] [operator()] Thread in element PullQEl_nms9yolov8s/conv41_97 is not running anymore, exiting..
[2026-06-09 13:20:02.881] [2224] [HailoRT] [info] [queue_elements.cpp:46] [~BaseQueueElement] Queue element PullQEl_nms9yolov8s/conv41_97 has 0 frames in his Queue on destruction
[2026-06-09 13:20:02.881] [6764] [HailoRT] [info] [queue_elements.cpp:68] [operator()] Thread in element PushQEl3yolov8s/input_layer1 is not running anymore, exiting..
[2026-06-09 13:20:02.881] [2224] [HailoRT] [info] [queue_elements.cpp:46] [~BaseQueueElement] Queue element PushQEl3yolov8s/input_layer1 has 0 frames in his Queue on destruction
[2026-06-09 13:20:02.881] [2224] [HailoRT] [info] [core_op.cpp:186] [deactivate] Deactivating took 0.627199 ms
[2026-06-09 13:20:02.881] [2224] [HailoRT] [info] [core_op.cpp:186] [deactivate] Deactivating took 0.638124 ms
[2026-06-09 13:20:05.806] [2224] [HailoRT] [info] [core_op.cpp:156] [activate] Activating yolov8s took 0.771772 milliseconds. Note that the function is asynchronous and thus the network is not fully activated yet.
[2026-06-09 13:20:05.806] [2224] [HailoRT] [info] [core_op.cpp:156] [activate] Activating yolov8s took 0.798786 milliseconds. Note that the function is asynchronous and thus the network is not fully activated yet.
[2026-06-09 13:20:05.807] [2224] [HailoRT] [info] [edge_elements.cpp:52] [create] Created (HwWriteEl3yolov8s/input_layer1 | hw_frame_size: 1228800)
[2026-06-09 13:20:05.807] [2224] [HailoRT] [info] [queue_elements.cpp:284] [create] Created (PushQEl3yolov8s/input_layer1 | timeout: 10s)
[2026-06-09 13:20:05.807] [2224] [HailoRT] [info] [filter_elements.cpp:101] [create] Created (PreInferEl3yolov8s/input_layer1 | Reorder - src_order: NHWC, src_shape: (640, 640, 3), dst_order: NHCW, dst_shape: (640, 640, 3))
[2026-06-09 13:20:05.807] [2224] [HailoRT] [info] [vstream.cpp:754] [InputVStreamImpl] Creating yolov8s/input_layer1...
[2026-06-09 13:20:05.807] [2224] [HailoRT] [info] [vstream_builder.cpp:102] [create_inputs] Input pipeline 'yolov8s/input_layer1': (PreInferEl3yolov8s/input_layer1 | Reorder - src_order: NHWC, src_shape: (640, 640, 3), dst_order: NHCW, dst_shape: (640, 640, 3)) >> (PushQEl3yolov8s/input_layer1 | timeout: 10s) >> (HwWriteEl3yolov8s/input_layer1 | hw_frame_size: 1228800) >> HW
[2026-06-09 13:20:05.807] [2224] [HailoRT] [info] [multi_io_elements.cpp:135] [create] Created (NmsPPMuxEl0YOLOV8-Post-Process | Op YOLOV8, Name: YOLOV8-Post-Process, Score threshold: 0.200, IoU threshold: 0.70, Classes: 80, Max bboxes per class: 100, Image height: 640, Image width: 640)
[2026-06-09 13:20:05.807] [2224] [HailoRT] [info] [edge_elements.cpp:287] [create] Created (HwReadEl9yolov8s/conv41_97 | hw_frame_size: 409600)
[2026-06-09 13:20:05.807] [2224] [HailoRT] [info] [queue_elements.cpp:657] [create] Created (PullQEl_nms9yolov8s/conv41_97 | timeout: 10s)
[2026-06-09 13:20:05.807] [2224] [HailoRT] [info] [edge_elements.cpp:287] [create] Created (HwReadEl7yolov8s/conv42_97 | hw_frame_size: 512000)
[2026-06-09 13:20:05.807] [2224] [HailoRT] [info] [queue_elements.cpp:657] [create] Created (PullQEl_nms7yolov8s/conv42_97 | timeout: 10s)
[2026-06-09 13:20:05.807] [2224] [HailoRT] [info] [edge_elements.cpp:287] [create] Created (HwReadEl1yolov8s/conv52_97 | hw_frame_size: 102400)
[2026-06-09 13:20:05.807] [2224] [HailoRT] [info] [queue_elements.cpp:657] [create] Created (PullQEl_nms1yolov8s/conv52_97 | timeout: 10s)
[2026-06-09 13:20:05.807] [2224] [HailoRT] [info] [edge_elements.cpp:287] [create] Created (HwReadEl0yolov8s/conv53_97 | hw_frame_size: 128000)
[2026-06-09 13:20:05.807] [2224] [HailoRT] [info] [queue_elements.cpp:657] [create] Created (PullQEl_nms0yolov8s/conv53_97 | timeout: 10s)
[2026-06-09 13:20:05.807] [2224] [HailoRT] [info] [edge_elements.cpp:287] [create] Created (HwReadEl3yolov8s/conv62_97 | hw_frame_size: 30720)
[2026-06-09 13:20:05.807] [2224] [HailoRT] [info] [queue_elements.cpp:657] [create] Created (PullQEl_nms3yolov8s/conv62_97 | timeout: 10s)
[2026-06-09 13:20:05.807] [2224] [HailoRT] [info] [edge_elements.cpp:287] [create] Created (HwReadEl2yolov8s/conv63_97 | hw_frame_size: 38400)
[2026-06-09 13:20:05.807] [2224] [HailoRT] [info] [queue_elements.cpp:657] [create] Created (PullQEl_nms2yolov8s/conv63_97 | timeout: 10s)
[2026-06-09 13:20:05.807] [2224] [HailoRT] [info] [queue_elements.cpp:800] [create] Created (UserBufQEl_post_infer0yolov8s/yolov8_nms_postprocess | timeout: 10s)
[2026-06-09 13:20:05.807] [2224] [HailoRT] [info] [vstream.cpp:1114] [OutputVStreamImpl] Creating yolov8s/yolov8_nms_postprocess...
[2026-06-09 13:20:05.807] [2224] [HailoRT] [info] [vstream_builder.cpp:622] [create_output_post_process_nms] Output pipeline 'yolov8s/yolov8_nms_postprocess': HW >> (HwReadEl9yolov8s/conv41_97 | hw_frame_size: 409600) >> (PullQEl_nms9yolov8s/conv41_97) >> (HwReadEl7yolov8s/conv42_97 | hw_frame_size: 512000) >> (PullQEl_nms7yolov8s/conv42_97) >> (HwReadEl1yolov8s/conv52_97 | hw_frame_size: 102400) >> (PullQEl_nms1yolov8s/conv52_97) >> (HwReadEl0yolov8s/conv53_97 | hw_frame_size: 128000) >> (PullQEl_nms0yolov8s/conv53_97) >> (HwReadEl3yolov8s/conv62_97 | hw_frame_size: 30720) >> (PullQEl_nms3yolov8s/conv62_97) >> (HwReadEl2yolov8s/conv63_97 | hw_frame_size: 38400) >> (PullQEl_nms2yolov8s/conv63_97) >> (NmsPPMuxEl0YOLOV8-Post-Process | Op YOLOV8, Name: YOLOV8-Post-Process, Score threshold: 0.200, IoU threshold: 0.70, Classes: 80, Max bboxes per class: 100, Image height: 640, Image width: 640) >> (UserBufQEl_post_infer0yolov8s/yolov8_nms_postprocess | timeout: 10s)
[2026-06-09 13:20:05.807] [6790] [HailoRT] [info] [vdevice_native_stream.cpp:331] [read_impl] Failed read from stream HAILO_STREAM_ABORT(63) (device: 0001:01:00.0)
[2026-06-09 13:20:05.807] [6790] [HailoRT] [info] [edge_elements.cpp:396] [run_pull] Reading from stream was aborted!
[2026-06-09 13:20:05.807] [6793] [HailoRT] [info] [vdevice_native_stream.cpp:331] [read_impl] Failed read from stream HAILO_STREAM_ABORT(63) (device: 0001:01:00.0)
[2026-06-09 13:20:05.807] [6790] [HailoRT] [info] [queue_elements.cpp:738] [run_in_thread] run_pull of queue element PullQEl_nms7yolov8s/conv42_97 was aborted!
[2026-06-09 13:20:05.807] [6789] [HailoRT] [info] [vdevice_native_stream.cpp:331] [read_impl] Failed read from stream HAILO_STREAM_ABORT(63) (device: 0001:01:00.0)
[2026-06-09 13:20:05.807] [6789] [HailoRT] [info] [edge_elements.cpp:396] [run_pull] Reading from stream was aborted!
[2026-06-09 13:20:05.807] [6794] [HailoRT] [info] [vdevice_native_stream.cpp:331] [read_impl] Failed read from stream HAILO_STREAM_ABORT(63) (device: 0001:01:00.0)
[2026-06-09 13:20:05.807] [6789] [HailoRT] [info] [queue_elements.cpp:738] [run_in_thread] run_pull of queue element PullQEl_nms9yolov8s/conv41_97 was aborted!
[2026-06-09 13:20:05.807] [6794] [HailoRT] [info] [edge_elements.cpp:396] [run_pull] Reading from stream was aborted!
[2026-06-09 13:20:05.807] [6791] [HailoRT] [info] [vdevice_native_stream.cpp:331] [read_impl] Failed read from stream HAILO_STREAM_ABORT(63) (device: 0001:01:00.0)
[2026-06-09 13:20:05.807] [6792] [HailoRT] [info] [vdevice_native_stream.cpp:331] [read_impl] Failed read from stream HAILO_STREAM_ABORT(63) (device: 0001:01:00.0)
[2026-06-09 13:20:05.807] [6792] [HailoRT] [info] [edge_elements.cpp:396] [run_pull] Reading from stream was aborted!
[2026-06-09 13:20:05.807] [6791] [HailoRT] [info] [edge_elements.cpp:396] [run_pull] Reading from stream was aborted!
[2026-06-09 13:20:05.807] [6794] [HailoRT] [info] [queue_elements.cpp:738] [run_in_thread] run_pull of queue element PullQEl_nms2yolov8s/conv63_97 was aborted!
[2026-06-09 13:20:05.807] [6793] [HailoRT] [info] [edge_elements.cpp:396] [run_pull] Reading from stream was aborted!
[2026-06-09 13:20:05.807] [6792] [HailoRT] [info] [queue_elements.cpp:738] [run_in_thread] run_pull of queue element PullQEl_nms0yolov8s/conv53_97 was aborted!
[2026-06-09 13:20:05.807] [6793] [HailoRT] [info] [queue_elements.cpp:738] [run_in_thread] run_pull of queue element PullQEl_nms3yolov8s/conv62_97 was aborted!
[2026-06-09 13:20:05.807] [6791] [HailoRT] [info] [queue_elements.cpp:738] [run_in_thread] run_pull of queue element PullQEl_nms1yolov8s/conv52_97 was aborted!
[2026-06-09 13:20:05.807] [6795] [HailoRT] [info] [queue_elements.cpp:68] [operator()] Thread in element UserBufQEl_post_infer0yolov8s/yolov8_nms_postprocess is not running anymore, exiting..
[2026-06-09 13:20:05.807] [2224] [HailoRT] [info] [queue_elements.cpp:46] [~BaseQueueElement] Queue element UserBufQEl_post_infer0yolov8s/yolov8_nms_postprocess has 0 frames in his Queue on destruction
[2026-06-09 13:20:05.807] [6794] [HailoRT] [info] [queue_elements.cpp:68] [operator()] Thread in element PullQEl_nms2yolov8s/conv63_97 is not running anymore, exiting..
[2026-06-09 13:20:05.808] [2224] [HailoRT] [info] [queue_elements.cpp:46] [~BaseQueueElement] Queue element PullQEl_nms2yolov8s/conv63_97 has 0 frames in his Queue on destruction
[2026-06-09 13:20:05.808] [6793] [HailoRT] [info] [queue_elements.cpp:68] [operator()] Thread in element Pu